Key;English;French;German;Polish;Spanish;Italian;Swedish;Czech;Hungarian;Dutch;Portuguese;Russian;Finnish;
RUS_crimean_war_title;The Crimean War;;;;;;;;;;;;;
RUS_crimean_war_desc;Once again, the negotiations with the Byzantine Empire have broken down, and we are left with no choice but to seize Crimea by force. To arms!;;;;;;;;;;;;;
ADU_reclaim_frontier_title;Reclaim the Frontier;;;;;;;;;;;;;
ADU_reclaim_frontier_desc;During the Great Peninsular War of 1756-1777, the combined Leonese-Occitan armies have overwhelmed the forces of Al-Andalus and pushed us behind the Tagus river. Now, the time has come to cross the wretched river and liberate the Muslims under Spanish rule!;;;;;;;;;;;;;
trapezuntine_tea_title;Trapezuntine Tea;;;;;;;;;;;;;
trapezuntine_tea_desc;Despite the growing popularity of tea in $COUNTRY$, there are no tea producing provinces in our homeland. Now the microclimate region along the eastern coast of the Black Sea was identified by specialists as an ideal spot to start tea production, which will contribute to the task of fulfilling the growing demand for tea by the $COUNTRY_ADJ$ citizens.;;;;;;;;;;;;;
diplomacy_failed;Diplomacy has failed.;;;;;;;;;;;;;
RUS_develop_klyuchevsk_title;Develop Klyuchevsk;;;;;;;;;;;;;
RUS_develop_klyuchevsk_desc;Klyuchevsk, meaning "key town" in Russian, was founded on the Baltic Coast in 1732 in place of the old fortress of Oreshek. It was intended to be the primary Russian port on the Baltic, however, the marshes around the river Neva turned out to be too costly to drain, so the construction was subsequently abandoned and the town remained relatively small. Now, however, we have the necessary technologies to finally bring the city to its intended glory.;;;;;;;;;;;;;
unite_the_yue_title;Unite the Yue;;;;;;;;;;;;;
unite_the_yue_desc;Our Northern neighbours are finally waking up from their slumber. This means that things cannot continue the way they are right now: the division between Nanyue and Minyue must end. We must unify the Yue and create a prosperous realm in the South!;;;;;;;;;;;;;
YUE_annex_taiwan_title;Integrate Taiwan;;;;;;;;;;;;;
YUE_annex_taiwan_desc;When the Ming dynasty fell, the island of Taiwan was seized by imperial loyalists, who established the Tungning kingdom with Koxinga in charge. We have since ignored the island, being content with a simple poorly-enforced blockade on these morons with delusional ideas of 'imperial restoration'. Things are much different now, and we must finally end the status quo and properly integrate the valuable island into our realm.;;;;;;;;;;;;;
YUE_annam_hegemony_title;Hegemony in Annam;;;;;;;;;;;;;
YUE_annam_hegemony_desc;The Kingdom of Nanyue of old held the entirety of modern Tonkin and Annam, enjoying the hegemony over the Gulf of Tonkin and the lucrative trade here. With the Dainamese people being quite culturally similar to us, we can finally finish what was started almost a century ago and incorporate the Nguyen kingdom into our realm.;;;;;;;;;;;;;
YUE_formalize_southern_borders_title;Formalize Southern Borders;;;;;;;;;;;;;
YUE_formalize_southern_borders_desc;Having secured the loyalty of the Dainamese, we may now turn our attention to securing the flanks of our newly-conquered lands. The opportunistic Lao tribes, despite being pushed back significantly, still hold the high ground over Tonkin, and the Dali kings rule over a large amount of Zhuang peoples, who would much rather stay with us.;;;;;;;;;;;;;
YUE_northern_expedition_title;Northern Expedition;;;;;;;;;;;;;
YUE_northern_expedition_desc;Ever since the Han Empire conquered Nanyue and Minyue in the 2nd century BC, the South has been in a subservient position to the emperors of the North. We finally rid ourselves of this status when we broke off from the Shun in the 17th century, and now it is time for the Yue to show the Han that we are a force to be reckoned with. We shall organize a grand expedition to the North and seize the borderlands, where the local Hakka population will surely welcome us.;;;;;;;;;;;;;
YUE_liberate_wu_title;Liberate the Wu;;;;;;;;;;;;;
YUE_liberate_wu_desc;Out of all of the Southern peoples, the Wu have had the weakest national identity of all. Located in lands firmly held by the Shun, who suppressed any notion of distinct national identity, the Wu are mostly content with the current flow of things. We, however, know better: securing at least the southern part of Anhui will bring a significant amount of loyal peoples under our rule and put the major Han city of Nanjing into a vulnerable position, making the Han think twice before attempting to reclaim these lands.;;;;;;;;;;;;;
YUE_reinforce_bo_ni_title;Reinforce Bo-Ni;;;;;;;;;;;;;
YUE_reinforce_bo_ni_desc;The island of Bo-Ni, known to the locals as Kalimantan and to the Westerners as Borneo, houses a significant amount of Chinese immigrants, who came here to work for the kongsi, which are mining organizations that exploit the local gold and tin depostits. They are the primary reason for why we currently hold lands on the island, and we see no reason not to expand their operations over the rest of the island, considering the activization of European activities in the area.;;;;;;;;;;;;;
YUE_proclaim_scs_hegemony_title;Proclaim the South China Sea Hegemony;;;;;;;;;;;;;
YUE_proclaim_scs_hegemony_desc;The South China Sea has been a traditional area of operations for the Min and the Yue, where we conducted our trade and held much influence. As such, it is logical that our primary objective should be establishing total control over the coastal areas of the sea, annexing large swathes of land that are currently held by the imperialist powers of the West. They surely won't be too happy about our ambitions, but who are they to stop the rising Yue thalassocracy?;;;;;;;;;;;;;
YUE_accept_tawalisi_title;Accept the Tawalisi;;;;;;;;;;;;;
YUE_accept_tawalisi_desc;The people of the Tawalisi archipelago have historically maintained close ties with our merchants. Now that we are in control of the islands, we may integrate them into our society for good.;;;;;;;;;;;;;
YUE_accept_minors_title;Accept the Minor Peoples;;;;;;;;;;;;;
YUE_accept_minors_desc;Our goal of hegemony in the South China Sea made us come into closer contact with several less significant peoples of Southeast Asia, such as the Cham. Having been oppressed by their overlords, most of them think of us as of another conqueror. We must prove them wrong and secure their loyalty, as they will be a useful asset in further strengthening of our country.;;;;;;;;;;;;;
unify_china_title;Unify China;;;;;;;;;;;;;
unify_china_desc;China lies in a sorry state. Petty lords wage war for land, barbarians besiege the realm and the Imperial authority is non-existent. By crushing all opposition and enforcing our will all over China, we may finally put an end to the internal strife and unify the Middle Kingdom under our banner.;;;;;;;;;;;;;
CHI_reclaim_south_title;Reclaim the South;;;;;;;;;;;;;
CHI_reclaim_south_desc;During the collapse of the Ming Dynasty, the Southern coast of China was seized by the merchant states of Nanyue and Minyue, who since have established their own distinct national identities. This cannot continue, we must do what Shun failed to do two hundred years ago - bring them back into the fold!;;;;;;;;;;;;;
CHI_reclaim_yunnan_title;Reclaim Yunnan;;;;;;;;;;;;;
CHI_reclaim_yunnan_desc;The Kingdom of Dali is a relatively new polity, being established during the hasty retreat of the Shun. The largely Muslim kingdom must be annexed into China, no matter whether they think of themselves as a neutral country.;;;;;;;;;;;;;
CHI_freedom_of_religion_title;Enact Freedom of Religion;;;;;;;;;;;;;
CHI_freedom_of_religion_desc;With each passing year we feel more pressure both from within and from the outside to get on with the times and accept the large amount of Muslims in our country. With the recent changes to our political landscape, we can finally recognize the Hui as equals.;;;;;;;;;;;;;
CHI_integrate_the_south_title;Integrate the South;;;;;;;;;;;;;
CHI_integrate_the_south_desc;The destruction of independent polities in the South means that we can finally begin the process of reintegration of the local population into the economic and political life of our country. The centuries of cultivated hatred towards the Han has certainly had its effect, and no matter what the process will be quite arduous and time-consuming.;;;;;;;;;;;;;
CHI_reclaim_taiwan_title;Reclaim Taiwan;;;;;;;;;;;;;
CHI_reclaim_taiwan_desc;In the 17th century, a large amount of Ming loyalists together with their leader Koxinga have fled to the island of Taiwan, establishing their own kingdom with the goal of reclaiming the mainland. Times are surely different now, and no matter the political landscape on the island, the valuable island must be brought into the fold, for the first time ever.;;;;;;;;;;;;;
CHI_northern_frontier_title;The Northern Frontier;;;;;;;;;;;;;
CHI_northern_frontier_desc;No Chinese Empire has exerted full control over the Gobi desert, which served as a natural protection against the nomads of Mongolia. However, it is becoming increasingly clear that the important cities of the North, such as Beijing, can only be sufficiently guarded if we control the desert and the Manchurian coast ourselves. Besides, the land is rich with natural resources, which we will make sure to use during our industrialization.;;;;;;;;;;;;;
CHI_build_arsenal_title;The $CAPITAL$ Arsenal;;;;;;;;;;;;;
CHI_build_arsenal_desc;With the proliferation of Western firearms, we are starting to feel the difficulties of actually buying them from the Europeans. Either raising the prices to an unreasonable value, or outright refusing to sell anything to us, the Europeans are unreliable. We must establish local production of modern weapons in our capital.;;;;;;;;;;;;;
KOR_form_tultaehan_title;The Korean Candidate;;;;;;;;;;;;;
KOR_form_tultaehan_desc;The peoples of China and Korea have historically been very close, their history and culture intertwined inseparably. A most ambitious plan proposed by King Munjo promises to elevate this connection to a highest level, and if our expedition into China succeeds, this may very well erase all divisions between the Han of China and the Han of Korea.;;;;;;;;;;;;;
KOR_eat_manchuria_title;Conquer Manchuria;;;;;;;;;;;;;
KOR_eat_manchuria_desc;The Conquest of Manchuria technically started in th 17th century, when the fall of the Ming prompted Korea to begin undertaking active measures to ensure its safety. However, we've never managed to properly subjugate most of the Wild Jurchens, as well as the Korchin Mongols and the Evenks residing North of the Amur river. Now it is time to right this wrong and finish what we started two centuries ago.;;;;;;;;;;;;;
KOR_colonize_sakhalin_title;Annex Hwang'tae;;;;;;;;;;;;;
KOR_colonize_sakhalin_desc;The island of Hwang'tae, known to the Japanese as Karafuto and to the Russians as Sakhalin, lies right at the coast of our posessions in Manchuria. Controlling it would ensure safety of the Tatar Strait, though at the cost of angering the Russians and possibly dragging us into a future conflict with the Japanese.;;;;;;;;;;;;;
KOR_end_to_chaos_title;An End to Chaos;;;;;;;;;;;;;
KOR_end_to_chaos_desc;One of the primary reasons of our current invasion is to secure peace and stability in East Asia, which has been plagued by chaos for nearly a century. The North might have been pacified, but the South remains unruly and chaotic. It is time to end the warlords once and for all!;;;;;;;;;;;;;
KOR_china_united_title;China United;;;;;;;;;;;;;
KOR_china_united_desc;The pacification of China has been successful. The warlords are no more, the foreign enroachers are crushed beneath our armies. It is time to properly integrate the Chinese bureaucracy and fix the consequences of decades of civil strife.;;;;;;;;;;;;;
IRY_middle_kingdoms_intervention_title;Middle Kingdoms Intervention;;;;;;;;;;;;;
IRY_middle_kingdoms_intervention_desc;After a long period of dormancy, things have finally kicked off in China. The small warlord statelets to the East are embroiled in bloody conflicts, trying to gain the upper hand in the process of Chinese Reunification. And it just so happens to be that the weakest of these states, Qin, sits right at our border. Perhaps, this opportunity might turn into something bigger... \n§RYou need to have 4 times more brigades than the owner of Shensi.;;;;;;;;;;;;;
IRY_into_the_chaos_title;Into the Chaos;;;;;;;;;;;;;
IRY_into_the_chaos_desc;The Kingdom of Qin fell before our armies, their bureaucracy being integrated into ours. This means that we are ready to advance to the next step of our great plan: the crossing of the mountains to the South and the invasion of the fertile plains of Yangtze.;;;;;;;;;;;;;
IRY_the_open_plains_title;The Open Plains;;;;;;;;;;;;;
IRY_the_open_plains_desc;We have advanced deep into Chinese territory, now entering the so-called 'Central Plain'. This means that our cavalry can roam free all across the most important regions of China - we must exploit it to the fullest! \n§RUnlocks the Chinese Reunification CB.;;;;;;;;;;;;;
IRY_form_xie_title;Found the Xie Dynasty;;;;;;;;;;;;;
IRY_form_xie_desc;The Han have considered the peoples of the steppes to be their biggest enemy, even building the Great Wall to keep us out of China. Alas, this did not help them, as we are now at the brink of unifying China. It seems like in their pride they have forgotten the Buddhist principles many of them claim to follow, and so we shall bring the word of Dalai Lama to them and found an empire where there is no place for hate - the Xie Empire!;;;;;;;;;;;;;
IRY_liberate_manchuria_title;Liberate Manchuria;;;;;;;;;;;;;
IRY_liberate_manchuria_desc;The Manchus are close relatives of the Mongols, but despite that, they never really acomplished anything of note besides the establishment of the short-lived Jin dynasty. Currently they are being colonized by the Koreans and the Russians, and, as a brotherly steppe-dwelling nation, we shall liberate them and add them into the fray.;;;;;;;;;;;;;
HUI_southern_reclamation_title;Begin the Southern Reclamation;;;;;;;;;;;;;
HUI_southern_reclamation_desc;With the Northern Capital in our hands, we may finally look to the South and crush the disorganized warlords that hold our rightful land. \n§RUnlocks the Chinese Reunification CB.;;;;;;;;;;;;;
PHI_reclaim_ayutthaya_title;Reclaim Ayutthaya;;;;;;;;;;;;;
PHI_reclaim_ayutthaya_desc;Once we gather enough strength, we may finally challenge the Burmese occupiers and reclaim the ancestal lands of the Thai, pressing our claim to estore a unified Siam, unseen since 1767.;;;;;;;;;;;;;
BUR_integrate_assam_title;Integrate Assam;;;;;;;;;;;;;
BUR_integrate_assam_desc;Our unexpected victories in Assam have brought the local population, who hail us as liberators, to recognize our rule as legitimate in all of Assam. Let us embrace the Assamese, for they might prove to be a valuable asset against any Western threat.;;;;;;;;;;;;;
BUR_end_the_stagnation_title;End the Stagnation;;;;;;;;;;;;;
BUR_end_the_stagnation_desc;The Konbaung Empire has been stagnant ever since the Sack of Ayutthaya in 1767, except for a few minor unseccessful engagements into Yunnan. This is a dangerous state of affairs, as we continue to rule over a large number of hostile peoples, whose desires for freedom are ever-increasing. We must rectify this and reform our kingdom to be a true regional hegemon, for if we do not do it now, the rising polities in the East that we failed to conquer may blow us a most humiliating blow.;;;;;;;;;;;;;
SIA_invade_malaya_title;Invade Malaya;;;;;;;;;;;;;
SIA_invade_malaya_desc;The Malay Peninsula houses many small Muslim polities. They are disunited and weak, and yet their lands are rich and could provide control over the straits to the South. We must crush the, before the Europeans get to it.;;;;;;;;;;;;;
SIA_partition_cambodia_title;Partition Cambodia;;;;;;;;;;;;;
SIA_partition_cambodia_desc;Several close advisors in our court have proposed offering a lucrative deal to our friends in France: partitioning the massive Cambodia between our countries. We could try to defeat them on our own, yes, bu we better now risk it and just take the opportunity we have, lest we might have a problem with the French interests in Cochinchina.;;;;;;;;;;;;;
SIA_annex_cambodia_title;Annex Cambodia;;;;;;;;;;;;;
SIA_annex_cambodia_desc;Cambodia not only benefitted from the collapse of Ayutthaya, they also prevented the later unification and seized Thai-populated lands. Surely this is not the end of their ambitions, and we shall not allow them to become even mightier, like back in the days of the Khmer Empire. We need to crush them, even at a cost of potentially coming into conflicts with European interests in Cochinchina.;;;;;;;;;;;;;
SIA_annex_cambodia_2_title;Annex Cambodia;;;;;;;;;;;;;
SIA_annex_cambodia_2_desc;The lands of Cambodia are populated by a nation closely related to our people - the Khmer. Their state no longer exists, and we must seize this opportunity and take the highly important heartland of the old Khmer Empire, lest it gets seized by Western imperialist powers.;;;;;;;;;;;;;
SIA_annex_laos_title;Annex Laos;;;;;;;;;;;;;
SIA_annex_laos_desc;Our dominance in Laos is undisputed at this point. Let us properly finish the Lao and crush all resistance that might be left there.;;;;;;;;;;;;;
SIA_integrate_laos_title;Integrate Laos;;;;;;;;;;;;;
SIA_integrate_laos_desc;With Laos annexed, we can start the process of integration of these unruly lands. Though it may be hard, it would be a major victory for the Thai state, for our old enemies are now our subjects.;;;;;;;;;;;;;
SIA_integrate_cambodia_title;Integrate Cambodia;;;;;;;;;;;;;
SIA_integrate_cambodia_desc;Cambodia has been conquered by our triumphant armies. Let us integrate the local Khmer infrastructure and bureaucracy with our own, securing a highly-populated area for our growing kingdom.;;;;;;;;;;;;;
franco_siamese_border_treaty_title;Franco-Siamese Border Treaty;;;;;;;;;;;;;
franco_siamese_border_treaty_desc;French Indoshina has grown beyond the wildest predictions of our colonial governors. We have successfully secured Dainam, and yet a certain issue bother us - the neighboring Siamese state, which controls many Lao lands and exerts substantial influence over Cambodia. We may just be able to persuade them into giving up their holdings in Laos, or, otherwise, take them by force.;;;;;;;;;;;;;
IDC_form_title;Unite Indochina;;;;;;;;;;;;;
IDC_form_desc;The Indochinese Peninsula, as it is called by the Europeans, was never close to unification, as it is populated by diverse peoples, who more often than not held resentment for each other. The times are different, however, and the continued survival of our nation reqires a creation of a unified Indochinese identity.;;;;;;;;;;;;;
MLY_form_title;Unite the Malay States;;;;;;;;;;;;;
MLY_form_desc;The small polities on the Malay Peninsula have never had a unified state of their own, instead each having its own prince. The time has come to end this state of affairs and unify the Malay states once and for all!;;;;;;;;;;;;;
BAV_reassert_dominance_title;Reassert German Dominance;;;;;;;;;;;;;
BAV_reassert_dominance_desc;No doubt inspired by the revolution in Sweden, the Franconian Crisis was a dangerous precedent that cannot be allowed to happen again. It has shown that our current political course cannot guarantee safety for Germany and the German people, which means it is time to take a more active stance in our goal of German unification. \n§RUnlocks the German Unification CB;;;;;;;;;;;;;
SGF_form_title;Form the South German Federation;;;;;;;;;;;;;
SGF_form_desc;The lands of Upper Germany have historically been closely intertwined with each other. The creation of the German Confederation moved the Kingdom of Bavaria and the constituents of the former Swabian Circle even closer together, and in our quest of German Unification, the creation of a unified Federation in the South would serve as an important step towards German Unity.;;;;;;;;;;;;;
GER_form_title;Three Hurrahs for Germany!;;;;;;;;;;;;;
GER_form_desc;The idea of a unified Germany has been ever-present in the minds of the German people ever since the German Renaissance of the 1780s. The nation's efforts were directed entirely towards achieving that goal for more than 50 years, and despite many setbacks and defeats we've had to face, the German Dream still burns bright in our hearts. And no matter what, it shall triumph: The German Confederation shall finally cease to exist, instead giving way to a new power in Central Europe - the German Empire!;;;;;;;;;;;;;
GER_retake_prussia_title;Retake Prussia;;;;;;;;;;;;;
GER_retake_prussia_desc;Prussia was unjustly stolen from us by the Zapadoslavs in the late 1830s, when Germany was shaken by the Franconian Crisis. They may tear Prussia away from the German Confederation, but they can't destroy the idea of a United Germany. The people of Prussia yearn for liberation, and let us deliver it!;;;;;;;;;;;;;
GER_unite_the_swiss_title;Unite the Swiss;;;;;;;;;;;;;
GER_unite_the_swiss_desc;The Swiss population is currently divided between the Switzerland proper, a member of the Confederation, and the so-called 'Bern Confederation', a union of Western Swiss cities protected by the Arelat. It is no secret this political entity is entirely temporary, and now it is time to integrate the Confederation into the Greater German State.;;;;;;;;;;;;;
GER_retake_schlesien_title;Retake Schlesien;;;;;;;;;;;;;
GER_retake_schlesien_desc;Silesia was once a part of the Holy Roman Empire, dominated by the Kingdom of Bohemia and being a place where the Slavic and the Germanic worlds met, the different peoples intermingling with each other. It ended with the secession of Bohemia from the Empire in 1716, and as they took Silesia with them, all German influence disappeared from the area. With the Unification of Germany we can turn our attention to the last remainders of Germans who are a sizeable minority in the area and press pur claim, however tenuous it might be.;;;;;;;;;;;;;
GER_the_western_reaches_title;The Western Reaches;;;;;;;;;;;;;
GER_the_western_reaches_desc;As we finish the process of collecting all German lands under one state, we turn our attention to the weakest of our claims, those on the Western border. Here lie sizeable minorities and even majorities of Germans, most of them living in the part of Duchy of Luxemburg that was not included in the German Confederation, as well in the city of Metz and its surroundings. Taking these lands would be a boon to our prestige, and, most importantly, it will strengthen our position in any future conflicts in the area.;;;;;;;;;;;;;
GER_autonomy_venice_title;Venetian Autonomy;;;;;;;;;;;;;
GER_autonomy_venice_desc;The rapidly changing situation in Italy threatens our posessions in Veneto, awarded to us during the Constantinople Accords. The local population, despite the relative distance of the old Venetian Republic from overall Italian politics, still considers itself Italian, and as such, they are becoming increasingly more hostile to us. Perhaps, if we were to create an autonomous Kingdom in these lands, we would be able to keep the tides of Italian nationalism at bay for the time being.;;;;;;;;;;;;;
NGF_form_title;Form the North German Federation;;;;;;;;;;;;;
NGF_form_desc;Lower German states have not not played a significant role in German politics of the last centuries. Disunity accompanied us all the way since the conquest of these lands from the Slavic tribes, and we have utilized it how we could, the prime example being the Hanseatic League. The times are different now, and it is evident that we can no longer afford to be disunited. A Federation of all North German states will be the first step towards our idea of a unitary, centralised Germany.;;;;;;;;;;;;;
SAF_open_the_frontiers_title;Open the Frontiers;;;;;;;;;;;;;
SAF_open_the_frontiers_desc;South Africa is a land of opportunity. The virgin prairies of Kaapland await those who are tired from war and poverty of Europe and want to start a new life. Lets us open the frontiers and welcome our brothers from across the pond!;;;;;;;;;;;;;
SAF_claim_the_karoo_title;Claim the Karoo;;;;;;;;;;;;;
SAF_claim_the_karoo_desc;The Great Karoo desert houses many Trekboer nomads. While these lands are infertile, controlling would serve as great protection against any possible incursions from the north, however unlikely they will be.;;;;;;;;;;;;;
SAF_northern_frontier_title;The Northern Frontier;;;;;;;;;;;;;
SAF_northern_frontier_desc;With the activization of European colonial activities in Africa comes the need to secure the lands we claimed in the North. We will establish outposts all over the lands we now call Namakwaland, thus firmly securing them for future settlement.;;;;;;;;;;;;;
SAF_along_the_coast_title;Along the Coast;;;;;;;;;;;;;
SAF_along_the_coast_desc;The coast to our east houses a large population of Xhosa and Nguni peoples, with the latter being organized into the strongest state in the area, the Zulu Kingdom. This region has colloquially been known by the Europeans as Kaffraria, or, when referring to the Zulu part, Natalia. Securing the coast would mean securing the inner regions from European incursion.;;;;;;;;;;;;;
SAF_oranje_vaal_title;Oranje-Vaal Campaign;;;;;;;;;;;;;
SAF_oranje_vaal_desc;With the coast secured, we may finally move into the lands known as Transvaal and Transorangia. There, several Boer republics have been established, though they are not big enough to play any role outside of the region. Lets us move into these lands and integrate our brethen.;;;;;;;;;;;;;
SAF_push_to_zambezi_title;The Push to Zambezi;;;;;;;;;;;;;
SAF_push_to_zambezi_desc;Our expansion must not stop with the Bushveld. Several poorly-organized tribes exist in the north, on the banks of the great Zambezi River, and if we were to move quickly, we could potentially extend our border all the way to the River itself, thus solidifying our position as the hegemon of South Africa, and possibly even of the entire continent.;;;;;;;;;;;;;
ADU_absorb_catalonia_title;Absorb Catalonia;;;;;;;;;;;;;
ADU_absorb_catalonia_desc;Across the Ebro River live the Catalan people. The have managed to stay independent for centuries due to being subjects under the mighty Occitan Kingdom, one of our greatest rivals. With the reconquest of the Frontier we may march into Barcelona once again, for the Occitans are no more and the united France has shown no interest in protecting their former subjects.;;;;;;;;;;;;;
SPA_reconquista_east_title;Reconquest of the East;;;;;;;;;;;;;
SPA_reconquista_east_desc;The Long Peace of Iberia is coming to an end. The Moors are gearing up for the reclamation of their former lands, and the Catalan Republic is becoming increasingly unstable. Such circumstances force us to act, lest we will lose the initiative to our enemies. And the obvious direction of our actions would be to the East, where the people of the Ebro River toil under the Moorish thumb. We shall be welcomed as liberators - and it will only be the first step.;;;;;;;;;;;;;
SPA_kill_catalonia_title;The Issue of Catalonia;;;;;;;;;;;;;
SPA_kill_catalonia_desc;Our swift push to the Mediterranean Sea has not gone unnoticed by the various political forces of the Catalan Republic. Many are saying that considering their diplomatic isolation, they will not be able to keep their independence. We must decide on our course of action.;;;;;;;;;;;;;
SPA_annex_catalan_puppet_title;Annex the Duchy of Barcelona;;;;;;;;;;;;;
SPA_annex_catalan_puppet_desc;Time is out for the Dukes of Barcelona. They have enjoyed autonomy for several decades, but the circumstances are different now. For the continued prosperity of the realm, we must incorporate the lands of Catalonia directly into the Leonese state, ending their autonomy once and for all.;;;;;;;;;;;;;
SPA_press_gothic_claim_title;Press the Gothic Claim;;;;;;;;;;;;;
SPA_press_gothic_claim_desc;Our decision to allow for a return of the Barcelona Dynasty offers us a unique opportunity. At different times, the Dukes of Barcelona were allowed to administer the March of Gothia, giving them a strong enough claim to the region. Pressing their claim would ruin our relations with the French, but it will grant us control over an important section of the Mediterranean coastline.;;;;;;;;;;;;;
SPA_reconquista_center_title;Reconquest of the Center;;;;;;;;;;;;;
SPA_reconquista_center_desc;The Moorish hold on Iberia is weaker than ever following our liberation of the Ebro Valley and the Mediterranean coast. The balance of power in Iberia lies shattered, with the initiative in our hands. The centuries-long struggle to liberate the peoples of Iberia is finally coming to a close, for the inner Moorish lands are now our next target.;;;;;;;;;;;;;
SPA_finish_reconquista_title;Finish the Reconquista;;;;;;;;;;;;;
SPA_finish_reconquista_desc;After more than a millenium, the Reconquista is coming to an end. The last strongholds of the Moors lie on the southern coast, known since Roman times as Baetica. Cordoba, Sevilla, Granada - all of these cities have been fully Arabized since times immemorial. We will finally take these lands and integrate them into Leon, for the betterment of all the peoples of Iberia.;;;;;;;;;;;;;
SPA_mauretanian_crusade_title;Mauretanian Crusade;;;;;;;;;;;;;
SPA_mauretanian_crusade_desc;The lands of North Africa have once been Christian, but in the centuries following the rise of Islam almost all communities of the faithful have been wiped out. We have pushed the Moors to the Rock of Gibraltar, but the Reconquista is not quite over yet: we will chase them across the sea and eliminate any possibility of them threatening Iberia in the future.;;;;;;;;;;;;;
MOR_restore_andalusia_title;Restore Al-Andalus;;;;;;;;;;;;;
MOR_restore_andalusia_desc;The Faithful have been pushed out of the Iberian Peninsula by the vile heathens of the north. If we manage to retake the heartlands of the Al-Andalus of old, we may proclaim the restoration of Muslim rule in Iberia.;;;;;;;;;;;;;
SPA_reverse_arabization_title;Reverse Arabization;;;;;;;;;;;;;
SPA_reverse_arabization_desc;Centuries of Moorish rule in Iberia have had quite an impact on the ethnoreligious landscape of the lands. One of the most horrible things that the Moors have acomplished was an erasure of national identity and language, both of which have been adapted to fit into the greater Andalusi identity. With the consolidation of our rule in the South we can reverse this.;;;;;;;;;;;;;
SPA_great_language_reform_title;The Great Language Reform;;;;;;;;;;;;;
SPA_great_language_reform_desc;Leon, and Iberia in general, is a land of great linguistical diversity. Many dialects and languages have developed independently of each other, and while it is fascinating for scholars, it is a nightmare for the bureaucrats. The strain that is put on our government apparatus by this is truly great, and by researching ways we can re-educate the people to speak a uniform language we can end this for good.;;;;;;;;;;;;;
OMA_centralise_empire_title;Centralize the Muscati Empire;;;;;;;;;;;;;
OMA_centralise_empire_desc;The Muscati Empire is heavily decentralized, with the lands of Yemen and Qatar in particular enjoying great autonomy. By adopting Western methods of governance we will be able to centralize the state around a uniform center in Muscat, which will stregthen the Empire against any potential threats.;;;;;;;;;;;;;
ADU_restore_northern_rule_title;Restore Northern Rule;;;;;;;;;;;;;
ADU_restore_northern_rule_desc;The Kingdoms of North Iberia have enjoyed independence ever since our forces were thrown out of Gaul in 997. This region is known since Roman times to be difficult to control, and indeed, the constant rebellions by the local populace rendered our hold in it practically non-existant even before the disaster in Gaul. This time, we will integrate the region properly, ending any notion of resistance against our rule.;;;;;;;;;;;;;
ADU_enact_conversion_decree_title;Enact the Conversion Decree;;;;;;;;;;;;;
ADU_enact_conversion_decree_desc;A necessary step in securing our dominion would be to gain the loyalty of the population. The problem is that the Christian faith will always drive the people against us, no matter our policies towards them. Clearly, the Jizya system that guaranteed autonomy for the local Christians has outlived its usefullness, as the populace has adapted to it and no longer feels the need to convert. We will task the best scholars of Al-Andalus to design education programs that would spread the Arabic script as well as the Islamic faith among our subjects.;;;;;;;;;;;;;
ADU_western_sahara_title;Down the African Coast;;;;;;;;;;;;;
ADU_western_sahara_desc;The Atlantic coast south of Morocco is a desolate desert, with no valuable resources and without any significant population. Its uselessness makes it particularly unattractive to other colonial powers. However, if someone was to take it, it would cut us off from the Sahel and Western Africa as a whole, so it's best that we lay claim to the region ourselves.;;;;;;;;;;;;;
BRB_take_friesland_title;Reorganize Friesland;;;;;;;;;;;;;
BRB_take_friesland_desc;Liberal Prince Hinrich is doing terrible things in Friesland, upsetting the German nobilitiy and allowing Frisian nationalism to prosper. At this rate, he is going to be declaring complete independence from Brabant. We only need a good pretext to remove him.;;;;;;;;;;;;;
BRB_conquer_friesland_title;Reconquer Friesland;;;;;;;;;;;;;
BRB_conquer_friesland_desc;We lost Friesland. This is a true catastrophe for Brabant, as a Friesland under enemy control is a terrible danger for our state. We must retake Frisia immediately.;;;;;;;;;;;;;
BRB_puppet_low_saxony_title;Federalize Lower Saxony;;;;;;;;;;;;;
BRB_puppet_low_saxony_desc;Our influence in the Northwestern German states allows us to expand our deal with Westphalia and bring the entirety of Lower Saxony under our protection.;;;;;;;;;;;;;
BRB_accept_frisia_title;Integrate Frisia;;;;;;;;;;;;;
BRB_accept_frisia_desc;Our past reorganizations of Frisia still left Friesland proper as a semi-independent state. We should end their eutonomy and directly incorporate the small nation, finally uniting the Lowlands in their entirety.;;;;;;;;;;;;;
BRB_unify_low_franconia_title;Unify Low Franconia;;;;;;;;;;;;;
BRB_unify_low_franconia_desc;With the unification of the Low Countries, we have only one pressing matter left at hand - the Rhenish Germans. They still consider themselves different from us, refusing to fully integrate. It is an opportunity, however: since changing their mind and forcefully making them accept our customs is going to be incredibly expensive, we could instead recognize them as a different, albeit brotherly, nation - one that would be a constituent of a Low Franconian Union. Undoubtedly ambitious, this plan shall become the basis of the Flemish foreign policy, that may lead to something even greater.;;;;;;;;;;;;;
BRB_save_england_title;Fate of the Martlet;;;;;;;;;;;;;
BRB_save_england_desc;Our cousins across the Channel, the English, have been suffering under the Danish yoke for half a millenium. When they finally decided to throw it off in 1797, their overzealousness caused an all-European emergency, the Martletist Wars, out of which we gained the duchies of Kent and Sussex. Now, the English are awakening once again. We understand their desires for freedom and we will support them, but perhaps they are a bit too... hotheaded. A more sensible, level-headed approach is needed. They will get their freedom, but as our subjects.;;;;;;;;;;;;;
BRB_form_westland_title;West Germanic Union;;;;;;;;;;;;;
BRB_form_westland_desc;The Lowlands, England and Lower Saxony share many similarities, stemming from the same roots. Our search for security and stability in the region led us to gaining large swathes of land and the sympathy of the local peoples, who we may consider brotherly. Perhaps, its is Flanders' geopolitical destiny to end the separation between West Germanic peoples in the form of a new union - Westland.;;;;;;;;;;;;;
SCA_reclaim_daneland_title;Reclaim Daneland;;;;;;;;;;;;;
SCA_reclaim_daneland_desc;Daneland was pried off of Denmark as a result of the Constantinople Accords, since Copenhagen completely failed to quell the Martlet Revolt by the English, and it had to be put down by the Gaels and the Brabanters. However, we find ourselves in a position to change that and reunite the Nordic peoples in their entirety!;;;;;;;;;;;;;
break_caerlleon_title;Break the Peace of Caerlleon;;;;;;;;;;;;;
break_caerlleon_desc;The recent events on the Isles clearly signify that the Treaty of Caerlleon has outlived its usefulness. Changes in the political landscape require greater freedom of actions, and no matter the economic consequences, we shall renounce the Treaty and openly position ourselves against our former partner.;;;;;;;;;;;;; 
CLT_invade_midlands_title;Invade the Midlands;;;;;;;;;;;;;
CLT_invade_midlands_desc;With the Peace of Caerlleon broken, we can no longer be sure of our safety on the Isles. Our continuous prosperity requires immediate action: we shall invade the rich lands of York and Mercia, thus depriving our Southern neighbour of much of their powerbase.;;;;;;;;;;;;;
CLT_unify_britain_title;Unify Prydain;;;;;;;;;;;;;
CLT_unify_britain_desc;We find ourselves at the brink of complete dominion over the entire isle of Prydain. Before us lay the heartlands of the Anglo-Saxons - Wessex and Lundenburg. It is time to finally bring an end to centuries of Germanic rule in the Isles and unify them under the true natives of these lands - the Celts!;;;;;;;;;;;;;
CLT_peace_on_the_isles_title;Peace on the Isles;;;;;;;;;;;;;
CLT_peace_on_the_isles_desc;Gaeldom is triumphant. We have completely dominated the Isles, kicking out the Danes, the Anglo-Saxons and even the opportunistic Flemish kings. We do not, however, possess the means to alter the ethnic landscape of our newly-acquired land. In order to maintain a good public image, as well as to finally integrate the lands into the Union fully, we will have to come to terms with the inhabitants of these lands. Only then will the Isles truly know peace.;;;;;;;;;;;;;
DAN_ask_for_NZ_title;Ask for New Sjaelland;;;;;;;;;;;;;
DAN_ask_for_NZ_desc;Our Danish allies have recently established a colony on the islands of New Sjaelland in the Pacific Ocean. Currently, this colony is more trouble than it's worth, as there are no immediate natural resources on the isles and the natives are hostile to all. As such, we believe that the Danes may be willing to part with these isles freely, instead giving them to us, who desperately need a colony to work with.;;;;;;;;;;;;; 
DAN_southeastern_cession_title;End the Southeastern Cession;;;;;;;;;;;;;
DAN_southeastern_cession_desc;The Southeastern Cession is the name of the part of England that was given to the King of Brabant in the aftermath of the Martletist Wars. We are unsure as to what the folks in Brussels have in mind regarding this land, and, besides, it was under rightful Danelander sovereignty since 1495 as the autonomous Duchies of Kent and Sussex. Currently, the Cession is the most immediate threat to stability on the isles, and it must be dealt with quickly.;;;;;;;;;;;;;
DAN_integrate_london_title;Integrate the Free City;;;;;;;;;;;;;
DAN_integrate_london_desc;The Free City of Lundenburg was created in the aftermath of the Martletist Wars as both a compromise between the Danelanders and the Brabantians and an independent state of the Anglo-Saxons. As time passes, we can finally evaluate the results of this experiment - and they are not quite what we would have wanted. Lack of any sort of concrete legislation against Martletist thought turned the Free City into a hotbed of English separatism and otherwise negative dealings. Before this problem spirals out of control once again, we must end the Free City's independence.;;;;;;;;;;;;;
DAN_claim_britain_title;Claim Britain;;;;;;;;;;;;;
DAN_claim_britain_desc;The Peace of Caerlleon ended as unexpectedly as it began. The Celts and us now look at each other with severe distrust, realising that war is an inevitability. Our move would be to lay claim on the traditionally English lands in the north as well as Wales, all of which hold valuable resources for our industry.;;;;;;;;;;;;;
DAN_unify_britain_title;Unify Britain;;;;;;;;;;;;;
DAN_unify_britain_desc;In the Medieval times, Alba was heavily influenced by our Norse ancestors. Maybe not as much as Ireland, but we must nevertheless look to this example and prepare for a strike north, in an effort to disunite the Celts and end thir so-called 'Union'.;;;;;;;;;;;;;
DAN_integrate_celts_title;Integrate the Celts;;;;;;;;;;;;;
DAN_integrate_celts_desc;After our successful unification of Great Britain, we find ourselves ruling over masses of Celtic peoples. Unfortuantely, we will have to accept that the Danelanders would remain a minority, and give equal rights to our new subjects. Cymru and Alba will now be integral parts of our Kingdom.;;;;;;;;;;;;;
BYZ_minigame_switch_off_title;Turn off influence notifications;;;;;;;;;;;;;
BYZ_minigame_switch_off_desc;This decision allows you to turn off the influence change events. Be wary, however, that the minigame will decide your future expansion!;;;;;;;;;;;;;
BYZ_minigame_switch_on_title;Turn on influence notifications;;;;;;;;;;;;;
BYZ_minigame_switch_on_desc;This decision allows you to turn on the influence change events.;;;;;;;;;;;;;
BYZ_conquer_naples_title;End the Neapolitan Parliament;;;;;;;;;;;;;
BYZ_conquer_naples_desc;The city of Naples was left as an independent state following the succession crisis of the Hauteville Kingdom in 1823 and the collapse of their state. The local nobles, unwilling to take a side in the civil war, assembled a Parliament and declared the city and its surroundings to be neutral. With time, their politics began to be influenced by Martletists and the like, and we cannot let such an important city fall into Martletist hands, which, by extension, provides us a reason to occupy it.;;;;;;;;;;;;;
BYZ_conquer_naples_a_title;Conquer Naples;;;;;;;;;;;;;
BYZ_conquer_naples_a_desc;The city of Naples was left as an independent state following the succession crisis of the Hauteville Kingdom in 1823 and the collapse of their state. The local nobles, unwilling to take a side in the civil war, assembled a Parliament and declared the city and its surroundings to be neutral. With time, their politics began to be influenced by Martletists and the like, and the threat of Martletist resurgence in the city provides us with a valid reason to occupy it.;;;;;;;;;;;;;
BYZ_consolidate_longobardia_title;Consolidate Longobardia;;;;;;;;;;;;;
BYZ_consolidate_longobardia_desc;Longobardia was reconquered in the 16th century by the Imperial forces, becoming an integral part of the Empire and serving as a staging point for invasions further north. Following the War of the Verona Alliance we lost these lands to the Hautevilles, but were able to regain them after Napoleone pushed the Hautevilles to Sicily. We did not, however, keep the whole region, as the Catholic powers of Europe all united in a diplomatic offensive to enlarge the Papal State. Now, with Naples in our hands, we will regain control over all of Longobardia.;;;;;;;;;;;;;
BYZ_conquer_sicily_title;Reclaim Sicily;;;;;;;;;;;;;
BYZ_conquer_sicily_desc;Sicily too was an integral part of the Empire, even housing a significant population of descendants of Greek settlers who still consider themselves Greek. Currently the island is held by the troublesome Hautevilles, who even managed to maintain a small colonial Empire. They have been a thorn in our side for centuries now, and the time has come to crush them.;;;;;;;;;;;;;
BYZ_rescind_bulgarian_assimilation_title;Rescind Bulgarian assimilation;;;;;;;;;;;;;
BYZ_rescind_bulgarian_assimilation_desc;The policy of assimilating Bulgaria has been in place since the end of the Second Bulgarian Empire, and it has been somewhat successful in destroying Bulagrian identity in the theme of Thrace. However, it cannot continue like that - the state is wasting valuable resources by antogonizing Bulgarians instead of trying to integrate them. We will end this destructive practice.;;;;;;;;;;;;;
BYZ_punish_carpathia_title;Punish Carpathia;;;;;;;;;;;;;
BYZ_punish_carpathia_desc;Carpathia is an unholy union that threatens the security of our Balkan holdings. We need to teach them a lesson on upsetting the balance of the region without our consent.;;;;;;;;;;;;;
BYZ_influence_romania_title;Influence Rumania;;;;;;;;;;;;;
BYZ_influence_romania_desc;Rumania has been under Imperial influence for centuries, or, arguably, for millenia, as the Rumanians are themselves descendants of Romans who settled in Dacia. They follow the Orthodox faith and have historically been tied to us politically, usually paying tribute or providing men for our armies. An excellent candidate to be integrated into the Empire!;;;;;;;;;;;;;
BYZ_vassalize_wallachia_title;Vassalize Muntenia;;;;;;;;;;;;;
BYZ_vassalize_wallachia_desc;Muntenia is one of the three Rumanian principalities that have existed without change for centuries. If we court them and remind them of past connections, they will come under our vassalage willingly.;;;;;;;;;;;;;
BYZ_vassalize_moldavia_title;Vassalize Moldavia;;;;;;;;;;;;;
BYZ_vassalize_moldavia_desc;Moldavia is one of the three Rumanian principalities that have existed without change for centuries. If we court them and remind them of past connections, they will come under our vassalage willingly.;;;;;;;;;;;;;
BYZ_vassalize_transylvania_title;Vassalize Transylvania;;;;;;;;;;;;;
BYZ_vassalize_transylvania_desc;Transylvania is one of the three Rumanian principalities that have existed without change for centuries. If we court them and remind them of past connections, they will come under our vassalage willingly.;;;;;;;;;;;;;
BYZ_conquer_romania_title;Conquer Rumania;;;;;;;;;;;;;
BYZ_conquer_romania_desc;Rumania has been under Imperial influence for centuries, or, arguably, for millenia, as the Rumanians are themselves descendants of Romans who settled in Dacia. They follow the Orthodox faith and have historically been tied to us politically, usually paying tribute or providing men for our armies. An excellent candidate to be integrated into the Empire!;;;;;;;;;;;;;
BYZ_integrate_romania_title;Integrate Rumania;;;;;;;;;;;;;
BYZ_integrate_romania_desc;With Rumania absorbed into the Empire, we can integrate the local populace into the Imperial administration.;;;;;;;;;;;;;
BYZ_kill_hungary_title;Conquer Hungary;;;;;;;;;;;;;
BYZ_kill_hungary_desc;Hungary, or Pannonia as it was known before, is a land stuck between many rocks and many hard places, itself at times managing to fulfill both roles. They were the Empire's foremost rival in the centuries past, controlling large swathes of the Balkans and protected by an alliance with the Occitans. But history was not kind to them, as they succumbed to a partition by their neighbours in the 18th century, and they were punished even further after trying to rectify their defeats during the Martletist Wars. An utterly defeated nation, Hungary must be conquered, as the influence the neighboring Slavs had on them will make their integration easier.;;;;;;;;;;;;;
BYZ_accept_hungarians_title;Accept the Hungarians;;;;;;;;;;;;;
BYZ_accept_hungarians_desc;With Hungary absorbed into the Empire, we can integrate the local populace into the Imperial administration.;;;;;;;;;;;;;
BYZ_reform_the_catepanates_title;Reform the Catepanates;;;;;;;;;;;;;
BYZ_reform_the_catepanates_desc;The Catepanates are an autonomous entity in name only, as they provide very little benefits to the South Slavic peoples who live in them. As tensions continue to grow, we face the threat of a massive uprising in the region. Instead of waiting for it to happen, we must implement Hellenophile ideas of Slavic integration and reform the Catepanates before it's too late.;;;;;;;;;;;;;
BYZ_accept_slovenes_title;Accept the Slovenes;;;;;;;;;;;;;
BYZ_accept_slovenes_desc;With Slovenia absorbed into the Empire, we can integrate the local populace into the Imperial administration.;;;;;;;;;;;;;
BYZ_march_on_rome_title;March on Rome;;;;;;;;;;;;;
BYZ_march_on_rome_desc;Rome. The Eternal City, an ancient capital of the Roman Empire, the seat of the Pope... Whatever it is, the entire world knows that Rome is the most prized posession a state could have, after Constantinople of course. The reclamation of this ancient city was the focal point of Imperial foreign policy for more than a millenium. And even though our last attempt at securing the city ended with the disastrous War of the Verona Alliance, the recent instability in Italy does present a once-in-a-lifetime opportunity...;;;;;;;;;;;;;
BYZ_accept_south_italians_title;Accept South Italians;;;;;;;;;;;;;
BYZ_accept_south_italians_desc;All of Southern Italy is now under our control. We can integrate the local populace into the Imperial administration.;;;;;;;;;;;;;
BYZ_finish_belisarius_work_title;Finish Belisarius' work;;;;;;;;;;;;;
BYZ_finish_belisarius_work_desc;Rome is the center of Italy, the most important city to hold and the chokepoint that prevented us from going north. No Verona Alliance shall stop us now!;;;;;;;;;;;;;
BYZ_roman_italy_title;A Roman Italy;;;;;;;;;;;;;
BYZ_roman_italy_desc;With Italy fully reconquered, we can integrate the local populace into the Imperial administration.;;;;;;;;;;;;;
BYZ_avenge_fourth_crusade_title;Avenge the Fourth Crusade;;;;;;;;;;;;;
BYZ_avenge_fourth_crusade_desc;The Fourth Crusade was the epitome of Latin treachery and overconfidence. Instead of attacking the vile heathens to the south, they turned their arms towards their supposed brothers in faith, setting sight towards Constantinople. They failed in the end, after Alexios II had thrown them into the sea. But we have not forgotten who were the perpetrators of this event. The perfidious city of Venice will be in Roman hands!;;;;;;;;;;;;;
BYZ_norican_frontier_title;Norican Frontier;;;;;;;;;;;;;
BYZ_norican_frontier_desc;While we would like to avoid conflicts with the Germans, the former Roman province of Norica is an integral part of their nation now, and we can't guarantee the safety of our Balkan and Italian holdings without establishing a defensive line in the mountains. We will have to seize the borderlands.;;;;;;;;;;;;;
CRP_call_for_unification_title;Carpathian Call for Unification;;;;;;;;;;;;;
CRP_call_for_unification_desc;The nations of Carpathia have been considered to be enemies for centuries. The Rumanians and Hungarians are disunited not just in language and religion, but also in mutual hatred. There is one thing that unites us however, the political and geographical positions which our people find themselves in. If we are to survive against bigger powers, we need to think pragmatically and try to overcome our differences by doing the impossible - proposing the unification of the two countries! \n§RThis decision requires you to have 10 prestige and either ally all 3 of Moldavia, Muntenia and Transylvania, defeat them in a war, or get up to 150 relations.;;;;;;;;;;;;;
form_romania_title;Form Rumania;;;;;;;;;;;;;
form_romania_desc;The Rumanian people are very different form the neghboring Slavs, Hungarians and Greeks, being the heirs of the ancient Romans. We should unite the principalities to strengthen ourselves against any external threats.;;;;;;;;;;;;;
CLT_ildathach_autonomy_title;Autonomy for Ildathach;;;;;;;;;;;;;
CLT_ildathach_autonomy_desc;Our Colombian holdings have been developing a national identity for quite some time now. Perhaps it would be wise to grant them self-rule in order to prevent a revolt and make the governance of these land more effecient.;;;;;;;;;;;;;
ILD_take_inner_labrador_title;Take Inner Labrador;;;;;;;;;;;;;
ILD_take_inner_labrador_desc;The lands deep inside the Labrador peninsula are still unclaimed. Let us rectify that before anyone else does it.;;;;;;;;;;;;;
ILD_take_northern_lakes_title;Take the Northern Lakes;;;;;;;;;;;;;
ILD_take_northern_lakes_desc;While we control the coast of the Tomhrair Bay, the inner territories are not yet tamed. We must press our claims before any of our neigbours take advantage of this.;;;;;;;;;;;;;
ILD_beyond_the_arctic_circle_title;Beyond the Arctic Circle;;;;;;;;;;;;;
ILD_beyond_the_arctic_circle_desc;Our recent colonisation efforts in the north yilded us large swathes of quite useless territory. In this situation the only logical choice would be to claim even more useless territory that has nothing but tundra and taiga.;;;;;;;;;;;;;
IRO_overlord_annex_title;Annex the Great Lakes Confederacy;;;;;;;;;;;;;
IRO_overlord_annex_desc;The Great Lakes Indians seem to be getting some very unfirtunate ideas. They are openly asking us to leave the area - clearly, it is time to reorganize the so-called 'confederacy' and integrate their lands directly. \n§RSome neighboring nations may be SEVERELY unhappy about this!;;;;;;;;;;;;;
IRO_overlord_release_title;Release the Great Lakes Confederacy;;;;;;;;;;;;;
IRO_overlord_release_desc;Our past position on the issue of the Great Lakes Indians has been too harsh. We may still be able to salvage their goodwill if we release them right now.;;;;;;;;;;;;;
VRI_rally_the_betrodden_title;Rally the Betrodden;;;;;;;;;;;;;
VRI_rally_the_betrodden_desc;In Ayllonia, many slaves still toil the fields and await liberation. We have already started this process by defeating the decadent Republic a few years ago, but now we yet again find ourselves at war with the tyrants. Sound the call, the south shall be free!;;;;;;;;;;;;;
AYL_integrate_riogrande_title;Integrate Rio Grande;;;;;;;;;;;;;
AYL_integrate_riogrande_desc;The lands on the banks of the Rio Grande that we took from Mexico more than a decade ago are still not properly integrated. With the Mexicans seemingly preparing to strike back, we must take measures to safeguard our lands against any threats.;;;;;;;;;;;;;
AYL_retake_RGR_title;Retake Rio Grande;;;;;;;;;;;;;
AYL_retake_RGR_desc;We have lost the land that had been taken by us from Mexico all the way in the 1820s. We must strike back and retake what was lost!;;;;;;;;;;;;;
AYL_golden_circle_title;The Golden Circle;;;;;;;;;;;;;
AYL_golden_circle_desc;A new radical idea is froming in the minds of our greatest thinkers. The logical contuniation to our endeavors in Mexico clearly follows the coastline of the Mexican Gulf. If we were to continue moving south, maybe we could turn the rich Gulf into our own lake.;;;;;;;;;;;;;
AYL_annex_yucatan_title;Annex Yucatan;;;;;;;;;;;;;
AYL_annex_yucatan_desc;The next step in our grand plan is the conquest of the Yucatan peninsula. Undoubtedly, the natives which densely inhabit these lands will not take us kindly, but we will show them that it is Ayllonia's destiny to achieve the Golden Circle!;;;;;;;;;;;;;
MEX_integrate_YUC_title;Integrate Yucatan;;;;;;;;;;;;;
MEX_integrate_YUC_desc;We have finally subdued the rebellious province of Yucatan that arose after the War for Independence. Let us reintegrate the peninsula into our state.;;;;;;;;;;;;;
YUC_integrate_MEX_title;Integrate Mexico;;;;;;;;;;;;;
YUC_integrate_MEX_desc;The Yucatan rebellion has come to an unexpected conclusion: more than a decade after it began, and when the world began to think that the separation between Mexico and Yucatan was almost solidifed, the rebellion, now a state of its own, destroyed its old oppressors. We shall now extend the rights we gave to the Mayans over to the natives of Mexico.;;;;;;;;;;;;;
MEX_show_of_force_title;Show of Force;;;;;;;;;;;;;
MEX_show_of_force_desc;The rebellious province of Nueva Vasconia, while having managed to fully separate itself from the Mexican nation, still holds large swathes of lands that are not inhabited by the descendants of the Basques, and the population of which is openly hostile to their government. If we show them what we are capable of, the Vaskonian government will no doubt return us the lands.;;;;;;;;;;;;;
MEX_northern_borderlands_title;The Northern Borderlands;;;;;;;;;;;;;
MEX_northern_borderlands_desc;With our core lands reconquered, we may start looking outside of our nation. While we made sure to separate our Republic from the ambitions of the failed Mexican Empire, the need to safeguard our northern border brings us the need to justify further conquests. One possible justification is the protection of smaller nations, such as the Vaskonians - but if we were to think bigger, integration of other peoples as equals may just lead to something bigger...;;;;;;;;;;;;;
MEX_take_fluminia_title;Take Fluviales;;;;;;;;;;;;;
MEX_take_fluminia_desc;The next natural step of our expansion would be incorporation of Fluviales, a nation whose population hails from the lands of Lusitania. Integrating them will not be easy, but our efforts to pacify the Rio Grande may bring us some insight.;;;;;;;;;;;;;
MEX_secure_great_plains_title;Secure the Grandes Llanuras;;;;;;;;;;;;;
MEX_secure_great_plains_desc;New threats loom from the plains of the north, ready to exploit the power vacuum that was left by our victories over Ayllonia. We shall secure the frontier.;;;;;;;;;;;;;
MEX_annex_california_title;Annex California;;;;;;;;;;;;;
MEX_annex_california_desc;The sparsely populated expanses of California and Nutka hold many untapped resources, many of our brethen and would grant us control over the entire Pacific coast. Let us bring the dream of complete Colombian unity closer.;;;;;;;;;;;;;
MEX_form_CLM_title;Form the Colombian Republic;;;;;;;;;;;;;
MEX_form_CLM_desc;Once, there was the Mexican Empire, whose quest for domination of the continent of Colombia brought untold death and destruction. Then, there was our state, which based its conquests not on imperial ambitions of any sort, but on a quest of brotherhood and unity for all Colombians. Now, we find ourselves as the sole inheritor of Leon's legacy in Colombia. We must formalize this union - proclaim the Colombian Republic!;;;;;;;;;;;;;
CLM_rockies_borderlands_title;Secure the Rocallosas;;;;;;;;;;;;;
CLM_rockies_borderlands_desc;The Montanas Rocosas are an integral part of our nation. One bit of them, however, has managed to escape colonization for quite some time. With all pressing matters sorted out, we should take what's left of the Mountains.;;;;;;;;;;;;;
CAL_annex_NBS_title;Annex Nueva Vasconia;;;;;;;;;;;;;
CAL_annex_NBS_desc;Originally Mexican province of Nueva Vasconia rebelled during the times of the Mexican Empire. They turned to us for protection, and now time has come to incorporate them into our state as equals.;;;;;;;;;;;;;
CAL_retake_NBS_title;Retake Nueva Vasconia;;;;;;;;;;;;;
CAL_retake_NBS_desc;We've lost the lands of Nueva Vasconia. The new owners of these lands will surely oppress the vulnerable population - we must take up arms and liberate it!;;;;;;;;;;;;;
AYL_kill_vrijland_title;End the Bandit State;;;;;;;;;;;;;
AYL_kill_vrijland_desc;The bandit state of Vrijland, having the audacity to call themselves 'liberators', clearly only bring chaos and disorder to the continent. In fact, they have been doing it for well over a century, ever since the colonial authorities of Denmark lost control of their Dutch subjects. Stability will only ensue if Vrijland is wiped off the face of the Earth.;;;;;;;;;;;;;
VRI_kill_ayllonia_title;Destroy Ayllonia;;;;;;;;;;;;;
VRI_kill_ayllonia_desc;With the fall of Ambrosia, it is only a matter of time until someone puts the remnants of the Ayllonian Republic our of their misery. Let it be us, for their lands are still full of enslaved peoples.;;;;;;;;;;;;;
VRI_accept_ayllonians_title;Integrate Ayllonians;;;;;;;;;;;;;
VRI_accept_ayllonians_desc;After the destruction of their wretched state, the population of the former Ayllonia finds itself in a state of limbo. While we claim to accept all people equally, clearly, the ideas of their superiority and the desire for exploitation of others lie deeply within Ayllonians. We must remake their society accordingly, so that the evils that arose from these lands may never come to be again.;;;;;;;;;;;;; 
VRI_take_AYL_borderlands_title;Cross the Ohio;;;;;;;;;;;;;
VRI_take_AYL_borderlands_desc;The Ayllonian state had managed to convince the Celts to give up some land in the north. Now that we've dealt with Ayllonia itself, we may seize their newly-made colonies.;;;;;;;;;;;;;
VRI_expand_frontier_title;Expand the Frontier;;;;;;;;;;;;;
VRI_expand_frontier_desc;To our north lies the Lacustrine Confederacy, a thorn in our side and a barrier to our expansion towards the Great Lakes. The lands that are held by these natives would be economically useful to an extensive degree, which means that we need to take action.;;;;;;;;;;;;;
VRI_manifest_destiny_title;Manifest Destiny;;;;;;;;;;;;;
VRI_manifest_destiny_desc;The last few decades have shown us that that nothing can stand in the way of our forces. Our main adversary, Ayllonia, has fallen to the relentless march of freedom. The future is clear: it is our Manifest Destiny to liberate Colombia from oppressors!;;;;;;;;;;;;;
VRI_liberate_acadia_title;Liberate Acadia;;;;;;;;;;;;;
VRI_liberate_acadia_desc;Acadia has long been a colony of Oilitania. And just like us, they have had an extensive history of colonial resistance - let us finally free them from the clutches of Paris!;;;;;;;;;;;;;
VRI_great_lakes_title;Expand in the Great Lakes;;;;;;;;;;;;;
VRI_great_lakes_desc;The lands of the Great Lakes turned out to be even more rich and profitable than we thought. We shall settle them in their entirety!;;;;;;;;;;;;;
VRI_ildathach_title;Liberate Ildathach;;;;;;;;;;;;;
VRI_ildathach_desc;Ildathach is a relatively young nation, having started to develop its national identity only during the Martletist Wars. This allowed the Gaelic Kingdom to keep Ildathach under their thumb. We will liberate them and incorporate them into our Republic!;;;;;;;;;;;;;
DES_beachan_title;Colonize Beachan;;;;;;;;;;;;;
DES_beachan_desc;We need to secure the lands in immediate proximity to our homelands.;;;;;;;;;;;;;
DES_ciseachachan_title;Colonize Ciseachachan;;;;;;;;;;;;;
DES_ciseachachan_desc;Ciseachachan is a continuation of the northern part of the Great Plains. We must secure it until the Ildathach do it.;;;;;;;;;;;;;
DES_move_south_title;Move South;;;;;;;;;;;;;
DES_move_south_desc;The plains to our south, known to the Hispanics as Extension Norte, are yet unclaimed by any Colombian powers. We should move in before anyone alse does.;;;;;;;;;;;;;
DES_secure_bhinnepeg_title;Secure Bhinnepeg;;;;;;;;;;;;;
DES_secure_bhinnepeg_desc;The borders of Ildathach are getting dangerously close to ours. And yet despite Gaelic expansion in the area, the most important lands around the Lake Bhinnepeg are still wild and empty. We cannot miss this opportunity to secure more land for our settlers.;;;;;;;;;;;;;
RGR_claim_altiplano_title;Claim Altiplano;;;;;;;;;;;;;
RGR_claim_altiplano_desc;Our lands are barren steppes with little to no natural resources, which means that we have no hope of ever becoming a self-sufficient nation. As such, we must claim our southern borderlands and secure the gold mines of Santa Maria del Oro and the iron mines of Zacatecas!;;;;;;;;;;;;;
AYL_conquer_taguzgalpa_title;Conquer Taguzgalpa;;;;;;;;;;;;;
AYL_conquer_taguzgalpa_desc;The nation of Taguzgalpa is an unfortunate one, being born an illegitimate and unwanted child of the Leonese and the Moriscos. They do, however, hold lands with significant potential for economic development. They will be better a part of the Republic.;;;;;;;;;;;;;
CAL_take_hawaii_title;Claim Hawaii;;;;;;;;;;;;;
CAL_take_hawaii_desc;We have maintained continuous presence on the islands of Hawaii for quite some time now. We must secure these islands to exert more influence on the Pacific.;;;;;;;;;;;;;
CLM_conquer_taguzgalpa_title;Conquer Taguzgalpa;;;;;;;;;;;;;
CLM_conquer_taguzgalpa_desc;The nation of Taguzgalpa is an unfortunate one, being born an illegitimate and unwanted child of the Leonese and the Moriscos. They do, however, hold lands with significant potential for economic development. They will be better a part of Colombia.;;;;;;;;;;;;;
CLM_kill_ayllonia_title;Integrate Ayllonia;;;;;;;;;;;;;
CLM_kill_ayllonia_desc;The nation of Ayllonia is, or was, one of the most important Hispanic nations in Colombia. Following the numerous defeats inflicted on them by us, they have completely fallen apart and lost all dignity. We finally bring this vast amount of our Hispanic brethen into the Union.;;;;;;;;;;;;;
MEX_colombian_ambition_title;Colombian Ambition;;;;;;;;;;;;;
MEX_colombian_ambition_desc;A new idea has sprung up among our people following our northern conquests. The integration of our brethen, so different yet so alike, clearly overstretches our state, and a simple '$COUNTRY$' is not fit anymore. We must strive for a creation of a greater union between all Hispanocolombians!;;;;;;;;;;;;;
CRP_accept_south_slavs_title;Accept South Slavs;;;;;;;;;;;;;
CRP_accept_south_slavs_desc;South Slavic peoples are, just like us, located between more powerful empires. Instead of fighting each other, we should unite to better resist those who try to conquer us.;;;;;;;;;;;;;
BRB_form_dietsland_title;Form Dietsland;;;;;;;;;;;;;
BRB_form_dietsland_desc;Back in the day, there was the Dutch Republic, a nation-state for all Lowlanders, that was successfully crushed by us. A no-brainer solution to our current identity crisis would be to simply take up the mantle of the old Dutch state as a basis for our own. However, there exists a vocal minority who call for an extended union between the Lowlanders and the Low Germans. Perhaps, Dietsland is our true destiny?;;;;;;;;;;;;;
debug_enable_title;Enable Debug;;;;;;;;;;;;;
debug_enable_desc;This decision allows you to enable debug. Don't click this if you don't know what you're doing;;;;;;;;;;;;;
RUS_georgievsk_title;Treaty of Georgievsk;;;;;;;;;;;;;
RUS_georgievsk_desc;The Treaty of Georgievsk was a bilateral treaty signed between Russia and Georgia. The treaty established eastern Georgia as a protectorate of Russia, which guaranteed its territorial integrity and the continuation of its reigning Bagrationi dynasty in return for prerogatives in the conduct of Georgian foreign affairs.;;;;;;;;;;;;;
LOM_invite_lucca_title;Invite the Duchy of Lucca;;;;;;;;;;;;;
LOM_invite_lucca_desc;Talks have been ongoing for several years with the small Duchy of Lucca on the matter of them joining the League. There exists heavy opposition to the accession of a new member state, considering the unstable situation inside the League, but the government is sure that securing a favorable treaty with Lucca will be met with jubilation in Milan.;;;;;;;;;;;;;
ITA_magna_graecia_title;Integrate Magna Graecia;;;;;;;;;;;;;
ITA_magna_graecia_desc;The Byzantine Empire had seized the southern tip of Italy all the way back in the 16th century. Since then, many Greek immigrants have arrived in the area, inflating the numbers of the local Griko population, which consists of the remnants of the ancient Greek settlements there. Thankfully, the Grikos have formed quite a distinct identity on their own, and we will be able to easily integrate them.;;;;;;;;;;;;;
ITA_claim_africa_title;Claim Africa;;;;;;;;;;;;;
ITA_claim_africa_desc;The Kingdom of Africa was a failed project of the Sicilian Hautevilles. Nevertheless, there are many ethnic Italians living in the coastal cities, and with Italy being in an active search for a colony, Tunisia and Tripolitania will become excellent candidates for our new lands.;;;;;;;;;;;;;
LOM_punish_tuscany_title;Punish Tuscany;;;;;;;;;;;;;
LOM_punish_tuscany_desc;The League of Milan is no more, but the consequences of its actions still linger in the air, as the damage from Tuscany's proclamation of a Kingdom has not yet been dealt with. We need to punish Firenze, and the whole Tuscan state.;;;;;;;;;;;;;
LOM_march_on_rome_title;March on Rome;;;;;;;;;;;;;
LOM_march_on_rome_desc;With Tuscany's demise, Rome, the Eternal City, is within sight. Ruled by the Pope, it will absolutely be a most prized posession for the conniving Greeks. We need to secure Lazio for ourselves, lest Constantinople does it before us.;;;;;;;;;;;;;
komneniad_form_italy_title;Form Italy;;;;;;;;;;;;;
komneniad_form_italy_desc;Italy has not been united since the days of Theoderic. Always a target of foreign conquerors, the small Italian states have been content with the nation being split apart. We need to bring an end to this state of affairs - Italy shall be united!;;;;;;;;;;;;;
ARE_annex_bern_title;Annex the Bern Confederation;;;;;;;;;;;;;
ARE_annex_bern_desc;Bern is a loose confederation of German states that came under our sovereignty following the Martletist Wars. With the situation around us rapidly changing, and the German nationalist cause gaining more and more traction, we must liquidate the entity and assume direct control of the Swiss borderlands.;;;;;;;;;;;;;
ARE_unite_the_burgundies_title;Unite the Burgundies;;;;;;;;;;;;;
ARE_unite_the_burgundies_desc;The duchies of Lower and Upper Burgundy have been disunited for many centuries. The Kingdom of Arles is technically the direct continuation of the Upper Burgundian state, and we must finally unite the children of the Rhone by claiming the throne of Lorraine.;;;;;;;;;;;;;
ARE_press_savoyard_claims_title;Press the Savoyard Claim;;;;;;;;;;;;;
ARE_press_savoyard_claims_desc;The Dukes of Savoy once held domain over both Savoy and Piedmont. Things have changed, and the two provinces are disunited again, but with Savoy being an integral part of the Arelat nation, we hold a substantial claim to the Piedmontese throne. Let us press it.;;;;;;;;;;;;;
ARE_claim_italian_throne_title;Claim the Italian Throne;;;;;;;;;;;;;
ARE_claim_italian_throne_desc;Arles has been directly involved in Italian affairs for many centuries. Now that we have firmly established ourselves in Northen Italy, we may extend our claims and conquer even the Eternal City!;;;;;;;;;;;;;
ARE_restore_occitania_title;Restore Occitania;;;;;;;;;;;;;
ARE_restore_occitania_desc;The Kingdom of Occitania, our sister and a close ally, fell during the Martletist Wars, its lands being forced to join union with Oilitanie. We are the most obvious inheritor of Occitania's legacy, and we must liberate Occitania's domains from the Oilitans, for we are the heirs to Occitania!;;;;;;;;;;;;;
ARE_annex_catalonia_title;Annex Catalonia;;;;;;;;;;;;;
ARE_annex_catalonia_desc;Catalonia is a natural extension of Occitania, being culturally, linguistically and economically close to us. Since we already hold substantial influence in the Balearic Sea, it would only be logical if we conquered Catalonia too.;;;;;;;;;;;;;
ARE_latin_empire_title;The Latin Empire;;;;;;;;;;;;;
ARE_latin_empire_desc;Our relentless ambition has brought the Arelat state to unseen heights. We are the masters of the Western Mediterranean, and with the lands we hold being so culturally close, we must unite them based on the common principles we share. Let us proclaim the Latin Empire, an heir to Rome!;;;;;;;;;;;;;
LTN_accept_spain_title;Accept the Spanish;;;;;;;;;;;;;
LTN_accept_spain_desc;The peoples of Spain are about as Latin as we are. We must integrate them.;;;;;;;;;;;;;
LTN_accept_france_title;Accept the Oilitans;;;;;;;;;;;;;
LTN_accept_france_desc;The peoples of Oilitania are about as Latin as we are. We must integrate them.;;;;;;;;;;;;;
FRA_lorraine_title;End the Duchy of Lorraine;;;;;;;;;;;;;
FRA_lorraine_desc;Lorraine is a remnant of the ages past, when the nation was disunited. We must bring the Upper Burgundians in line.;;;;;;;;;;;;;
FRA_arles_title;Down the Rhone;;;;;;;;;;;;;
FRA_arles_desc;The opportunistic Arles claims that the little mercantile state is the heir to Occitania. We will put them in their place and reintegrate the old Frankish lands of Lower Burgundy into France!;;;;;;;;;;;;;
FRA_wallonia_title;Protect Wallonia;;;;;;;;;;;;;
FRA_wallonia_desc;The Walloons have been subjugated by the Germans ever since the formation of the Holy Roman Empire. With the path to Wallonia clear, we must liberate them.;;;;;;;;;;;;;
ACA_independence_title;Independence for Acadia;;;;;;;;;;;;;
ACA_independence_desc;Acadia is ready for independence. It's better for us to part them the way Leon parted with Ayllonia, and not the way everyone parted with Vrijland - as such, we must do it now, before it's too late.;;;;;;;;;;;;;
komneniad_tips_BAV_title;The Komneniad: Tips;;;;;;;;;;;;;
komneniad_tips_BAV_desc;This decision will give you an event listing general tips and FAQs for a country you're playing. Tips typically include formables with incomprehensible requirements.;;;;;;;;;;;;;
komneniad_tips_BYZ_title;The Komneniad: Tips;;;;;;;;;;;;;
komneniad_tips_BYZ_desc;This decision will give you an event listing general tips and FAQs for a country you're playing. Tips typically include formables with incomprehensible requirements.;;;;;;;;;;;;;
AAL_formation_title;Propose Creation of Ard al-Hurriyah;;;;;;;;;;;;;
AAL_formation_desc;Following our War for Independence with Andalusia, Sahel al-Wafir and Biru, despite initially acting as a united front, split apart. There is no doubt that the destiny of our people is to unite the two countries into one. If we manage to secure good enough relations with our neighbor, the unification might turn our to be entirely bloodless.;;;;;;;;;;;;;
AAL_formation_militarily_title;Create Ard al-Hurriyah by force;;;;;;;;;;;;;
AAL_formation_militarily_desc;Unification of Sahel al-Wafir and Biru cannot be done without bloodshed. We must be the first ones to attack!;;;;;;;;;;;;;
AAL_annex_guaymura_title;Annex Taguzgalpa;;;;;;;;;;;;;
AAL_annex_guaymura_desc;Taguzgalpa was a nation born from war and bloodshed, and houses a population of half-Hispanics half-Andalusians. This bastard nation can't exist for much longer. Before any opportunists exploit this, we will end their independence to protect the Muslims living there.;;;;;;;;;;;;;
AAL_annex_welserland_title;Annex Welserland;;;;;;;;;;;;;
AAL_annex_welserland_desc;Welserland is an aristocratic German statelet on our eastern border. Relations with them have never been particularly good, as border conflicts were common. But as their nation is small, annexing it wouldn't be a problem.;;;;;;;;;;;;;
AAL_buy_welserland_title;Buy Welserland;;;;;;;;;;;;;
AAL_buy_welserland_desc;Welserland is an aristocratic German statelet on our eastern border. Relations with them have never been particularly good, as border conflicts were common. But as their nation is small, annexing it wouldn't be a problem. Thankfully, they have yet to gain independence, so we might just be able to buy Welserland.;;;;;;;;;;;;;
AAL_diplo_annex_WEL_title;Diplomatically Annex Welserland;;;;;;;;;;;;;
AAL_diplo_annex_WEL_desc;Welserland is an aristocratic German statelet on our eastern border. Relations with them have never been particularly good, as border conflicts were common. But as their nation is small, annexing it wouldn't be a problem. Though with their independence from the Germans secured, we might be able to convince them to join us..;;;;;;;;;;;;;
BIR_annex_borderlands_title;Annex the Borderlands;;;;;;;;;;;;;
BIR_annex_borderlands_desc;The borderlands of Biru have been claimed first by the colonial administration, then by the independent state of Biru, but true control has never been established. With advancements in technology and a changing world around us, properly integrating these lands is not just a possibility, it's a necessity.;;;;;;;;;;;;;
BIR_claim_lowlands_title;Claim the Lowlands;;;;;;;;;;;;;
BIR_claim_lowlands_desc;Jirijuta is a flat region next to the foothills of Biru. Certainly valuable, it must be secured.;;;;;;;;;;;;;
AAL_annex_faruduu_title;Annex Faruduu;;;;;;;;;;;;;
AAL_annex_faruduu_desc;Faruduu, meaning 'Swamp Country', is a loosely populated region on the Atlantic Coast, which has somehow managed to survive the various incursions and maintain its independence. Though in the past the crops which are grown locally were an extremely valuable commodity, nowadays these lands are of little interest to anyone. As they are populated by the descendants of the Mande, who follow Islam, we must incorporate this little country.;;;;;;;;;;;;;
BIR_claim_potosi_title;Claim the Potosi;;;;;;;;;;;;;
BIR_claim_potosi_desc;The Potosi Mountains are famous for having the biggest supply of silver in the world. Securing them would bring us invaluable wealth, and considering the detireorating relations with Antartida, it's a fairly logical thing to do.;;;;;;;;;;;;;
AAL_annex_guatemala_title;Annex Yucatan;;;;;;;;;;;;;
AAL_annex_guatemala_desc;In the centuries prior, when Andalusia and Leon waged war in the Antillean, our ancestors used the sour relations between the Natives of Mesocolombia and their Leonese overlords to their advantage by spreading the Islamic faith among the Mayans. And despite the fact that Andalusia was never able to firmly establish itself on the Yucatan, the ceonsequences of these actions are still felt, with many Mayans still being Muslim. As tensions between the Yucatec Hispanics and the Natives grow, the latter group may just welcome us as liberators.;;;;;;;;;;;;;
AAL_accept_mayans_title;Accept the Mayans;;;;;;;;;;;;;
AAL_accept_mayans_desc;With Yucatan secured, we may finally integrate the local populace into our administration.;;;;;;;;;;;;;
AAL_accept_andeans_title;Accept the Andeans;;;;;;;;;;;;;
AAL_accept_andeans_desc;The Natives of the Andes have long intermingled with the Janatiyin. We might not be of same ancestry, or speak the same language, but we share similar values. We must give them equal rights.;;;;;;;;;;;;;
IRA_form_iran_title;King of Kings, Ruler of Rulers;;;;;;;;;;;;;
IRA_form_iran_desc;The lands of Iran have been engulfed in chaos for many decades. It is time to subdue the other forces seeking to dominate Iran. We should unite these ancient lands!;;;;;;;;;;;;;
IRA_eat_iraq_title;Integrate Iraq;;;;;;;;;;;;;
IRA_eat_iraq_desc;Iraq has been under Iranian influence since it was conquered by the Sakarmans in the 16th century. We should fully integrate the Fertile Crescent into our state.;;;;;;;;;;;;;
IRA_secure_gulf_title;Secure the Persian Gulf;;;;;;;;;;;;;
IRA_secure_gulf_desc;The Persian Gulf is a lucrative trade lifeline of our entire Empire. We cannot allow the mercantile Arab lords on the southern coast to threaten our shipping routes. We should subjugate them!;;;;;;;;;;;;;
IRA_subdue_pashtuns_title;Subdue the Pashtuns;;;;;;;;;;;;;
IRA_subdue_pashtuns_desc;The eastern border of Iran has never been properly controlled by any of the Iranian Empires of old. To better protect our flank, we need to invade these lands and extablosh complete control over the local populace.;;;;;;;;;;;;;
IRA_accept_turkmen_title;Accept the Turkmen;;;;;;;;;;;;;
IRA_accept_turkmen_desc;The nomadic Turkmen tribes have troubled Iran for over a millenium. We will Persianise them.;;;;;;;;;;;;;
IRA_integrate_transoxiana_title;Integrate Transoxiana;;;;;;;;;;;;;
IRA_integrate_transoxiana_desc;Transoxiana, the Land between the Rivers, is a fertile area surrounded by inhospitable deserts and steppes. Since times immemorial, these lands have been inseparably tied with Iran in one way or another. We should secure them.;;;;;;;;;;;;;
IRA_eat_assyria_title;Conquer Assyria;;;;;;;;;;;;;
IRA_eat_assyria_desc;Assyria is a rogue state, with Assyrians barely contributing the majority of the population. With them holding lands that are populated by our Kurdish brethen, we should end the existence of this polity.;;;;;;;;;;;;;
IRA_caucasus_title;Invade the Caucasus;;;;;;;;;;;;;
IRA_caucasus_desc;The people of the Caucasus are, just like those of Mesopotamia, Transoxiana and Afghaistan, inseparably connected to Iran. We should take the Armenian and Shirvani lands.;;;;;;;;;;;;;
IRA_retake_mazandaran_title;Retake Mazandaran;;;;;;;;;;;;;
IRA_retake_mazandaran_desc;Mazandaran was conquered by Russia when the Sakarman state collapsed due to pressure from all sides in the 18th century. Russian meddling in Iranian affairs has deprived us of access to the Caspian Sea. If we are to prosper, this injustice needs to be rectified.;;;;;;;;;;;;;
TUR_eastern_frontier_title;The Eastern Frontier;;;;;;;;;;;;;
TUR_eastern_frontier_desc;With our core lands reconquered, we may look further to the east, where Afghan tribes bicker and sow chaos across the lands. If we've learned anything from the Manghit invasion, it's that you cannot allow thing like this to foster on your border. We need to take preemptive measures and attack.;;;;;;;;;;;;;
MGT_proclaim_empire_title;Proclaim the Manghit Empire;;;;;;;;;;;;;
MGT_proclaim_empire_desc;With the end of the Benderlid dynasty, we, the Manghits, are the only force left in Iran. Just as many conquerors before us have done, we shall absorb the Iranian culture and create a Persianate empire, seizing the future of these lands from the locals.;;;;;;;;;;;;;
AST_claim_new_holland_title;Claim New Holland;;;;;;;;;;;;;
AST_claim_new_holland_desc;The lands of New Holland were once claimed by the Occitan Empire, but revolution at home forced the colonisation efforts to be postponed, and, with the fall of Occitania, be completely abandoned. We can't allow any European or otherwise colonial power to hold lands in immediate proximity to us. We need to take New Holland ourselves.;;;;;;;;;;;;;
AST_claim_occitania_title;Liberate Occitania;;;;;;;;;;;;;
AST_claim_occitania_desc;When Occitania fell, the colonial governor of Meridionalia, Aimar Chambon, vowed to never abandon the Metropole. When the treacherous Great Powers of Europe fave Occitania to the vile Oilitans, Aimar Chambon refused to recognise the unlawful annexation. And even as the newly-formed 'France' declared that it had no interest in reclaiming Occitania's colonial Empire, Aimar Chambon didn't abandon the Fatherland, calling on all patriotic Occitans of the world to take part in a grand reclamation of the country. Despite the opposition, we shall officialize this ambition.;;;;;;;;;;;;;
AST_form_occitania_title;Form Occitania;;;;;;;;;;;;;
AST_form_occitania_desc;Despite all odds, the revolution, the foreign occupation and the exile in Meridionalia, the Occitan nation has endured, finding its way home one way or another. The ancient realm shall be restored - let us proclaim a free Occitania!;;;;;;;;;;;;;
ZPD_annex_prussia_title;Annex Prussia;;;;;;;;;;;;;
ZPD_annex_prussia_desc;Recent happenings in Germany clearly highlight how our diplomatic inactivity on this front and disinterest in the German affairs brought a severe threat to our border. If Bavaria is busy now, we need to solve the greatest issue of the all: the existance of Prussia, who deny us sea access.;;;;;;;;;;;;;
ZPD_great_national_reform_title;The Great National Reform;;;;;;;;;;;;;
ZPD_great_national_reform_desc;Not every one of the many nationalities of Zapadoslavia is yet properly represented in the administration, with there being many remnants of old feudal political organisation in place, such as the massive Crown of Bohemia of the Galician Autonomy. We need to reform the internal organisation of the state completely, so that many of the old and temporary institutions are replaced by a modern federal organisation, where all Slavs are equals. Th reform would include moving the capital to the nation's center - Krakow.;;;;;;;;;;;;
ZPD_create_ngf_title;Federalise North Germany;;;;;;;;;;;;;
ZPD_create_ngf_desc;Our extensive influence in the North German states can be used to our advantage. If we eliminate the last vestiges of Bavarian meddling in these areas, we can propose creation of a federal North German State, under our control, of course.;;;;;;;;;;;;
ZPD_expand_ngf_title;Expand the North German Federation;;;;;;;;;;;;;
ZPD_expand_ngf_desc;We can force the most culturaally similar of our 'allies' in North Germany to join the Federation.;;;;;;;;;;;;;
ZPD_take_sorbia_title;Take Sorbia;;;;;;;;;;;;;
ZPD_take_sorbia_desc;The Sorbs are a tiny West Slavic ethnic group who hail from the old Slavic population of Germany, the Wends. They have have, unfortunately, been left to live in Saxony, and are being actively assimilated by the Germans. We can leverage our influence in Saxony to force them to give up Sorbia, but the Duke of Saxony will NOT like that. ;;;;;;;;;;;;;
ZPD_liberate_sorbia_title;Liberate Sorbia;;;;;;;;;;;;;
ZPD_liberate_sorbia_desc;The Sorbs are a tiny West Slavic ethnic group who hail from the old Slavic population of Germany, the Wends. They have have, unfortunately, been left to live in Saxony, and are being actively assimilated by the Germans. We cannot allow our brethen to be completely eliminated under the German yoke: we must liberate them!;;;;;;;;;;;;;
ZPD_integrate_the_sorbs_title;Integrate the Sorbs;;;;;;;;;;;;;
ZPD_integrate_the_sorbs_desc;Having liberated the Sorbs, we can integrate them into our administration.;;;;;;;;;;;;;
UBD_unite_title;Federalise the Union;;;;;;;;;;;;;
UBD_unite_desc;The Baltic Union is a confederation that was left mostly stagnant after the dissolution of the Livonian Order in the 16th century. We must bring an end to this state of affairs and create a federal entity.;;;;;;;;;;;;;
LIT_annex_courland_title;Claim Courland;;;;;;;;;;;;;
LIT_annex_courland_desc;Courland had been historically heavily intertwined with Lithuania economically, politically and dynastically. With a changing political landscape in Eastern Europe, we must claim the small Duchy and incorporate it.;;;;;;;;;;;;;
LIT_cross_the_dnieper_title;Cross the Dnieper;;;;;;;;;;;;;
LIT_cross_the_dnieper_desc;For centuries the Grand Duchy of Lithuania seeked to restore its old domains, seized by the Russians in the 15th and the 16th centuries. All of them have failed, but we are certain that this time it will be different.;;;;;;;;;;;;;
LIT_retake_kiev_title;Retake Kiev;;;;;;;;;;;;;
LIT_retake_kiev_desc;The first stage of our reconquest has been successful! We must not stop the pressure. Kiev must by taken!;;;;;;;;;;;;;
LIT_restore_grand_duchy_title;Restore the Old Borders;;;;;;;;;;;;;
LIT_restore_grand_duchy_desc;With the core lands of our Duchy reconquered, we may look to the more distant domains, mostly in the steppes. Some of them have never even been properly controlled by us, but it must not stop our ambitions. Lithuania will be great!;;;;;;;;;;;;;
RUS_integrate_little_russia_title;Integrate Little Russia;;;;;;;;;;;;;
RUS_integrate_little_russia_desc;The lands of Little Russia are not ruled directly from Moscow, instead being organised as autonomous governorates (or hosts). It's time to incorporate the Mother of Russian Cities, Kiev, and the surrounding lands into Russia proper.;;;;;;;;;;;;;
RUS_finish_unification_title;Finish the Gathering the of Russian Lands;;;;;;;;;;;;;
RUS_finish_unification_desc;Centuries ago, The Grand Duchy of Lithuania began its incursion into East Slavic lands, taking advantage of the Mongol invasion and subjugating many lands, even managing to threaten Moscow itself. As time went on, we slowly reclaimed these lands, but now it is time to fully restore the borders of old Rus'.;;;;;;;;;;;;;
RUS_window_to_europe_title;A Window to Europe;;;;;;;;;;;;;
RUS_window_to_europe_desc;The Baltic ports in Livonia would certainly help Russian commerce. Klyuchevsk was a failed endeavour at getting such ports, but with there being no powers strong enough to stop us now, we must invade the Baltic Union and properly secure Baltic Sea Trade.;;;;;;;;;;;;;
RUS_incorporate_lithuania_title;Incorporate Lithuania;;;;;;;;;;;;;
RUS_incorporate_lithuania_desc;Integration of the Baltics and Belorussia make Lithuania a rump state, unable to defend itself from any invaders. We must annex them.;;;;;;;;;;;;;
RUS_accept_baltics_title;Accept the Baltic Peoples;;;;;;;;;;;;;
RUS_accept_baltics_desc;After our conquests on the Baltic Sea Coast, the population of these lands, consisting of Estonians, Latvians and Lithuanians, have never been given equal rights. We needd to integrate them fully.;;;;;;;;;;;;;
SWE_integrate_finland_title;Integrate Finland;;;;;;;;;;;;;
SWE_integrate_finland_desc;Following the Revolution in Sweden, Finland declared autonomy and refused to recognize the conquests of the Revolution. It's time to show them that such bold moves will not be allowed.;;;;;;;;;;;;;
SWE_claim_scandinavia_title;Claim Scandinavia;;;;;;;;;;;;;
SWE_claim_scandinavia_desc;The peoples of Scandinavia are all brothers, sharing similar values and hailing from the same ancestors. We must declare our intention to unify Scandinavia.;;;;;;;;;;;;;
SWE_form_scandinavia_title;Form Scandinavia;;;;;;;;;;;;;
SWE_form_scandinavia_desc;The concept of a united Scandinavia has never been proposed before, though it seems to be an obvious future for the Scandinavian peoples. We must unify them into a federation of equals.;;;;;;;;;;;;;
SCA_claim_baltics_title;Claim the Baltics;;;;;;;;;;;;;
SCA_claim_baltics_desc;Scandinavia has always had interest in the Baltic lands, with some states even directly holding land in the area. With a political unification of Scandinavia, we must return to our natural sphere of interest and claim Livland and Estland.;;;;;;;;;;;;;
DEN_claim_finland_title;Claim Finland;;;;;;;;;;;;;
DEN_claim_finland_desc;Finland declared autonomy from Sweden following a revolution in the latter, but as it became clear that the Swedish state utterly fell apart, they decided to declare full independence. We must protect them from Russia.;;;;;;;;;;;;;
DEN_form_scandinavia_title;Form Scandinavia;;;;;;;;;;;;;
DEN_form_scandinavia_desc;The concept of a united Scandinavia has never been proposed before, though it seems to be an obvious future for the Scandinavian peoples. We must unify them into a federation of equals.;;;;;;;;;;;;;
AYL_AI_comancheria_desc;The AI never colonizes states with cores of an existing country. This decision forces AYL to colonize a state with a MEX core;;;;;;;;;;;;;
YUG_form_title;Form Yugoslavia;;;;;;;;;;;;;
YUG_form_desc;The South Slavs are brothers, sharing the same hardships and speaking similar language. We should unite the Serbs, Croats and Slovenes!;;;;;;;;;;;;;
YUG_claim_yugo_title;Yugoslavism;;;;;;;;;;;;;
YUG_claim_yugo_desc;With our independence secured, we must seek to bring our South Slavic brothers into the fold by forming a united South Slavic nation. Let us claim the lands of Yugoslavia!;;;;;;;;;;;;;
YUG_claim_bulgaria_title;Claim Bulgaria;;;;;;;;;;;;;
YUG_claim_bulgaria_desc;Bulgarians might have come from Turkic stock and later heavily Hellenised, but they are still South Slavs. There are many of those who proposed including Bulgarians into the initial idea of Yugoslavia, so we must finally integrate them.;;;;;;;;;;;;;
ENG_claim_north_desc;Claim the North;;;;;;;;;;;;;
ENG_claim_north_title;The Northwest of England is occupied by the Celts. We should liberate our countrymen!;;;;;;;;;;;;;
BYZ_reclaim_crimea_title;Reclaim Crimea;;;;;;;;;;;;;
BYZ_reclaim_crimea_desc;Despite our previous agreement with Russia, our two states have found themselves at war with each other once again. This means that all agreements with Moscow are hereby declared null and void!;;;;;;;;;;;;;
annex_asian_puppet_title;Doctrine of Lapse;;;;;;;;;;;;;
annex_asian_puppet_desc;Asia is filled with small principalities, many of them being unable to defend and thus falling into dependence on imperialist powers. In order to better administer these lands, we should incorporate any subjects of ours directly into our Empire.;;;;;;;;;;;;;
komneniad_menu_title;Open the Komneniad Menu;;;;;;;;;;;;;
komneniad_menu_desc;This decision opens the Komneniad Menu, which allows you to see some info like debug, credits and other.;;;;;;;;;;;;;
AAL_win_title;Enforce Peace in Ard Alhuriya;;;;;;;;;;;;;
AAL_win_desc;By occupying an overwhelming majority of our enemy's provinces, we can force them to the negotiating table.;;;;;;;;;;;;;
KIB_end_slavery_title;End Slavery in Kibaru;;;;;;;;;;;;;
KIB_end_slavery_desc;Slavery is a relic of the past that we inherited from our Malian homeland. Arguably, exploitation of our kin was one of the reasons for the downfall of Mali. We must end this inhumane practice.;;;;;;;;;;;;;
KIB_retake_selidankan_title;Retake Selidankan;;;;;;;;;;;;;
KIB_retake_selidankan_desc;The Southern Frontier was seized by Antartidans in the wake of post-colonial chaos in Numanbola. With us managing to recover from the disastrous Civil War, we need to rectify this injustice..;;;;;;;;;;;;;
KIB_colonize_nogojidaga_title;Colonize Nogojidaga;;;;;;;;;;;;;
KIB_colonize_nogojidaga_desc;Nogojidaga is a swampy region on the crossroad of three nations. We must secure it ourselves, lest someone else takes it.;;;;;;;;;;;;;
KIB_future_of_kibaru_title;The Future of Kibaru;;;;;;;;;;;;;
KIB_future_of_kibaru_desc;Kibaru was set adrift following the collapse of the Mali Empire at the end of the 18th century. We faced civil war, Antartidan invasion and a demographic and economic collapse. As we made our way towards recovery, we have bested all of these issues, and now our position is stronger than ever. Other problems will have to be solved now. It's time to choose.;;;;;;;;;;;;;
KIB_form_arajana_title;Form Arajana;;;;;;;;;;;;;
KIB_form_arajana_desc;Arajana, our home continent, houses the descendants of various West African peoples - the Numanbolans, descended chiefly from the Bambara majority of Mali, Kuto Wolof, descended from the Wolof, and Faruduans, descended from the Mande. We all share the same values and follow the same faith. It is our destiny to be united and form a paradise for all Africans in the New World.;;;;;;;;;;;;;
KIB_move_capital_title;The New Capital of $COUNTRY$;;;;;;;;;;;;;
KIB_move_capital_desc;To the south of our current capital lies the city of Lorenuman, located in a natural bay. Due to its wetter climate and great views the town has been growing rapidly, with many immigrants and refugees choosing it when moving into Kibaru. We will renovate the city and establish it as a capital of our nation.;;;;;;;;;;;;;
KIB_form_mali_title;Restore the Mali Empire;;;;;;;;;;;;;
KIB_form_mali_desc;The Mali Empire was the greatest West African state, managing to compete with European powers in the New World after being the first to discover it. Unfortunately, it fell due to internal issues, an Andalusian invasion and religious fundamentalists. We have made the choice to claim the legacy of Mali - an we shall restore it!;;;;;;;;;;;;;
KIB_colonize_amazon_title;Colonize Kungo Belebeleba;;;;;;;;;;;;;
KIB_colonize_amazon_desc;Kungo Belebeleba is a great forest to our east, formed along the Maranian River. We should secure its southern half.;;;;;;;;;;;;;
AYL_buy_cuba_title;Buy Cuba;;;;;;;;;;;;;
AYL_buy_cuba_desc;During the signing of the Treaty of San Agustin, Leon insisted on keeping the island of Cuba in their possession, hoping to exploit the local plantations and exert influence on the entire Antillean. However, as years went by, local resistance strengthened, and now Cuba is little more than a dead weight on Leon's shoulders. If we were to offer them to sell it to us, chances are that they will agree to finally give it up.;;;;;;;;;;;;;
AYL_claim_cuba_title;Claim Cuba;;;;;;;;;;;;;
AYL_claim_cuba_desc;During the signing of the Treaty of San Agustin, Leon insisted on keeping the island of Cuba in their possession, hoping to exploit the local plantations and exert influence on the entire Antillean. Now, we must liberate the last colonial holding of Leon by force.;;;;;;;;;;;;;
CLT_annex_india_title;End the Bengal Protectorate;;;;;;;;;;;;;
CLT_annex_india_desc;The Bengal Protectorate was created as a temporary measure to administer the lands conquered by the Gaelic Kingdom in India. With our methods of governance advancing, it is becoming clear that the Protectorate has outlived its usefulness. It's time to annex it.;;;;;;;;;;;;;
ATA_claim_potosi_title;Claim Upper Biru;;;;;;;;;;;;;
ATA_claim_potosi_desc;When Occitan settlers arrived at the coast of the Pacific Ocean in the early 17th century, they were met by what seemed to be a diverse array of peoples undergoing Islamicization. As it later turned out, what they met was the Kingodm of Kollasuyu, a rump state of the Inca Empire that consisted of various local peoples who rebelled against the dying Empire during its conquest by Andalusia. These people were called the Culani, and before substantial contact could be made, the Kingdom was incorporated into Biru. Though the region is now firmly Biruan, we can't ignore the incredibly rich silver mines of the area, as well as sulphur deposits on the coast. We must conquer these lands!;;;;;;;;;;;;;
ATA_colonize_secaia_title;Colonize Central Secaia;;;;;;;;;;;;;
ATA_colonize_secaia_desc;Secaia, a region named so after its arid nature, is a vast plains region in the middle of Araiana inhabited by warlike native tribes. Proper conquest of these lands was deemed to be too costly for the longest time, but with new armaments and increasing need for the natives to trade and cooperate with us, we will take the plains over in no time.;;;;;;;;;;;;;
ATA_colonize_lespandida_title;Colonize L'Espandida;;;;;;;;;;;;;
ATA_colonize_lespandida_desc;L'Espandida is a flat, grassy plain to our south. Antartidan settlers have began venturing into these land a long time ago, and it's time for the Antartidan state to follow them and establish a proper administration.;;;;;;;;;;;;;
ATA_colonize_patagonia_title;Colonize Patagonia;;;;;;;;;;;;;
ATA_colonize_patagonia_desc;Patagonia evaded colonization due to fierce resistance of the native tribes in the area. Considering how strategically important the southern tip of Araiana is, we must secure the area.;;;;;;;;;;;;;
ATA_core_nogojidaga_title;Integrate Nogojidaga;;;;;;;;;;;;;
ATA_core_nogojidaga_desc;Nogojidaga is a marshy region to our north. Located on the crossroads of the major Araianan nations, it's only a matter of time until one of them takes these lands over. And we need to make sure it is going to be us.;;;;;;;;;;;;;
ATA_expand_orungu_title;Expand Influence in Orungu;;;;;;;;;;;;;
ATA_expand_orungu_desc;Orungu is a small kingdom in Gabon that was taken over by our forces in the last decade. The reason why they are so important for us is the fact that they offer to buy slaves at a lucrative price. If we were to build up the coastal areas we have already established control over, we could seize the slave supply ourselves, which would be useful for any future projects of ours.;;;;;;;;;;;;;
ATA_prospect_famatina_title;Prospect Famatina;;;;;;;;;;;;;
ATA_prospect_famatina_desc;Famatina is an area at the border of Cura and Catamarca regions that reportedly could contain valuable industrial resources. If Antartida ever wants to be a self-sustaining power able to project its influence over the entire South Atlantic, it needs a strong heavy industry, capable of producing both land and sea armaments. We should send prospectors to Famatina and the neighboring areas to find the hidden deposits, so that we don't have to import coal, iron and sulphur from abroad.;;;;;;;;;;;;;
ATA_slaves_for_famatina_title;Slaves for Famatina;;;;;;;;;;;;;
ATA_slaves_for_famatina_desc;After we have successfully established mines in the western part of Antartida, an expected problem became apparent: lack of labourers. Not many people coming into Antartida want to travel all the way to the far west, into arid steppe and mountain regions to toil away in the mines. As such, we will apply a more traditional solution: slave labour. Importing tens of thousands of negroes wouldn't be a problem considering our recent takeover of Gabon.;;;;;;;;;;;;;
ATA_prospect_trencavelia_title;Prospect Trencavelia;;;;;;;;;;;;;
ATA_prospect_trencavelia_desc;The Andes might have substantial deposits of natural resources, but we could look even closer to find what we search for. In the hills of Trencavelia Menor there are already significant coal deposits being developed. And in the plains of Trencavelia Mager, a town by the name of Minas de Corral was recently established, apparently located on a massive iron deposit. We need to look into these areas further and set up mines in the region.;;;;;;;;;;;;;
ATA_slaves_for_trencavelia_title;Slaves for Trencavelia;;;;;;;;;;;;;
ATA_slaves_for_trencavelia_desc;After we have successfully established mines in Trencavelia, an expected problem became apparent: lack of labourers. Not many people coming into Antartida want to travel to the supposed paradise-like regions only to toil away in the mines. As such, we will apply a more traditional solution: slave labour. Importing tens of thousands of negroes wouldn't be a problem considering our recent takeover of Gabon.;;;;;;;;;;;;;
ATA_giant_of_the_south_title;Hegemon of the South;;;;;;;;;;;;;
ATA_giant_of_the_south_desc;Ever since its establishment, Antartida has dreamed of becoming a self-sustaining, strong and peaceful country in the Southern Cone. Through tireless labour, ambitious ventures across the sea and conquests at home, we have succeded in becoming just that - the Hegemon of the South, an uncontested master of the Southern Seas and an undefeatable power on the continent.;;;;;;;;;;;;;
ATA_accept_afro_occitan_title;Integrate Former Slaves;;;;;;;;;;;;;
ATA_accept_afro_occitan_desc;With slavery in our country gone, we can integrate the descendants of African slaves we've brought.;;;;;;;;;;;;;
AST_colonize_interior_title;Colonize the Interior;;;;;;;;;;;;;
AST_colonize_interior_desc;The interior of Meridionalia is a harsh desert, not suitable for agriculture and troublesome to settle. We must, however, establish control over it.;;;;;;;;;;;;;
AST_colonize_interior_2_title;Colonize the Interior;;;;;;;;;;;;;
AST_colonize_interior_2_desc;The interior of Meridionalia is a harsh desert, not suitable for agriculture and troublesome to settle. We must, however, establish control over it.;;;;;;;;;;;;;
italia_irredenta_next_title;Italia Irredenta;;;;;;;;;;;;;
italia_irredenta_next_desc;With Italy Proper unified, the Italian State must look outwards. There are still many lands that have a considerable Italian population that are still part of other nations. We must unite all Italians no matter what!;;;;;;;;;;;;;
BYZ_accept_assyrians_title;Accept the Assyrians;;;;;;;;;;;;;
BYZ_accept_assyrians_desc;Centuries ago, the Middle East was an integral part of the Empire, populated by Christians and Aramaic-speaking peoples. This changed with the Arab Invasion, which swept away not just the Imperial Rule, but the very pillars upon which the local populace rested, which led to a gradual assimilation of the region. Though Ethiopian rule allowed the Christian populace to flourish, Islam nevertheless remained dominant. A reconquest of the region will be costly, but the locals would welcome us as liberators.;;;;;;;;;;;;;
BYZ_accept_syriacs_title;Accept the Syriacs;;;;;;;;;;;;;
BYZ_accept_syriacs_desc;Centuries ago, the Middle East was an integral part of the Empire, populated by Christians and Aramaic-speaking peoples. This changed with the Arab Invasion, which swept away not just the Imperial Rule, but the very pillars upon which the local populace rested, which led to a gradual assimilation of the region. Though Ethiopian rule allowed the Christian populace to flourish, Islam nevertheless remained dominant. A reconquest of the region will be costly, but the locals would welcome us as liberators.;;;;;;;;;;;;;
BYZ_accept_copts_title;Accept the Copts;;;;;;;;;;;;;
BYZ_accept_copts_desc;Centuries ago, the Middle East was an integral part of the Empire, populated by Christians and Aramaic-speaking peoples. This changed with the Arab Invasion, which swept away not just the Imperial Rule, but the very pillars upon which the local populace rested, which led to a gradual assimilation of the region. Though Ethiopian rule allowed the Christian populace to flourish, Islam nevertheless remained dominant. A reconquest of the region will be costly, but the locals would welcome us as liberators.;;;;;;;;;;;;;
AYL_colonize_greatplains_title;Colonize the Grandes Llanuras;;;;;;;;;;;;;
AYL_colonize_greatplains_desc;Security of our Northwestern border is of utmost importance. We must estabish control over the Plains.;;;;;;;;;;;;;
VRI_liberate_antillean_title;Liberate the Antillean;;;;;;;;;;;;;
VRI_liberate_antillean_desc;The Antillean Sea is still subject to colonialism, with many of its plantations bringing immense wealth to their respective overlords. In fact, in some cases, the grueling nature of labour made it more economically viable to simply keep importing more slaves in order to replace the dying ones instead of improving the working conditions. Though the decreasing profitability of the goods produced and an abolition of slavery in some European countries alleviated the situation, we can never be too sure to leave the Europeans to do what they want on our backyard.;;;;;;;;;;;;;
JIM_call_mcgill_title;Call McGill;;;;;;;;;;;;;
JIM_call_mcgill_desc;The Chucklander-Jimmylander war will be remembered for millenia.;;;;;;;;;;;;;
YUE_kapok_war_title;Kapok War;;;;;;;;;;;;;
YUE_kapok_war_desc;In $YEAR$, a failed coup attempt happened in $CAPITAL$, and though the perpetrators were unknown, the $COUNTRY_ADJ$ Government blamed their Southern neighbor and accused them of an attempt to subjugate the country. A rapid collapse of diplomatic relations ensued, and soon the two countries found themselves at war with each other. This was the start of the Kapok War - a prelude to Yue unification.;;;;;;;;;;;;;
NUB_coptic_education_title;Coptic Education;;;;;;;;;;;;;
NUB_coptic_education_desc;Nubia is an illiterate country. The Coptic Church's repeated attempts at establishing the basis of an education system all failed due to the calamities of recent decades. But, with the stabilization of both the internal and external situations, the state will take over these efforts and contact the Coptic University of Alexandria for expertise and assistance.;;;;;;;;;;;;;
NUB_import_crops_title;Import Western Crops;;;;;;;;;;;;;
NUB_import_crops_desc;Agriculture was always Nubia's strong suit. The fertile Nile Valley allowed us to grow large quantities of grain and fruit, with our southern regions even producing more expensive crops such as sugar. Though the traditional crops will always be an irreplaceable resource necessary for our survival, the fertility of Nubian lands allow for more valuable crops to be grown, such as tobacco and cotton. We will import a large amount of seeds from the West and plant them along the Nile, while also paying the farmers compensation for any inconveniences caused.;;;;;;;;;;;;;
NUB_increase_taxation_title;Increase Taxation;;;;;;;;;;;;;
NUB_increase_taxation_desc;Egypt to the north, Ethiopia to the south and the Fur to the west - Nubia is surrounded by enemies. Undertaking massive modernisation effort in such an environment is not easy. If we want to have spare funds to put into these projects, we will have to take funds from our population and army. It will not make either them happy, but if we are secure about our external situation, this is what we will have to do for the common good.;;;;;;;;;;;;;
NUB_eat_fashoda_title;Restore Order in the South;;;;;;;;;;;;;
NUB_eat_fashoda_desc;Nilotic tribes to our south have never been properly subjugated by either us or the Ethiopian Empire, with the latter receiving tribute from them, but not wanting to spend the time and resources to fully integrate them. With Ethiopia's collapse, they became independent. With a resurgent Ethiopia to our east, we cannot let this opportunity for expansion slide.;;;;;;;;;;;;;
NUB_retake_kordofan_title;Retake Kordofan;;;;;;;;;;;;;
NUB_retake_kordofan_desc;Kordofan was loosely controlled by the Ethiopian Empire during its height, with its population considering itself Nubian. However, beginning in the yearly 18th century, the Fur tribes to the west ramped up their efforts to penetrate the defenses in the area, eventually breaking through and seizing the region. Many locals, including the Oromo garrisons, were killed, enslaved or forcibly converted to Islam. It's time for the injustices to end.;;;;;;;;;;;;;
NUB_annex_darfur_title;Annex Darfur;;;;;;;;;;;;;
NUB_annex_darfur_desc;Lands west of Kordofan were never held by any civilized power. A multitude of tribes, with the most powerful of them being the Fur, roamed the desolate wasteland that wasn't worth the effort to conquer. Not anymore: integration of neighboring territories, modern methods of governance and, frankly, lack of other opportunisties for expansion make Darfur a logical choice for the next military campaign.;;;;;;;;;;;;;
NUB_integrate_nilotic_title;Integrate the Nilotics;;;;;;;;;;;;;
NUB_integrate_nilotic_desc;Nilotic people were always heavily intertwined with Nubia. Some of them, like Dinka, even originated in our lands. We can integrate them with ease.;;;;;;;;;;;;;
TAQ_import_intellectuals_title;Invite Coptic Clergy;;;;;;;;;;;;;
TAQ_import_intellectuals_desc;Preaching among the Dinka is not easy. While there has been some missionary activity during Ethiopia's height, the small amount of Christians in these lands did not allow for the formation of a solid number of clergy to appear. We will have to ask the Coptic Church in Nubia to send us some of their priests and missionaries.;;;;;;;;;;;;;
TAQ_end_slavery_title;End Slavery;;;;;;;;;;;;;
TAQ_end_slavery_desc;Slavery is a horrible practice propagated by the pagans and the Muslims. Maniyel himself was a rebellious slave, and, with enough support, we should be able to abolish the institution entirely.;;;;;;;;;;;;;
TAQ_cross_the_nile_title;Cross the Nile;;;;;;;;;;;;;
TAQ_cross_the_nile_desc;Across the Nile River live tribes yet unconquered by Maniyel, many of whom are Dinka. We should bring the light of Christ to these pagans!;;;;;;;;;;;;;
TAQ_southern_expansion_title;Southern Expansion;;;;;;;;;;;;;
TAQ_southern_expansion_desc;To our south are the Acholi, a Nilotic group similar to those of the north. And down the Nile, there are various small, but organized kingdoms on a big lake, which appears to be the source of the Nile. We must begin incursions into these lands.;;;;;;;;;;;;;
TAQ_reform_governance_title;Reform Governance;;;;;;;;;;;;;
TAQ_reform_governance_desc;Currently, our 'state' has no official structure, maintaining the original oragnization of a band of freemen lead by Maniyel, with the title 'Makkdom' slapped on it. We must create a state that will not crumble upon succession, and which can effectively resist foreign threats. This state will be known as the Anag Empire, a home for all peoples of the Southern Nile!;;;;;;;;;;;;;
TAQ_empire_of_the_nile_title;Empire of the Nile;;;;;;;;;;;;;
TAQ_empire_of_the_nile_desc;Unification of the peoples of the Southern Nile brought various rival groups together, and made them realise that they are very much alike, both in culture and language. In fact, as we go south, a clear pattern of division starts to appear: those whose languages resemble those of the Empire's North, and those who gravitate towards the south, beyond our Empire's reaches. One of such group are the Maasai, who have been dominating their neighbors for the past few decades. We will bring the Word to all peoples of the Southern Nile.;;;;;;;;;;;;;
TAQ_march_to_the_sea_title;March to the Sea;;;;;;;;;;;;;
TAQ_march_to_the_sea_desc;The Maasai, now properly integrated into the Anag Empire, have a history of incursions into the coastal area held by the Arabs and the Somalians known as Zanzibar. As our country becomes more and more familiar with the global community, we cannot be left without access to the sea. We will double down on these incursions.;;;;;;;;;;;;;
ETH_check_province_title;Smoke out the Rats;;;;;;;;;;;;;
ETH_check_province_desc;Bribes, threats and demonstrative violence - these are the tried and effective tools when dealing with an insurgency. Faking his death is one thing, but if Wube thinks he can successfully recuperate while hiding among a rebellious populace, he is dead wrong.;;;;;;;;;;;;;
ETH_ransack_province_title;Ransack Province;;;;;;;;;;;;;
ETH_ransack_province_desc;During the Zemene Mesafint, overtaxation and exploitation of civilian population became commonplace due to a vast majority of funds going towards warfare. Though with the cessation of hostilities this practice largely fell out of use, we could still employ this method to solve any financial issues at hand.\n§RAbuse of this practice will lead to demographic consequences!;;;;;;;;;;;;;
ETH_kill_jimmy_title;Conquer Jimma;;;;;;;;;;;;;
ETH_kill_jimmy_desc;The Kingdom of Jimma is an Oromo entity formed by elements loyal to the Emperor during the Zemene Mesafint. They refused to bow to Marye and his army following his victory, and thus they must be dealt with by force. To minimaze the effort required, we will wait until the end of the rainy season of Kiremt.;;;;;;;;;;;;;
ETH_invade_somalia_title;Invade Somalia;;;;;;;;;;;;;
ETH_invade_somalia_desc;There are many things one could say about Somalia, most of them not very pleasant to hear. Though epithets with which Amhara mothers curse the Somalis are truly fascinating, politics stand (at least slightly) above that.\nSomalia was subjugated over the course of the 16-17th centuries. The northern part was directly annexed and integrated, largely thanks to a channeling of the migrating Oromos into the formerly Somali lands, while in the south it was decided to set up a friendly Silcis Sultanate, a client state and a guarantor of peace. When the Imperial armies kept facing defeat after defeat in the north, the disloyal Somalis rose up in the south, with the Geledi clan coming out on top. In their barbarous ways, they wish to end Ethiopia and create an empire of their own. We will not let that happen.;;;;;;;;;;;;;
ETH_wild_oromos_title;Tame the Wild Oromo;;;;;;;;;;;;;
ETH_wild_oromos_desc;Controlling the Oromo is no easy task, especially in their own native lands south of Ethiopia. Though many Oromos that invaded our lands in the 16th century came to serve the Empire and eventually adopted our customs, there were those who remained in their ancestral steppes and hills, showing a fierce desire for independence and an unwillingness to cooperate. They were branded 'Wild' - both for their temper and their political status. Advancements of the current day allow us to effectively reach their lands and subjugate them beyond simply taking tribute.;;;;;;;;;;;;;
ETH_integrate_afar_title;Integrate Aussa;;;;;;;;;;;;;
ETH_integrate_afar_desc;The Afar proved to be a surprisingly loyal asset in our fight against Somalia. Not even once since being included in the Empire have they betrayed us, and they truly deserve a status equal to that of the Amhara.;;;;;;;;;;;;;
ETH_invade_nubia_title;Conquest of Nubia;;;;;;;;;;;;;
ETH_invade_nubia_desc;Ethiopian retreat from Nubia was comparatively orderly and very much non-chaotic, something which cannot be said about the events that unfolded in Syria, Egypt and pretty much every other part of the Empire. The local administration already consisted majorly of Nubians, and dealings with them were as effective as it got in the Imperial bureaucracy due to the region's high levels of integration.\nThe new Kingdom that arose after our retreat is not so keen on rejoining the Empire, though. Reintegrating Nubia would be easy, and would entail many benefits - perhaps, tonight is the time.;;;;;;;;;;;;;
ETH_invade_kordofan_title;Restore Order in Kordofan;;;;;;;;;;;;;
ETH_invade_kordofan_desc;Kordofan was always the most unstable of the Empire's peripheries. None have dealt us as many problems as the Fur nomads, Dinka raiders and disloyal locals. The balance in the region was kept by an artificially created Oromo population, which was moved here by the Imperial authorities with a single goal - to wage war against everyone and everything. And as the Empire started to cruble, things went downhill pretty quickly, with the Fur completely overtaking the region by 1737. The barbarians terribly mismanaged the lands and commited horrible atrocities against the locals. However disloyal they were, order must be restored in Kordofan.;;;;;;;;;;;;;
ETH_invade_egypt_title;Down the Nile;;;;;;;;;;;;;
ETH_invade_egypt_desc;The reconquest of Egypt is a heavy task. It was proposed countless times during the times of Marye of Yejju, it was his dream and an object of much thought and theoretisation over the years. But we were never this close to reclaiming the Empire's crown jewel. Alexandria, the seat of the Coptic Patriarchy, is within our grasp, control over a large population of loyal Copts and untold resources granted by the fertile Nile - all of these things could be ours again. Or, well, the Emperor's. Depends on how you look at it. But in any case, such a move would certainly put Ethiopia into the spotlight of Mediterranean politics once again.;;;;;;;;;;;;;
ETH_5y_decrease_infl_title;Leverage Political Connections;;;;;;;;;;;;;
ETH_5y_decrease_infl_desc;The Emperor is feared and respected across Ethiopia, even when his power is tied by the Regency. We can launch an offensive against it using the political capital accumulated throughout the years.\n§BThis decision can be taken once every 5 years.;;;;;;;;;;;;;
ETH_coup_regency_title;Launch a Coup;;;;;;;;;;;;;
ETH_coup_regency_desc;No matter what witty legal tricks the Regency attempts to use, or how hard they try to pose as a legitimate body, Negus's radiant power defeats all doubt in the hearts of the people. So much so that if it came to an open confrontation, the Emperor would wurely win.\n§RThough success is pretty much guaranteed, the Regency will surely put its vast network of connections to use, causing us harm depending on their current influence.;;;;;;;;;;;;;
ETH_invade_somalia_civilized_title;Reorganise Somalian Lands;;;;;;;;;;;;;
ETH_invade_somalia_civilized_desc;The reconquest of the lands seized by the Somalians was started several decades ago, but was never properly finished, with some areas still either residing under puppet sultans, or being entirely independent. We should fully integrate Somalia into the Empire.;;;;;;;;;;;;;
ETH_invade_kenya_civilized_title;Protectorate over Azania;;;;;;;;;;;;;
ETH_invade_kenya_civilized_desc;The region west of the Juba River, known to the Europeans as Azania, is split between the Somali-inhabited coast and the Shanqella-inhabited interior. As the region lies inbetween our domains, it would be wise to add the untamded highlands to our Empire, bringing the many local Shanqellas under our service.;;;;;;;;;;;;;
ETH_invade_equatoria_civilized_title;Tame the Southern Nile;;;;;;;;;;;;;
ETH_invade_equatoria_civilized_desc;Ethiopia has a long history of relations with the Shanqella, mostly that of enslavement. We didn't like them, they didn't like us, and only in the later years of the old Empire we started to spread Christianity among them, thus making some Shanqellas equal to us in our eyes. But our collapse stregthened their criminal beliefs, with only the man known as Maniyel being able to teach them some virtues. With advancements in medicine allowing us to effectively counteract the many illnesses found in the wilderness, we should claim the Southern Nile and integrate the locals.;;;;;;;;;;;;;
ETH_invade_nubia_civilized_title;Conquest of Nubia;;;;;;;;;;;;;
ETH_invade_nubia_civilized_desc;Ethiopian retreat from Nubia was comparatively orderly and very much non-chaotic, something which cannot be said about the events that unfolded in Syria, Egypt and pretty much every other part of the Empire. The local administration already consisted majorly of Nubians, and dealings with them were as effective as it got in the Imperial bureaucracy due to the region's high levels of integration.\nThe new Kingdom that arose after our retreat is not so keen on rejoining the Empire, though. Reintegrating Nubia would be easy, and would entail many benefits - perhaps, tonight is the time.;;;;;;;;;;;;;
ETH_invade_kordofan_civilized_title;Restore Order in Kordofan;;;;;;;;;;;;;
ETH_invade_kordofan_civilized_desc;Kordofan was always the most unstable of the Empire's peripheries. None have dealt us as many problems as the Fur nomads, Dinka raiders and disloyal locals. The balance in the region was kept by an artificially created Oromo population, which was moved here by the Imperial authorities with a single goal - to wage war against everyone and everything. And as the Empire started to cruble, things went downhill pretty quickly, with the Fur completely overtaking the region by 1737. The barbarians terribly mismanaged the lands and commited horrible atrocities against the locals. However disloyal they were, order must be restored in Kordofan.;;;;;;;;;;;;;
ETH_invade_egypt_civilized_title;Reconquest of Egypt;;;;;;;;;;;;;
ETH_invade_egypt_civilized_desc;The reconquest of Egypt is a heavy task. It was proposed countless times during the times of Marye of Yejju, it was his dream and an object of much thought and theoretisation over the years. But we were never this close to reclaiming the Empire's crown jewel. Alexandria, the seat of the Coptic Patriarchy, is within our grasp, control over a large population of loyal Copts and untold resources granted by the fertile Nile - all of these things would certainly put Ethiopia into the spotlight of Mediterranean politics once again.;;;;;;;;;;;;;
ETH_invade_syria_civilized_title;Reclaim Syrian Provinces;;;;;;;;;;;;;
ETH_invade_syria_civilized_desc;Syria and the Holy Land do not hold the same importance as they did four hundred years ago. But when we left these lands, we also left the population that we have worked hard on to Christianize and protect from Arabic influence. The may not have been the most loyal of subjects, but in the stormy waters of the current day they will not find a better alternative than to be an equal citizen of Ethiopia, their religious and cultural brethen.;;;;;;;;;;;;;
ETH_invade_armenia_civilized_title;Utilize Armenian Nationalism;;;;;;;;;;;;;
ETH_invade_armenia_civilized_desc;The Armenian Church is a unique institution in a sense that it holds very high importance among the Armenians themselves. It served as a prime unifying force and a source for the formation of the Armenian nation. Their amicable relations with the Coptic Church are fact that cannot be overlooked, and with our borders stretching all the way to Armenia (even encompassing some of them), we may use this fondness to pry Armenia away from Greek hands, in which Armenians feel less comfortable than they would have felt in ours.;;;;;;;;;;;;;
form_ethiopia_title;Become Negusa Nagast;;;;;;;;;;;;;
form_ethiopia_desc;Ethiopia fell into another Age of Princes shortly after unification. By destroying our rivals, we can install a new Emperor in Gonder and bring peace to the troubled lands.;;;;;;;;;;;;;
ETH_past_mistakes_title;Mistakes of the Past;;;;;;;;;;;;;
ETH_past_mistakes_desc;The Regency left quite a mess in its place. While their defeat was inevitable, we didn't make enough of an effort to isolate the enemy, which meant that government offices, military and the Church was stuffed with their supporters. With its leaders gone, the entire network went underground, becoming extremely difficult to smoke out but still being able to cause some ruckus. An organised effort will have to be made to solve this issue.;;;;;;;;;;;;;
ETH_restore_empire_title;Restore the Empire;;;;;;;;;;;;;
ETH_restore_empire_desc;After Ethiopia recovered from yet another civil war, it yearned to bring the military expertise gained during the civil war to its enemies. We might have been denied our imperial ambitions in the past, but now nothing stands before us and restoration of part glory.;;;;;;;;;;;;;
ARM_greater_armenia_title;Claim Greater Armenia;;;;;;;;;;;;;
ARM_greater_armenia_desc;Though Armenia managed to maintain its independence through the tumultous 19th century, many of our people still languish under the foreign boot. If the Armenian people are to thrive, we need to unify the diaspora and restore the glory of Old Armenia!;;;;;;;;;;;;;
BYZ_become_rhomania_title;A New Roman Identity;;;;;;;;;;;;;
BYZ_become_rhomania_desc;Debates about the Empire's official name have been ongoing for nearly a decade now. Calling ourselves Romans won't do, just as adopting a mocking name of Western origin. With these principles in mind, one proposal gained substantial traction: the name is to be Rhomania, an identity separate from Roman, yet still closely linked to it. Rhomania would satisfy the hardline Roman advocates, as it holds practically the same meaning, and the Greek nationalists, who wish to see Greek indentity espoused on the official level. It is time to part ways with the past, for Rhomania is the future!;;;;;;;;;;;;;
SOM_open_clan_menu_title;Open the Clans Menu;;;;;;;;;;;;;
SOM_open_clan_menu_desc;Open the menu to see more information on clans and  interact with them.;;;;;;;;;;;;;
SOM_subjugate_the_oromo_title;Subjugate the Oromo;;;;;;;;;;;;;
SOM_subjugate_the_oromo_desc;The Oromo were settled in our lands by Ethiopia in an effort to pacify the lands, as the loyal Oromos were supposed to keep the Somalis in line. For quite some time, the policy showed itself to be working, but mothing could save Ethiopian rule over Somalia following the collapse of their Empire. The loyalist Oromo fought bitterly, but in the end lost. No matter the hatred between us and them, we will have to come to terms with their large numbers inside out borders and integrate them, as well as their kin in the wild lands west.;;;;;;;;;;;;;
SOM_safeguard_zanj_title;Safeguard the Zanj Coast;;;;;;;;;;;;;
SOM_safeguard_zanj_desc;Our holdings on the Zanj Coast provide us control over important trade routes and give us valuable resources, which we are trading for immense profit to the Europeans. But we control only a strip of land by the coast, which is vulnerable to attacks by tribes from the inland. We need to subjugate these tribes and establish a strong presence inland.;;;;;;;;;;;;;
SOM_accept_tigray_title;Accept the Tigrayans;;;;;;;;;;;;;
SOM_accept_tigray_desc;Tigrayans have been living under the influence of Amhara culture for centuries, forming a single Ethiopian cultural continuum with it. But through secularization of interethnic relations and propaganda, we may pry away the Tigray nation from Ethiopia and earn their trust.;;;;;;;;;;;;;
ADU_kill_MAD_title;Expedition to Malai;;;;;;;;;;;;;
ADU_kill_MAD_desc;The Island of Malai has been under our influence since the 16th century, the time of our first landfall in the area. Wrestling it from the control of the Natives, we spread Islam in the coastal regions, trying to undermine the pagan authority, which we did successfully, as evidenced by our large domains on the island. However, Christian enroachment has been felt as of recently, ever since the establishment of their colonies on Bourbon and Mauritius. With our colonial forces no longer spread thin, we can justify an invasion of the island's interior in order to establish a colonial administration encompassing the entire island.;;;;;;;;;;;;
ADU_annex_AKR_title;Annex Antankarana;;;;;;;;;;;;;
ADU_annex_AKR_desc;Antankarana is a small chiefdom on the northern coast of Malai. As the age of imperialism comes, we are no longer in need of indirect rule, with the native chiefs as the middlemen.;;;;;;;;;;;;;
ARA_annex_najran_title;Annex Najran;;;;;;;;;;;;;
ARA_annex_najran_desc;The small Shia principality of Najran is a Yemeni polity established in the 17th century is the only remnant of the Zaydis. It was originally an ecclesiastic polity, but later shifted towards a more traditional secular power structure. Their hostility to us justifies our inevitable conquest of them.;;;;;;;;;;;;;
ARA_invade_oman_title;Invade Muscat;;;;;;;;;;;;;
ARA_invade_oman_desc;The Muscati Empire has long been an emeny of the Emirate of Diriyah, the two fighting for dominance in the Arabian Peninsula but never managing to fully crush the enemy. Now, it seems like the Muscati power is at an all-time low, and it would be a perfect opportunity to finish our unification of Arabia.;;;;;;;;;;;;;
ARA_unification_call_title;Call for Unification;;;;;;;;;;;;;
ARA_unification_call_desc;With the fall of the Sultanate of Muscat, we are the only major power left on the peninsula. It is time to move north and liberate Mashriq from all sorts of unbelievers!;;;;;;;;;;;;
ARA_proclaim_caliphate_title;Proclaim the Wahhabi Caliphate;;;;;;;;;;;;;
ARA_proclaim_caliphate_desc;The Wahhabi movement has reached incredible heights. Our conquests are spoken of in all corners of the world, for a few decades ago our name was not known to those outside of the region. And out of a small desert statelet we have carved out a great empire - thus let us proclaim the Caliphate of the Unitarians and bring forth a new Golden Age of Islam!;;;;;;;;;;;;
HDJ_call_NAJ_title;Request help from Najran;;;;;;;;;;;;;
HDJ_call_NAJ_desc;The small Shia principality of Najran is a Yemeni polity established in the 17th century is the only remnant of the Zaydis. It was originally an ecclesiastic polity, but later shifted towards a more traditional secular power structure. While they are Shia and have no reason to cooperate with us outside of the current circumstances, we could convince them that the Hedjazi revolt is their last hope in the face of Wahhabi domination of the entire peninsula.;;;;;;;;;;;;;
YEM_eat_najran_title;Incorporate Najran;;;;;;;;;;;;;
YEM_eat_najran_desc;The small Shia principality of Najran is a Yemeni polity established in the 17th century is the only remnant of the Zaydis. It was originally an ecclesiastic polity, but later shifted towards a more traditional secular power structure. It is the only other independent Yemeni state, and their subjugation will untie our hands in all foreign affairs.;;;;;;;;;;;;;
NAJ_become_yemen_title;Claim Yemeni Leadership;;;;;;;;;;;;;
NAJ_become_yemen_desc;The Principality of Najran was established in the 17th century as an ecclesiastic polity, without any ambition to participate in Yemeni politics. However, the situation we find ourselves in presents a perfect opportunity to establish Shia rule over Yemen and bring peace to the land.;;;;;;;;;;;;;
NAJ_tagswitch_yemen_title;Move court to Sana'a;;;;;;;;;;;;;
NAJ_tagswitch_yemen_desc;Governance would be more efficient if we moved our capital closer to the Yemeni heartland, allowing us to use the locals in the governing process and legitimizing our state.;;;;;;;;;;;;;
YEM_southern_yemen_title;Claim Hadhramaut;;;;;;;;;;;;;
YEM_southern_yemen_desc;Hadhramaut is a region traditionally considered Yemeni that was forcefully deprived by the Muscati Empire. Discontent is frequent among the tribes, and many of them promise that if we were to lend them support, they would start an uprising in order to unite Yemen.;;;;;;;;;;;;;
YEM_asir_title;Claim Asir;;;;;;;;;;;;;
YEM_asir_desc;Asir is a mountainous region to our north. The local tribes would welcome our rule if we employed the same methods tat we use when dealing with the southern tribes of Yemen.;;;;;;;;;;;;;
OMA_annex_hadhramaut_title;End the Hadhramaut Governorate;;;;;;;;;;;;;
OMA_annex_hadhramaut_desc;The Hadhramaut Governorate was established in 1812 as a half-hearted attempt to keep the Yemeni tribes content with Muscati rule. It is now evident that the governorate has outlived its usefullness, as advancements in governance allow us to directly control the land. We shall seek further centralization if we want to modernize the country.;;;;;;;;;;;;;
OMA_spread_ibadism_title;Authorise Missionary Efforts;;;;;;;;;;;;;
OMA_spread_ibadism_desc;Ibadi Islam is the faith of the Sultan and of the majority of the population in Muscat, but not outside of it. Large swathes of land, primarily in Hadhramaut and in the Persian Gulf do not follow Ibadism. Small-scale efforts to convert the locals have been made, but with centralization in full swing, we shall devote more attention to the matter.;;;;;;;;;;;;;
OMA_reconquer_zanj_coast_title;Reconquer the Zanj Coast;;;;;;;;;;;;;
OMA_reconquer_zanj_coast_desc;We lost the Zanj Coast to the Geledi following their rapid rise after the fall of Ethiopia. Though our powerful navy protected Zanzibar, the mainland was under firm control of the Somali tribes. Circumstances have led to us regaining the main portion of our holdings, and we shall claim the rest of the coast in order to secure greated control over trade.;;;;;;;;;;;;
OMA_hegemony_over_eastafrica_title;Hegemony over the East African Coast;;;;;;;;;;;;;
OMA_hegemony_over_eastafrica_desc;Our glorious conquest of the Zanj Coast gave us dominion over many Swahili-speaking peoples. With them already holding considerable influence in out country, we might as well declare a complete integration of the Swahili and lay claim to all of their lands, including those held by Al-Andalus.;;;;;;;;;;;;;
OMA_form_sayhad_title;Form Sayhad;;;;;;;;;;;;;
OMA_form_sayhad_desc;Muscat faces destruction at the hands of the Pan-Arabist movement. Our state is to be integrated into the larger Arab identity, and our people are to lose their unique worldview. But not all is lost: our dominant position in Southern Arabia opens an opportunity for the creation of a new identity. Sayhad was a region in modern-day Yemen appearing on some old maps, and its undefined nature allows us to shape it however we like, while maintaining the legitimacy of our new title. We shall adopt it as a defining state ideology.;;;;;;;;;;;;;
OMA_enforce_sayhadi_education_title;Enforce Sayhadi Education;;;;;;;;;;;;;
OMA_enforce_sayhadi_education_desc;Building a national identity is not an easy thing. With many tribes abandoning their traditional nomadic lifestyle and settling down, we receive a large amount of children to educate in schools, which opens way for mass indoctrination. The state aesthetics will be formed accordingly, based on experience from the West, in order to spread the Sayhadi identity among adults.;;;;;;;;;;;;;
ARA_bedouin_leadership_title;Claim Bedouin Leadership;;;;;;;;;;;;;
ARA_bedouin_leadership_desc;The deserts of Central Arabia are divided between two powers. We will mobilize the tribes and claim a dominant position among the Bedouins!;;;;;;;;;;;;;
ARA_claim_central_arabia_title;Claim Central Arabia;;;;;;;;;;;;;
ARA_claim_central_arabia_desc;Central Arabia was dominated by the Wahhabi Emirate of Diriyah, until its demise at the hands of various rebels. The fall of this state created a power vacuum in Central Arabia, one which we are now powerful enough to fill.;;;;;;;;;;;;;
ARA_unite_arabia_title;Unite Central Arabia;;;;;;;;;;;;;
ARA_unite_arabia_desc;Our control over Hedjaz, Hejd and Ha'il is now solidified. We shall create a new, centralized state and modernize the tribes, creating a synthesis of Islamic tradition and Western modernity.;;;;;;;;;;;;;
ZPD_influence_ngf_title;North German League;;;;;;;;;;;;;
ZPD_influence_ngf_desc;The Bavarian-led German Confederation is clearly just a tool that Munich uses to cpread its influence and subjugate the German states. If we were to damage the international standing of Bavaria, we could convince the North German states to challenge the Southern dominance by creating a union of their own, with the first step towards a political federation being a break with Bavaria.;;;;;;;;;;;;;
BYZ_release_exarchate_syria_title;Create the Exarchate of Syria;;;;;;;;;;;;;
BYZ_release_exarchate_syria_desc;The partisan war that the Syriac population had started against us brought untold destruction to the region of Syria, while also damaging our reputation worldwide and causing trouble on the homefront. Calls are heard from even the war hawks to stop the needless waste of resources and attempt to salvage what we can by granting Syria some autonomy.;;;;;;;;;;;;;
EGY_amman_convention_title;Delineate the Sham Desert;;;;;;;;;;;;;
EGY_amman_convention_desc;Our tragic loss of Northern Sham made it so the desert to the east is no longer our sole domain that we don't have to worry about. The global trend of enroachment on yet unclaimed lands is obvious, and there is a good chance that Constantinople may become interested in the aformentioned desert in the coming future. We should offer the Greeks to prevent any potential border conflicts in advance by figuring out the borders in the desert.;;;;;;;;;;;;;
BYZ_organize_iraq_title;Organize Mesopotamia;;;;;;;;;;;;;
BYZ_organize_iraq_desc;More than a thousand years after $COUNTRY_ADJ$ troops last sent foot in Mesopotamia, we have wrestled control of the region from the Muslims. But, just like before, it won't be easy to hold, as there is little to no loyal populace that we can rely on, with only small amounts of Assyrians present. It would be beneficial to immediately organize the region as an Exarchate and prepare to transfer governance to a loyal population base.;;;;;;;;;;;;;
BYZ_exarchate_of_assyria_title;Create the Exarchate of Assyria;;;;;;;;;;;;;
BYZ_exarchate_of_assyria_desc;We have gained control of the Christian lands of Assyria. While there is substantial reasoning to be made in favor of granting it outright independence, the weakness that this state has shown most certainly push us towards instead organizing it as an Exarchate, so that the locals can have a significant say in the governance of these lands.;;;;;;;;;;;;;
BYZ_union_of_bethlehem_title;The Union of Bethlehem;;;;;;;;;;;;;
BYZ_union_of_bethlehem_desc;The original idea of Michael Meshaka have become a subject of frequent debate in the Senate. As more and more lands comes under Imperial control in the Levant, the prospect of complete union with the local Christians comes closer, and the support for the idea starts coming from the locals themselves. An organized proposal by the Senate, The Union of Bethlehem, as it has been called, proposes the direct annexation of all Levantine exarchates and granting of rights to all Christians of these lands. Should it be realised, the Union will yield hundreds of thousands of new loyal subjects that the Empire can rely on.;;;;;;;;;;;;;
EGY_annex_LBN_puppet_title;Negotiate with Syria;;;;;;;;;;;;;
EGY_annex_LBN_puppet_desc;Creation of the Syrian autonomy solidifed Christian influence in the whole of Egypt. The Majlis has been adjusted to fit disproportionally more Syriacs, as there are no other autonomous regions under Egypt. Such a situation heavily undermined the authority of the King, as the Christians have now wrestled control of the Majlis and can overrule his vetoes on legislations. The next step of the legal coup is negotiating the political reintegration of Syria, which will open way to getting rid of the decadent institution of the monarchy.;;;;;;;;;;;;;
EGY_eat_nubia_title;Union with Nubia;;;;;;;;;;;;;
EGY_eat_nubia_desc;If one was to follow the flow of the Nile upwards, he would soon find himself in Nubia, a land starkly different from the civilized Egypt or Levant. Failure of the Nubian state to provide for its people, despite relative peace, left the area in a state that is more appropriate for the 18th century, with little advancement being made. For the betterment of the Nubian people, we will not deprive ourself of intervention and subsequent integration of Nubia into $COUNTRY$;;;;;;;;;;;;
form_ARU_title;Unite the Arabs;;;;;;;;;;;;;
form_ARU_desc;Disunity and strife plagued the Arab people since the end of the Islamic Golden Age. Invasions by Turks, Mongols, Habesha and Persians divided the Arabs, who would not form a state capable of challenging the invaders until recently. The era of disunity in the Middle East must end. We will unite the Arabs under a single state!;;;;;;;;;;;;;
ARU_annex_maghreb_title;Invade Maghreb;;;;;;;;;;;;;
ARU_annex_maghreb_desc;Maghreb suffered greatly from the negligence of Qurtubah, who failed to prevent the Christians from gaining a foothold in the region despite massive advantages. The locals of the region clearly sympathize with us, so the restoration of Arab rule in Maghreb is only a matter of time.;;;;;;;;;;;;;
EGY_integrate_hedjaz_title;Integrate Hedjaz;;;;;;;;;;;;;
EGY_integrate_hedjaz_desc;We no longer require the Hashemites to govern the Holy City of Mecca. We should revoke their mandate and install direct rule in Hedjaz.;;;;;;;;;;;;;
EGY_pacify_sham_title;Pacify Sham;;;;;;;;;;;;;
EGY_pacify_sham_desc;The Sham, or Syria as it is known to the Christians, became a hotbed of resistance activity in a culmination of centuries of Muslim-Christian rivalry. People have died, wars have been fought and treaties have been signed, and yet Sham is still under Egyptian control, firm as it ever was. The resistance of the Syriacs lies broken, and the sympathies of the commoners are on our side - this chapter of our history can thus be considered complete, with the Battle for Syria ending with an Egyptian victory.;;;;;;;;;;;;;
EGY_take_mecca_title;Seize the Holy Cities;;;;;;;;;;;;;
EGY_take_mecca_desc;Political developments in the Arabian peninsula make unfeasible our continued policy of non-intervention in local affairs. While we still have the opportunity, we should support the claim of some Hejazi nobles residing in our lands and claim the Holy Cities of Mecca and Medina for ourselves, making us a true spiritual leader of the Muslims.;;;;;;;;;;;;;
BYZ_seize_rome_title;Seize Rome;;;;;;;;;;;;;
BYZ_seize_rome_desc;Our last attempt to return the Empire to Rome ended with the bloody War of the Verona Alliance, which lasted from 1632 to 1653 and ended in our defeat. This time, however, an opportunity to gain Rome peacefully presents itself: through some smart political machinations, a few bribes and promises that we do not intend to keep, we can gain control of the nvm i just realised this decision is compeltely useless;;;;;;;;;;;;;
ARE_unite_the_midi_title;Unite the Midi;;;;;;;;;;;;;
ARE_unite_the_midi_desc;In the search for its destiny, the Arelat nation came at a logical conclusion - a herald of the Southern peoples, the liberator of the Midi and the guardian of the Alpes. It is not outward where the Arelat destiny lies, nor is it strictly inward, deeper into the ambitionless hole we were languishing in for so long. Arles' future lies among the fellow Southerners, in an eternal alliance of fraternity.;;;;;;;;;;;;;
AFR_victory_sicily_title;Restore Rule over Sicily;;;;;;;;;;;;;
AFR_victory_sicily_desc;The stalemate between us and the Carlistas forced an unwanted truce in 1828. The island of Sicily fell firmly into enemy hands, and in the years that have passed, the island has been mismanaged to a terrible degree. We will have to deal with the  mess created, while also restoring the economic links between Africa and Sicily.;;;;;;;;;;;;;
SIC_annex_africa_title;An Offensive into Africa;;;;;;;;;;;;;
SIC_annex_africa_desc;The Francescan invasion of Sicily has once again failed! We shall rally all Carlista loyalists and prepare to strike the enemy domains. The Hautevilles will be united!;;;;;;;;;;;;;
SIC_victory_title;Victory in Africa;;;;;;;;;;;;;
SIC_victory_desc;Our victorious forces, just like Romans during the Punic Wars, have landed in Africa and completely defeated our foe. Francesco has reportedly fled to Arles, which means that Carlo is now the only Hauteville left standing. Despite the odds, we have prevailed!;;;;;;;;;;;;;
AFR_annex_tripoli_title;Claim Tripolitania;;;;;;;;;;;;;
AFR_annex_tripoli_desc;For centuries, Tripolitania has been contested between us and the Muradid Sultanate, who enjoyed the support of Cordoba. The tug of war finally ended in the late 18th century, when the Muradids lost the last of their holdings around lake Djerid, and in 1830 they were pushed behind Wadi Zamzam. Their remnants, while having little to no actual forces do to so, still plot to retake their old domains. This petty rump state has to be destroyed.;;;;;;;;;;;;;
AFR_stato_da_mar_title;Establish the Stato da Mar;;;;;;;;;;;;;
AFR_stato_da_mar_desc;Our domains encircle the Tyrrhenian Sea, and our navy is unrivaled in the Central Meditarranean. We dominate on the islands and on the continent, and it is only right that we reform the old dynastic state into the Dominion of the Sea, a true hegemon of the Meditarranean.;;;;;;;;;;;;;
AFR_take_fezzan_title;Claim Fezzan;;;;;;;;;;;;;
AFR_take_fezzan_desc;Fezzan is an area to the south of Tripoli filled with important trade posts on the Trans-Saharan trade routes. The gradual subjugation of the region was started by the Muradids, but their decline in the 18th century made the region fall back into the nomads' hands. We will continue what was started.;;;;;;;;;;;;;
TRI_form_ifriqiya_title;Restore Ifriqiya;;;;;;;;;;;;;
TRI_form_ifriqiya_desc;Before the vile Hautevilles, aided by the polytheists in Rome and beyond, took the city of Tunis in 1548, the area known to us as Ifriqiya was ruled by pious Muslims. Since this loss, the Maghreb never recovered, and in the next several centuries the Hautevilles slowly took over more and more land, despite military campaigns by our brothers in Qurtubah. But our spirit never faltered, and though our cause was thought to be done for, we have triumphantly returned to Tunis and reclaimed the glory of our ancestors that was lost so long ago!;;;;;;;;;;;;;
TRI_return_to_tripoli_title;Return to Tripoli;;;;;;;;;;;;;
TRI_return_to_tripoli_desc;The city of Tripoli was contested between the Hautevilles and us in the 16th and 17th centuries, rapidly chaging hands until we finaly lost it in 1711. Many say that the loss of Tripoli spelled the end of the Muradid dynasty, as it was the last significant stronghold, surrounded by useless desert. But a miraculous military campaign allowed us to retake the city once more, meaning that the Muradid cause is not yet lost!;;;;;;;;;;;;;
BRB_cancel_serfdom_title;End the Geregistreerde;;;;;;;;;;;;;
BRB_cancel_serfdom_desc;The institution of the Geregistreerde is slowing our industrial development and otherwise harming the society. Despite opposition from the Flemish aristocracy, we must give the peasants and the factory workers freedom to choose their place of work.;;;;;;;;;;;;;
FRD_colonize_interior_title;Colonize the Faruduan Interior;;;;;;;;;;;;;
FRD_colonize_interior_desc;The jungles of Inner Faruduu are dominated by hills and mountains, all geologically part of the Guianan Shield. The steep slopes of the local mountains make it hard to access the many remote native villages in the area, but the abundance of rivers and rare specks of savannas make the settlement of the lands slightly easier. Many Faruduans have already began exploiting the area, and we should formalize the state's control over it.;;;;;;;;;;;;;
claim_guinea_jungle_title;Claim the Guinean Interior;;;;;;;;;;;;;
claim_guinea_jungle_desc;The jungles and highlands of Guinea were, for the longest time, a land unfeasible for colonization and even exploration. Local tribes displayed no willingness for cooperation, frequently attacking our colonies. Though traversing the land is still a problem, we should use our right of Effective Occupation and incorporate the lands as a colony.;;;;;;;;;;;;;
prospect_resources_title;Prospect for Natural Resources;;;;;;;;;;;;;
prospect_resources_desc;The Industrial Revolution and its consequences have created a need for large amounts of raw resources like iron and coal. Geologists of our country say that there may be some untapped deposits of valuable goods in our country's soil, and we could potentially exploit them through technological advancements.\n\n§GWith each researched technology from the 'Metallurgy and Mining' tree, more resources will become available!\n\nAfter 1920, research 'Electrical Power Generation' and 'Shift Work' for more resources.§!;;;;;;;;;;;;;
ASY_crush_the_kurds_title;Pacify Kurmanca;;;;;;;;;;;;;
ASY_crush_the_kurds_desc;If one was to ask where Assyria ends and Kurmanca begins, he would be left with no answer, for the areas inhabited by the Assyrians and the Kurds roughly correspond with each other. Though they might have a lot in common, this exact circumstance of sharing the same batch of not-the-best land makes them mortal enemies. Clashes of faith defined the relationship of the two peoples since the Arab conquest, and the rise of the Yazidi faith in the 13th century only worsened the already complicated situation. Yazidi Sheikhs did little good to the Assyrian Church, upon which the Assyrian identity is based, and even under Turki rule the rivalry continued, culminating in the 1806 showdown between a newly-independent Assyria and the Kurdish tribes. Though Assyria subjugated the vast majotiry of them, a number were deemed too costly to subdue, residing around the lake Van, from where they plot to overthrow our state once again - and their plans must be taken care of.;;;;;;;;;;;;;
ASY_unite_mesopotamia_title;Unite Mesopotamia;;;;;;;;;;;;;
ASY_unite_mesopotamia_desc;Beth Aramaye, or Asoristan, historically was an island of prosperity in a sea of war and strife, until the Mongol sack of Baghdad brought the area to the surrounding lands' standards. Though much improvement was seen during the Sakarman Empire, Mesopotamia still fell behind in development compared to the inner Iranian provinces due to the region being a constant battlefield between the Sakarman and the Ethiopian Empires. Turki efforts at courting the Assyrian people allowed a resurgence of the Christian culture in Lower Mesopotamia, but Assyria failed to gain hold of these lands upon independence in 1803. Under considerable pressure from the metropolitans of these lands, the Church of the East considers establishing control over the whole of Mesopotamia an utmost priority.;;;;;;;;;;;;;
ASY_subdue_euphrates_bedouins_title;Subdue the Euphrates Bedouins;;;;;;;;;;;;;
ASY_subdue_euphrates_bedouins_desc;The southwestern shores of the Euphrates river and the desolate deserts surrounding it are inhabited by the Bedouin tribes, with small pockets of Christians concentrated in the coastal cities, most notably Deir ez-Zor. The Al-Uqaydat Confederation controls the important city, which, if it would be deprived of Egyptian support, would be easy to crush, giving us the control over both of the banks of the Euphrates.;;;;;;;;;;;;;
ASY_form_beth_nahrain_title;Unite the Fertile Crescent;;;;;;;;;;;;;
ASY_form_beth_nahrain_desc;Centuries ago, before the Arab Conquest, the lands of Syria and Mesopotamia were united in their Christian faith and their Aramaic language. Though such a state of affairs was partially emulated during the Ethiopian rule, never since have the Aramaic people been a truly dominant force in the Middle East, ruling themselves under no foreign Empire, be it Ethiopian, Roman or Turki. The Land between the Rivers is now closer than ever to fulfilling the dream that was long sought after.;;;;;;;;;;;;;
ASY_unite_aramaeans_title;Union of the Aramaeans;;;;;;;;;;;;;
ASY_unite_aramaeans_desc;Mesopotamia was thought to be truly lost to the Muslims, but the Assyrian state proved the doubters wrong, establishing a strong powerbase in the area. Now, the gaze of Beth Nahrain turns towards the west, across the Euphrates River, where our Aramaic brothers await liberation. They shall join our state, and the Aramaic world will be united!;;;;;;;;;;;;;
ASY_accept_armenians_title;Integrate Armenians;;;;;;;;;;;;;
ASY_accept_armenians_desc;Armenian people are quite comparable to Assyrian: a relatively small group of Christians, stuck between a rock and a hard place of two, and recently even three, strong empires. Despite minor differences in faith, the historical circumstances in which our identities formed, as well as a long history of cohabitation allow the Armenian people to be effortlessly integrated into $COUNTRY_ADJ$ society.;;;;;;;;;;;;;
ASY_future_of_the_assyrian_church_title;Future of the Church of the East;;;;;;;;;;;;;
ASY_future_of_the_assyrian_church_desc;The Church of the East split off from mainstream Christian Chruches in 424 due to theological disagreements regarding the nature of Christ. Isolated and persecuted, the Assyrian Church remained a hermit in the Christian world, being branded heretical by other Churches despite the fact that the original differences that caused the split were largely gone - the Nestorian doctrine was seen as more and more distant by the Assyrians, as they moved to the more conventional form of dyophysitism. Attempts to reconcile were made in the 16th century, which caused a schism in the Church of the East. But today, the Assyrian state is independent and is free to do as it wills. And the matter of Church of the East must thus be resolved once and for all.;;;;;;;;;;;;;
ASY_formalize_governance_title;Formalize Assyrian Governance;;;;;;;;;;;;;
ASY_formalize_governance_desc;The Assyrian people historically organized around the Church of the East, which served as a formal goverment of the Assyrians as a 'state inside of a state'. This, combined with the lack of an actual independent Assyrian state, made the Patriarch of the East a practical political leader of the Assyrians. The 16th century schism in the Church of the East shook this institution, creating two rival lines of Patriarchs, one of which, the Shimun line, fled to Shiraz, while the other joined communion with the Coptic Church. The latter one enjoyed little support from the populace, and was destroyed following the seizure of Assyria by the Sakarman Empire in 1740. The Shimun Patriarchs were, as such, left as the only ones standing when the Sakarmans fell, becoming the leaders of an independent Assyria. But such a form of governance was never intended to be permanent - as the Patriarchal role is already heredital, assuming the title of the King of Assyria will give the country a more conventional intrnational position.;;;;;;;;;;;;;
ASY_build_university_title;Found a $COUNTRY_ADJ$ University;;;;;;;;;;;;;
ASY_build_university_desc;Just like anywhere else in the world, education in Assyria was a thing for the rich and the smartest. Traditionally, the Church of the East served as the main source of learning, while an extremely small amount of the luckiest individuals studied abroad, most notably in Rome, Constantinople or Alexandria. The efforts of the Sakarman Shahs to court the Assyrians resulted in a massive development of Assyrian scholarship among the diaspora in Shiraz, and a significant amount of these learned men returned to Assyria upon its independence or in the years following. The modern Assyrian state, in order to meet the Western standards, needs a common education system to spread literacy among the commoners. Considering the multiethnic nature of our population, developing such a system would not be an easy task, but a local university would most certainly help us complete this task, along with a multitude of others.;;;;;;;;;;;;;
ASY_reform_education_title;Create a National Education System;;;;;;;;;;;;;
ASY_reform_education_desc;In implementing universal education, Assyria faces problems that other states do not: its linguistic diversity. Unsurprisingly, it is quite hard to develop an education program that would suit all languages of Assyria, none mutually intelligible. However, some Social Scientists at the University of $CAPITAL$ say that this is not a problem, but rather is an objective circumstance that we must solve with the education reform. If the enforced education system was purposefully made monolingual, the fact that the national identities in most tribal peoples of the country are still not fully developed (compared to the European ones) could potentially force many people to think of themselves as Assyrians. Combined with the spread of Christianity among our non-Christian subjects, its could turn out to be a grand program that would change the cultural landscape of $COUNTRY$ forever.;;;;;;;;;;;;;
ASY_rescind_convesrion_title;Rescind Discriminatory Education;;;;;;;;;;;;;
ASY_rescind_convesrion_desc;The consequences of our education reform turned out to be a little more fiery than we have expected. If we would have done this reform several decades earlier, there would certainly be less of those who called for an end to what they call 'cultural and linguistic genocide'. Their denouncements, both at internal and external levels, may just make the whole ordeal not worth it, if the calls grow too loud.;;;;;;;;;;;;;
ASY_assyrian_mesopotamia_title;Assyrian Mesopotamia;;;;;;;;;;;;;
ASY_assyrian_mesopotamia_desc;The Mesopotamian heartland is now in Christian hands, for the first time in millenia. Thankfully, the Church of the East already had a vast ecclesiastical administration network in the area, so the complete integration of Mesopotamia, including its largest city of Baghdad, won't be a problem.;;;;;;;;;;;;;
PER_caucasus_title;Restore Persian Caucasus;;;;;;;;;;;;;
PER_caucasus_desc;The links between the Christians of Persia and Assyria on one side and the Armenians on the other were strong during under Sakarman Empire, and could be traced back to Antiquity. In fact, in most Persian Empires there have been, Armenians constituted the majority of the Christian population. They were a link between the East and the West arguably more than the Assyrians, and they had great relations with the Church of the East. As the Caucasus was seized by Russia during the final years of the Sakarmans, we would have a valid casus belli to liberate the lands.;;;;;;;;;;;;;
PER_accept_iranians_title;Accept the Iranians;;;;;;;;;;;;;
PER_accept_iranians_desc;Though our state has a Persian core, the many other Iranian people are still considered to be equal to a European or a Chinese person. All Iranian peoples shall be granted civil rights and integrated into Persia.;;;;;;;;;;;;;
ASY_invade_iran_title;Intervene in Iran;;;;;;;;;;;;;
ASY_invade_iran_desc;Iran has been in flames for three decades already, but a nomadic onslaught on Shiraz, the capital of the fallen Sakarman Empire, marks a culmination of 37 years of civil war. In the light of the devastation that this invasion is expected to cause (the learned men of Shiraz are well-informed on the Mongol and Timurid invasions), the vast ecclesiastical system that the Church of the East had built among the many Assyrians and Persian Christians is under the yhreat of being completely destroyed. The fleeing Assyrians are proposing the unthinkable: Assyria should use its advanced military and, with Greek help, seize control of Iran. §RAn invasion will commence immediately, and we will need to be quick, lest the scope of our actions will be felt deeply.§!;;;;;;;;;;;;;
ASY_become_persia_title;Crown the King of Persia;;;;;;;;;;;;;
ASY_become_persia_desc;Through fire and conquest, the Assyrian Army subdued the lands of Persia proper. Hundreds of thousands lay dead, the cities and the countryside are in rubble and the former nobility has been almost completely eliminated. The eastern provinces of the Church of the East remain as the only semblance of a functioning government in the devastated lands, as many join the congregation, seeing the feats that Assyria has acomplished, either in awe or fear. But in Nineveh, the political life is at its height: the Assyrians have never thought of such a possibility, but now they are in control of the whole of Persia! But the uncertainty of the future weighs down the celebrations. The Muslim resistance to occupation by the Christians has been high during the conquest itself, and now it is even higher - to survive and quell the brewing unrest, Assyria will need to fidn support among the locals it just conquered. With this in mind, the Patriarch called for an assembly of all of Persia, with the goal to elect and crown a new King.;;;;;;;;;;;;;
PER_sword_and_fire_title;Sword and Fire;;;;;;;;;;;;;
PER_sword_and_fire_desc;The history Christianity in Persia was always coupled with persecution. The Sasanian Emperors executed thousands of the faithful, giving the Church a multitude of Saints and Martyrs. The Islamic conquest brought almost a complete end for Christianity: only the filthy Turki horse lords, in their stupidity, allowed the Assyrian Church to exist freely in Persia. Now, history has been avenged: Persia sits firmly in Christian hands. But we cannot wait for God to punish the heathens in the afterlife. §RThe pit of fire§! will await them in this life, unless they repent. Only then we may forgive their sins.;;;;;;;;;;;;;
PER_end_sword_and_fire_title;End the 'Sword and Fire' Policy;;;;;;;;;;;;;
PER_end_sword_and_fire_desc;The policy of 'Sword and Fire' has seen great success in making the heathens of Persia see the light of Christ. However, the reaction from both the internal dissidents and the international community has been quite harsh. We are essentially close to being an international pariah because of the methods we employ. It would be wise to accept what we got out of the policy and end it for now.;;;;;;;;;;;;;
KDS_collect_tribute_title;Collect Tribute;;;;;;;;;;;;;
KDS_collect_tribute_desc;The complete collapse of trade links in the former lands of the Sakarman Empire led to an economic downturn in all for all its former subjects, with the Kurds being no exception. The underdeveloped highlands did not allow the tribal leadership to acquire any source of income other than the traditional taxation, and so, all in Kurdistan took up the questionable practice of forcing tribute out of the locals, like a herder would periodically cut a sheep's wool.;;;;;;;;;;;;;
KDS_rein_in_the_tribes_title;Rein in the Tribes;;;;;;;;;;;;;
KDS_rein_in_the_tribes_desc;The traditional tribal organization of the Kurds allows for much autonomy for a considerable part of the population, which includes the tribes that are only nominally subject to whoever would attempt to subjugate a considerable amount of them. This is the reason why the Kurds would rarely constitute something even remotely close to a singular, united polity that would act as one - a tribe bows to no one but its leader, and there are only so many tribes one person can control directly, having to instead rely on subordinate chiefs. But the Shekh's rule must be absolute if Kurdistan is to advance, both politically and socially.;;;;;;;;;;;;;
KDS_consolidate_lake_van_title;Consolidate Lake Van;;;;;;;;;;;;;
KDS_consolidate_lake_van_desc;The populous shores of the Lake Van, thanks to their remoteness and practical uselessness for neighboring powers, have remained unconquered even by the Sakarmans, whose rule was only nominal in these lands. The brave Kurdish tribes kept it to themselves for centuries, vying for power among each other while fighting off the fools that attempted to challenge the Kurdish independence. But change is felt in Kurdistan - technological advancements in various fields allow enemy armies to more effectively penetrate into the mountains, with the Assyrian Expedition of the Greek Army conducted in 1806 showing that an advanced enough force can easily break the Kurdish resistance. The independent tribes must for once unite under a single banner, to descend from their mountain fortresses as a united force that will assert itself as a modern polity in the Middle East.;;;;;;;;;;;;;
KDS_unite_kurdistan_title;Unite Kurdistan;;;;;;;;;;;;;
KDS_unite_kurdistan_desc;Characterized by rough terrain and a fierce population, Kurdistan was never truly conquered by any powers outside of it. The social organization of the Kurds, being at the same time a political one, allowed the Kurdish polities to lie dormant under foreign yoke. It first came to light when the Mongol Ilkhanate collapsed in 1290 due to internal strife - the Yazidi Shekhdom survived the 'conquest' and came out of it stronger, managing to sway many Turks roaming Western Anatolia at the time. This was Kurdistan's highest point of political advancement - but the Yazidi Empire fell it the 1430s, with the tribes being once again set adrift. Strife and oppression were the only things the Kurds had known since then - and time has come for the Kurds to reclaim their rightful place in history, unified for the first time in centuries.;;;;;;;;;;;;;
KDS_kurdish_uprising_title;Second Kurdish Uprising;;;;;;;;;;;;;
KDS_kurdish_uprising_desc;In 1799, following a coup by the Pashtuns and the Qizilbash, the Sakarman Empire fell into a decades-lasting civil war. Already severely overextended after their conquest of the Middle East from Ethiopia, the Sakarman forces quickly retreated out of Syria, and then Northern Mesopotamia, where the reigns of power were taken by the Assyrians. The Kurdish tribes did not sit idly and watch tribes fall into Assyrian hands one by one, launching an uprising that came close to dismantling the newly founded Assyrian state - only to be stopped in their tracks in 1806 by the Greek Army, that was sent here in an expedition, albeit deeply unpopular one, to help the Assyrians. In the decades that followed, we witnessed an unprecedented growth of Assyrian power under the lazy protection of Constantinople. And though repeating our feats in the First Uprising might seem like an impossibility now, the odds of a direct Greek intervention would be non-existant if we took the required precautionary measures - perhaps, 1806 could be avenged?;;;;;;;;;;;;;
KDS_eastern_bulwark_title;The Eastern Tribes;;;;;;;;;;;;;
KDS_eastern_bulwark_desc;The Kurdish society is, unfortunately, divided among two different religions - Sunni Islam and Yazidism, as well as a small minority of Shias. Though our ways of life and political situation are similar enough for a common identity to be somewhat felt, rarely did the majority Sunni Kurds of the east care about the affairs of their Yazidi brothers in the west. Such a division was also partially caused by a great difference in geographic circustances - the Western Kurds had their mountain to hide in, while the Eastern Kurds were too nestled too deep inside the urbanized Persians, a significant amount even populating the urban centers. Independence was thus left to be enjoyed only by the Western Kurds, whose duty it is now to unite all Kurds and set foot in lands that had not seen Kurdish rule for centuries - the rich Lower Mesopotamia.;;;;;;;;;;;;;
KDS_caucasus_title;A Caucasian Bulwark;;;;;;;;;;;;;
KDS_caucasus_desc;Relations between the Kurds and the Caucasian peoples have, just like any other relations in the region, a long and troubling history. The Kurds technically occupy a part of the Armenian homeland, and the Armenians know and despise it, though the newly-founded Armenian state never attempted to penetrate into the mountains with their limited resources. The Azeris, on the other hand, were quite friendly towards the Kurds, thanks not only to the shared Iranian heritage, but also to a respect of each others' faiths. With the Kurds emerging triumphant in their struggle with the Assyrians, we can deal a final blow to the Armenians and incorporate the Azeris, thus securing our northern flank.;;;;;;;;;;;;;
KDS_empire_title;text;;;;;;;;;;;;;
KDS_empire_desc;text;;;;;;;;;;;;;
ASY_retreat_from_iran_title;Retreat from Iran;;;;;;;;;;;;;
ASY_retreat_from_iran_desc;Before we involve ourselves deep in the Iranian campaign, maybe we should rethink our decisions and end the whole thing prematurely, unless things may get worse.;;;;;;;;;;;;;
decision_example_title;text;;;;;;;;;;;;;
decision_example_desc;text;;;;;;;;;;;;;
colonize_centralasian_desert_title;Subdue the Deserts;;;;;;;;;;;;;
colonize_centralasian_desert_desc;The deserts of Central Asia are harsh and inhospitable for permanent settlements. Only nomads and rare merchants can be seen in these lands. But these locations are of strategic importance to us, and must thus be tamed.;;;;;;;;;;;;;
CAU_form_title;Unite the Caucasus;;;;;;;;;;;;;
CAU_form_desc;The Caucasian lands are diverse, situated on a crossroads of large empires and sparsely populated - all of this lead to long periods of foreign domination. But circumstances have led the Caucasus to regain the reins of power: the Bagrationis of Georgia strenghtened their state, the Atabekians of Armenia headed a heroic fight against the Iranians, the peoples of the Northern Caucasus fended off the Russians and the Azeris overthrew the tyrants in Shiraz. The Caucasus is witnessing a historic moment: the complete unification of the land.;;;;;;;;;;;;;
CAU_unity_title;Caucasian Unity;;;;;;;;;;;;;
CAU_unity_desc;The Caucasus is about roughly divided between the Muslims and the Christians, whose relations are strained by hundreds of years of rivalry. We need to create an administration capable of accepting all religions.;;;;;;;;;;;;;
CAU_assyrians_title;Add Assyrians to the Caucasus;;;;;;;;;;;;;
CAU_assyrians_desc;The Assyrians, though not usually considered to be part of the Caucasian peoples, technically inhabit a portion of the Caucasus Mountains, and have historically intermingled with the other Caucasian peoples. Considering they are our brothers in faith, they could be integrated with little problem.;;;;;;;;;;;;;
CAU_kurds_title;Add Kurds to the Caucasus;;;;;;;;;;;;;
CAU_kurds_desc;The Kurds, though not usually considered to be part of the Caucasian peoples, technically inhabit a portion of the Caucasus Mountains, and have historically intermingled with the other Caucasian peoples. Considering they are our brothers in faith, they could be integrated with little problem.;;;;;;;;;;;;;
EPI_greater_epirus_title;Claim Greater Epirus;;;;;;;;;;;;;
EPI_greater_epirus_desc;The Armanite Project, started in the late 18th century, which unified the various disorganized Latin-speaking and Illyrian-speaking peoples of Epirus, has come so far that a national identity is now unbreakable. The Armanite State, as such, may no longer focus on internal issues and must go on the offensive to unite with the Armanites of Greece.;;;;;;;;;;;;;
NAP_proclaim_republic_title;Proclaim the Neapolitan Republic;;;;;;;;;;;;;
NAP_proclaim_republic_desc;The advent of foreign threats demands the end of temporary Noble governance. Long live the Neapolitan Republic, a free state in the Mezzogiorno!;;;;;;;;;;;;;
BYZ_offensive_in_syria_title;Offensive in Syria;;;;;;;;;;;;;
BYZ_offensive_in_syria_desc;Syria is in flames: not even the Army can safely reside in the region. In no province of the Empire should such horrors be allowed. We must decide on a course of action.;;;;;;;;;;;;;
BYZ_institutionalize_melkites_title;Institutionalize the Melkites;;;;;;;;;;;;;
BYZ_institutionalize_melkites_desc;The Melkites are a friend of ours in our process of integrating Syria. Thanks to our funding, each year their influence on the Syrian population increases, and many of them hold administrative positions in local governments. To fully integrate Syria we must go further, and merge the Melkites with the state by making them into the local bureaucracy, as well as ensuring their representation in the Legislative.;;;;;;;;;;;;;
EGY_annex_uqaydat_title;Incorporate Dayru z-Zawr;;;;;;;;;;;;;
EGY_annex_uqaydat_desc;Dayru z-Zawr, or Ed-Deir for short, was placed under control of the local Bedouin tribes after the fall of the Sakarmans. The remoteness of the city, which stands in the middle of the Syrian Desert, as well as its location on the edge of three powers (Assyria, Egypt and Iran) made it quite problematic to control, so the Egyptian King eventually offered the Bedouins vassalage, which they accepted. The so-called Uqaydat Confederation is weak, though, and their lands are better be confiscated as per the recent reforms in land ownership.;;;;;;;;;;;;;
DHO_foreign_power_support_title;Support Dhofari Independence;;;;;;;;;;;;;
DHO_foreign_power_support_desc;Dhofar was ceded by Bilarab al-Harthi, Sultan of Mascat, to a nobleman from the Jaboub clan. This nobleman turned out to be extremely selfish and willing to sell out his domain and turn against anybody in exchange for wealth. As such, if we wish to gain a foothold in South Arabia, we could exploit this and help Dhofar win the fight against Muscat.;;;;;;;;;;;;;
EGY_reinstate_greek_school_title;Reinstate the Alexandria Greek School;;;;;;;;;;;;;
EGY_reinstate_greek_school_desc;The Alexandria Greek School was famous throughout the Eastern Mediterranean during the times of Ethiopian rule for being the important link between the European and Coptic scientific communities. Unfortunately, it was forced to close down during Muhsin I's Siege of Alexandria. Though the scholars that worked in the School heavily contributed to the creation of the Egyptian parliamentary system at the Treaty of Alexandria, the School was never re-opened. Perhaps it would be beneficial to contact Constantinople and attempt to restore it.;;;;;;;;;;;;;
