Key;English;French;German;Polish;Spanish;Italian;Swedish;Czech;Hungarian;Dutch;Portuguese;Russian;Finnish;
153000DESC;In the troubled lands of the Danube River basin, peace was never an option. \nLong dominated by the Kingdom of Hungary, the diverse peoples of the area have been fonced to work in the fields for days on end in order to fulfill the ever-increasing demands of the foreign nobles. The regime came crashing down in 1788, however, when a combined Byzantine-Bohemian invasion forced the decadent kingdom to cede the borderlands - the king was murdered and an even more oppressive regency was established, which was in turn overthrown by a group of radical republicans. Hungary then became a hotbed of revolutionary activity, waging war against its neighbours until being crushed by the Byzantines, its Rumanian subjects carving out their own statelets. \nNow, more than a decade later, a new, radical idea is being born in the minds of the idealists - one of brotherhood and unity across the Carpathian mountains. \nAnd the unthinkable option may turn out to be the only right one.;;;;;;;;;;;;
153001NAME;Invitation to the Szeged Conference;;;;;;;;;;;;;
153001DESC;$FROMCOUNTRY$ has embraced the unthinkable idea of creating a unified Carpathian state, calling for a conference In Szeged. Do we accept the invitation, or do we embrace our own nationalist desires? \n§RWe will get annexed if Carpathia forms.;;;;;;;;;;;;
153002NAME;$FROMCOUNTRY$ accepts!;;;;;;;;;;;;;
153002DESC;$FROMCOUNTRY$ has accepted our invitation, thus commiting themselves to the Carpathian cause.;;;;;;;;;;;;
153003NAME;$FROMCOUNTRY$ declines!;;;;;;;;;;;;;
153003DESC;$FROMCOUNTRY$ has declined our invitation, declaring our idea to be insane and not even theoretically possible. Some figures in their government even called for arresting our diplomats, citing our attempts at reconciling the diffrences between the two Carpathian nations being insulting. However, the members of our delegation have managed to successfully slip out of the country. What do we do now?;;;;;;;;;;;;
153004NAME;$FROMCOUNTRY$ declares war!;;;;;;;;;;;;;
153004DESC;The $FROMCOUNTRY_ADJ$ lunatics have declared a war on us in response to s denying their insane idea of 'Rumanian-Hungarian unity'. Is this is what it takes to rid the world of this insanity, then we will fight.;;;;;;;;;;;;
153005NAME;Failure of the Szeged Conference;;;;;;;;;;;;;
153005DESC;One of the required signatories has refused to show up to the cinference, instead choosing to pursue its nation's own nationalist ideas. The Carpathian Dream has died in its infancy.;;;;;;;;;;;;
153006NAME;The Carpathian Coalition is defeated!;;;;;;;;;;;;;
153006DESC;After a gruesome war of our national survival, the so-called 'Carpathian Coalition' has backed down and recalled its desired to unify the historical enemies. Non we are free to pursue our people's destiny!;;;;;;;;;;;;
153200DESC;The Danube river basin has long been dominated by the Kingdom of Hungary (ruled by the Occitan Fois dynasty), the diverse peoples of the area being forced to work in the fields for days on end in order to fulfill the ever-increasing demands of the foreign nobles. The regime came crashing down in 1788, however, when a combined Byzantine-Bohemian invasion forced the decadent kingdom to cede the borderlands - the king was murdered and an even more oppressive regency was established, which was in turn overthrown by a group of radical republicans. Hungary then became a hotbed of revolutionary activity, waging war against its neighbours until being crushed by the Byzantines, its Rumanian subjects carving out their own statelets. \nLajos Batthyany, a Hungarian noble, was crowned as king as a result of the Constantinople Accords. He is known as a staunch patriot and a capable leader, and it remains to be seen what he makes of his beloved nation.;;;;;;;;;;;;
165000DESC;The empire, long divided, must unite. Long united, must divide. \n- Opening lines of the Romance of the Three Kingdoms \nAs the Chinese history always goes, it all started with a new dynastic cycle. The moment the Shun overthrew the Ming in 1644, it became riddled with the timeless plagues of its predecessors. Unable to overcome them, the Shun slowly waned, - the first victim came to be the territorial integrity, as the merchant states of Nanyue and Minyue established themselves in the South. Then, a breach of the Great Wall by the Tumeds, followed by a hasty retreat to Nanjing and the beginning of a new Warlord Era. \nWith the status quo being broken by a Korean invasion of the North, it becomes obvious that change is once again coming to China. It matters not who comes out on top, - the Koreans, the petty warlords or the Tumeds. One thing is certain - unification is nigh.;;;;;;;;;;;;
165001DESC;The beginning of the war in the North means that the strongest of the Shun breakaways, Yan, is now preoccupied with an enemy as strong as them. No matter the repercussions of this war, for the time being we are free to wage whatever war we desire, and as such, it is now time to end the long period of disunity in Central China and unite the petty warlords under our banner. \n§R We will receive a permanent annexation casus belli on every other contender in Central China.;;;;;;;;;;;;
165002DESC;We, the merchant states of the South, are unconcerned with the affairs of the North. Instead, our business lies in the South China Sea, where the Yue and the Min have traditionally held much influence. Over the years, as we expanded our operations in these areas, we grew ever more distant from the Greater Chinese nation, and eventually the local dialects evolved into a true national identity, separate from the Han. \nThe 'Yue', as we call the region, is a completely different area from the rest of China. We know that due to our advanced methods of warfare, which we learned from the West, we are safe from attacks from the North no matter what, - however, it does not mean we must sit idly and watch our northern neighbours' power grow. The people of the South must be united, and we will make sure that it is us who are at the forefront of this unification.;;;;;;;;;;;;
165003DESC;As the Ming Empire collapsed, its most loyal men fled to the island of Taiwan, known to the Westerners as Formosa. Here, the great general Koxinga established the Kingdom of Tungning, a temporary state before the planned return to the mainland. Things have turned out much differently, however, as the coastline became dominated not by the waning Shun, but by the merchant states of Yue and Min, who have since maintained a blockade (though poorly-enforced) on our nation. \nAs we enter the next period of Chinese history, it seems like Ming's chances of returning are slim. Nevertheless, we shall not give up our hope and accept defeat - for it is the underdog who will come out on top! \n§R Tungning currently has no content. You will get no flavour when pursuing the reclamation.;;;;;;;;;;;;
165004DESC;The Kingdom of Dali, a third bearing such name, rests in the mountains of Yunnan, away from the warmongering Northerners and the greedy Yue. What we are close to, however, is the Burmese Empire, who has relentlessly tried to assault our impregnable mountain fortresses. While they did see some success, the only thing they ever achieved was annexation of several borderland regions at the cost of countless lives lost. \nNow that their 'empire' is idle, we may finally turn our attention inwards. And the most pressing matter is plainly obvious: it is the massive amount of Muslim missionaries funded by Andalusia from their stronghold in Macao. We are not sure what the repercussions of this aggressive proselytisation are going to be, but not choosing a side is not an option, it seems. \n§R Dali currently has no content. You will not receive any unique events or decisions throughout your entire playthrough.;;;;;;;;;;;;
165005DESC;The Tumeds have never really amounted to much. They have been one of many Mongol tribes that roamed the Gobi Desert, raiding the nearby China and fighting among themselves - in short, doing the same thing they have done for the past millenia. \nThings changed very suddenly and very unexpectedly. First came the conversion to Vajrayana Buddhism, then - an attack on Ningxia. The tribemen were shocked to see the defenders flee without much pressure put on them, and soon, virtually without any real opposition, the Kingdom of Iryai was established, named after its capital. \nChange did not stop there, as instead of continuing the traditional nomadic lifestyle, the tribes decided to finally settle and pursue a more harmonious society, one free from war and hatred. The results can already be felt, as the steppes lie fully subjugated. But the conquest of China is a completely different task, - one not fit for a nomad.;;;;;;;;;;;;
165006DESC;The Shun Empire was born in 1644, when Li Zicheng, the leader of a massive peasant rebellion against Ming, proclaimed himself Emperor. The Empire did not last long, however, as we were soon met by increasing pressure from all sides. Despite the fact that we stayed unconquered by any outsiders, the disastrous Tumed seizure of Ningxia in the 18th century brought the Empire to its knees, and we were forced to retreat to Nanjing under the pressure of peasant rebellions. Now we must rebuild what we lost and strike down the pretenders and warlords alike! \n§RA unique opportunity presents itself in the North. We shall make our decision soon.;;;;;;;;;;;;
165007DESC;The Yan Kingdom is the strongest of the so-called 'central kingdoms', poised to become the victor of the decades-long struggle. Our favourable position in the North came to be our demise, however, as the opportunistic Koreans are now standing at the Shanhai Pass in an attempt to seize the Middle Kingdom for themselves. This cannot stand: we must defeat them and finish our unification of China! \n§RIf the Shanhai Pass falls, we will face growing unrest on the homefront, which may lead to a complete collapse of our country.;;;;;;;;;;;;
165008DESC;Never before have the lands of the Yue been unified under a single authority, other than under the Han. Their bloody conquests have not been forgotten though, and we shall make our distinct identities a point of pride. We will forge an Empire of our own in the South China Sea, one to rival both the Northerners and the Europeans.;;;;;;;;;;;;
165009DESC;Hangzhou was the only city that the Shun Dynasty managed to recover in the South after the states of Minyue and Nanyue were established. Despite the long period of occupation and suppression of the local Wu identity, the city's inhabitants have not forgotten the taste of freedom that once could be sensed in the streets. And now, as the city is once again in our hands, nationwide celebrations erupt as we score another major victory against the Han.;;;;;;;;;;;;
165010DESC;The Koreans have successfully broken through the Shanhai Pass using their imported artillery. We can only hope that they don't get any more of it.;;;;;;;;;;;;
165011DESC;Disaster strikes: our last line of defense has collapsed. The Korean Imperial Army has entered Beijing, their 'Emperor' making sure to enter the Forbidden City already, and it seems like they are preparing to proclaim him the Emperor of China as well. This may very well be the end of our kingdom. \n§RWe have detected some suspicious movements on our Southern border. It seems like the end is nigh.;;;;;;;;;;;;
165012DESC;Reports are coming to the Imperial court that our Northern adversary, the Yan Kingdom, is rapidly disintegrating. The Korean army has taken Beijing, and the number of loyalists rapidly dwindles. It is obvious that this is the moment we have been waiting for: it is time to strike North and reclaim our rightful lands before the Koreans get to them! \n§RIf Yan controls less than 70% of their country, we will receive massive defections in form of entire provinces and brigades!;;;;;;;;;;;;
165013DESC;The worst of our fears have become true, as the disloyal elements within our society are sensing the coming collapse of our state and actively switching to the enemy's side. We are left powerless. \n§RProvinces occupied by the Shun will now secede to them, together with the brigades which were recruited in them.;;;;;;;;;;;;
165014TITLE;$PROVINCENAME$ defects!;;;;;;;;;;;;
165014DESC;The rapid disintegration of our country prompted many disloyal elements within our country to betray our cause and switch to the enemy's side. Another province has sided with the invaders, causing us to lose control over the troops recruited from it as well.;;;;;;;;;;;;
165015DESC;Despite the overwhelming odds against us, we have managed to stop the invaders and recover from our malaise. With the defectors purged, we may finally continue the Reunification! \n§RWe have unlocked the Chinese Reunification CB!;;;;;;;;;;;;
165016DESC;The bloody Wars of the Central Kingdoms are now over, with us emerging as the victor. Now it is time to look to the North and finish what we started! \n§RWe have received an annexation casus belli on Shun and Yan.;;;;;;;;;;;;
165017DESC;All of our adversaries have fallen, save for the Koreans. The unification of China draws ever closer! \n§RWe have unlocked the Chinese Reunification CB!;;;;;;;;;;;;
165018DESC;Ever since the collapse of the Ming Empire in the 17th century, the Middle Kingdom has been engulfed by chaos and strife, suffering from yet another warlord period. Such things are not to last, however, as we have managed to subdue all of our rivals by force and unify China, hopefully for the last time. \nWith stability and order finally restored, we look forwards to avenging the injustices of the last two centuries, by force or diplomacy. Let Asia tremble before the might of the restored Chinese Empire, like they have before!;;;;;;;;;;;;
165019DESC;The end of the Ming Empire and the weakness of the Shun have left Korea in a vulnerable postition. Without a powerful Chinese protector to guarantee stability, Korea was seemingly beset by enemies on all sides. Such an unfavourable position forced Joseon to make some changes to their policies. The most important of them, - the decision to invade the disunited Manchu tribes, before they got up to anything of their own. The campaigns were a remarkable success, despite the fact that the Empire was forced to share the spoils with the Russians, and one and a half centuries of settlement followed. \nBut this was in the 18th century. Now, the young King Munjo sensed a completely different opportunity: the disunited states of China. A modern army and stability at the homefront will crush any warlord, but an ambition as great as unification of China and Korea may prove to be too much to handle for the young Emperor.;;;;;;;;;;;;
165021DESC;The Northern capital of China, Beijing, has finally fallen to our armies. The rapid collapse of the Yan Kingdom, thought to be the most likely candidate for Chinese unification, has caused great shock in the world. However, it seems like an event even more unexpected is about to be witnessed: the current King of Korea, Munjo, has publicly announced in the war-torn Forbidden Palace his desires to challenge the Shun remnants in Nanjing for the title of Celestial Emperor, which would mean that Korea may very soon be one country with China.;;;;;;;;;;;;
165022DESC;Recently introduced military reforms have brought the Western weapons with them. Despite gunpowder technology originating in China, our traditional guns and cannons are inferior to their Western counterparts in every way. This means that we can no longer effectively supply our troops, as many producers are swithcing to making more high-quality (and more expensive) Western firearms. \n§RWe can now build an arsenal in our capital.;;;;;;;;;;;;
165023TITLE;The $CAPITAL$ Arsenal;;;;;;;;;;;;
165023DESC;We have decided to invest into building an arsenal in our capital. What should we focus on?;;;;;;;;;;;;
165023A;Let's focus on §BAmmunition§! production.;;;;;;;;;;;;
165023B;Let's focus on §BSmall Arms§! production.;;;;;;;;;;;;
165023C;Let's focus on §BArtillery§! production.;;;;;;;;;;;;
165024DESC;Disaster strikes! Our armies have been beaten out of China by our rivals, all of our successes undone, though now many question if the were any sussecces at all, considering our current state of affairs. The country weeps, and any dreams of once again moving into China have been crushed. The future is uncertain.;;;;;;;;;;;;
165025DESC;It seems like our conquest of China has turned quite... anticlimactic. While we have been able to seize some land in China proper, our main target, Beijing, is not in our hands. It's not over yet: we can still rectify our mistakes and prepare the next strike. The most difficult part is over already!;;;;;;;;;;;;
165026DESC;A few days ago, Nanjing, the temporary capital of the Shun Dynasty, has fallen to the Imperial Army, and with it, the two centuries-long Shun had come to an end. What many would think to be a simple end of one dynastic cycle and the beginning of another, however, was something completely new in Chinese history, as King Munjo was determined to make sure that no new dynastic cycle would ever begin in China. \nAlready being the Emperor of Joseon and the only legitimate claimant to the Mandate of Heaven left, Munjo was crowned the Celestial Emperor in Beijing, formally uniting Korea and China into one being - Tultaehan, or The Two Great Han. This is a beginning of a new era for the peoples of East Asia, one of peace, prosperity and brotherhood.;;;;;;;;;;;;
165027DESC;The powerful Kingdom of Yan has finally fallen to the combined arms of Korea and Shun. With this powerful adversary out of the way, we can finally properly begin the process of reclamation.;;;;;;;;;;;;
165029DESC;The Kingdom of Iryai was established as an experiment unlikely to succeed: a feudal state founded by Buddhist nomads, pursuing rapid westernization. However, the underdog came out on top in the Wars of Chinese Unification, as the world now hears of a creation of the Xie Empire. \nFocused on spreading Vajrayana Buddhist teachings inherited from Tibet, the newly-formed state promised to bring peace and, most importantly, harmony between the millenia-long enemies: the Chinese and the Mongols. Whatever the outcome of this is, the political landscape of East Asia is sure to experience an inward turn.;;;;;;;;;;;;
165030DESC;The Xie Dynasty, our hated Mongol oppressors, have been recently overthrown. The country's majority, the Han, have as such established a national state of their own. At last, China is truly free from any sorts of oppression!;;;;;;;;;;;;
165028DESC;Many years have passed since the last warlord has been defeated and annexed into our nation. The wounds of this horrible era are starting to heal, as the people of China slowly forget about disunity. May a calamity of this magnitude never happen to China ever again.;;;;;;;;;;;;
165031DESC;The Final Battle has been lost. Our lands are occupied, our armies are beaten and our morale is nonexistent - this is the last defeat for the Shun Dynasty. But not because we are assured of our coming victories - no, it is because the Shun has lost. With only the port of Hangzhou left in the Empire's grasp, the state has virtually dissolved itself, the Emperor commiting suicide a few weeks prior. Being decapitated, it also means we cannot defend ourselves from the inevitable Min onslaught, as they rush to reclaim their long-lost fortress. \nIronically, the place where Shun made its only success also became our grave.;;;;;;;;;;;;
165032DESC;The AI is remarkably stupid, so they need some help. This event will fire every two months until the war is over and will give KOR and HEB a bunch of equipment so their armies reinforce.;;;;;;;;;;;;
165033DESC;You're an AI and have been at peace for too long, despite the fact that the starting event told you to get the bloodbath going. You cannot read, sure, and this exactly why this event exists. You will now select a random Central Kingdom to dec on. Sorry if you have 0 brigades or some shit, idc honestly.;;;;;;;;;;;;
165034DESC;One of our neighboring kingdoms, $FROM$, is amassing troops at our border. It is clear: we must prepare for the coming war!;;;;;;;;;;;;
165035DESC;Now that the tags are properly set up, you can dec.;;;;;;;;;;;;
165049DESC;The Kongsis operating on the island of Bo-Ni have expanded their operations to the local province of $PROVINCENAME$.;;;;;;;;;;;;
166000DESC;The Konbaung Empire, now the monster that lies to our West, has destroyed the last unified Thai satte, Ayutthaya, in 1767. On the ruins of Ayutthaya arose several warring states, each wanting to kick the Burmese out and restore a Thai state - but none acomplished that. In fact, only two of them survive now - Phimai and Ligor. \nRuled by Morakot, the son of Prayong, titular king of Ayutthaya, Phimai survived only because Burma could not be bothered to deal with the lands to their East after a period of instability that their Empire suffered in the 1770s. Morakot is no ordinary individual, however: his desire to reclaim what was lost during the times of his forefathers is well-known to all, and he may very much have the support he needs to at least partially acomplish his ambitions. \nTime will tell if the Thai can forge themselves a state again.;;;;;;;;;;;;
166001DESC;The French colonial holding in Saigon is a relatively new happening in the region, as they have exploited Cambodia's weak hold over the Cham lands on the coast. While the impact of French presence is not really felt politically, as the French don't seem to care about warring kingdoms in the region, it is very much felt in other spheres of life, as we have recently started receiving Christian missionaries trying to proselythise in the region. Most of the neighboring rulers have outright rejected the enroaching Europeans, but Morakot is of a different opinion of them. Perhaps, if we were to accept their influence, this would help us overcome the technological gap between ourselves and the Europeans.;;;;;;;;;;;;
166002DESC;As news of further European involvement in Asian affairs come in, the King of Vientiane, Khi Menh, has assumed that the the Burmese Empire will be distracted with wars with much stronger European powers. In an attempt to avenge his father Anauvong's death, who was killed by the Burmese after attempting a raid into their territory, Khi Menh has launched a raid on his own. Time will tell if he succeeds.;;;;;;;;;;;;
166003DESC;As news of further European involvement in Asian affairs come in, the King of Vientiane, Khi Menh, has assumed that the the Burmese Empire will be distracted with wars with much stronger European powers. In an attempt to avenge his father Anauvong's death, who was killed by the Burmese after attempting a raid into their territory, Khi Menh has launched a raid on his own. Time will tell if he succeeds. \nWe can only hope he doesn't.;;;;;;;;;;;;
166004DESC;Disaster! Khi Menh's raid against Burma has failed miserably. He suffered the same fate as his father, being executed by the much larger and more organized Burmese army, with the rest of his force mercilessly massacred. Due to him having no sons, an interregnum now begins in Vientiane, as the nobles struggle to put their favoured candidate on the throne. We can only hope that our rivals don't exploit that.;;;;;;;;;;;;
166005DESC;We are receiving wonderful news from Vientiane: Khi Menh's raid against Burma has failed miserably. He suffered the same fate as his father, being executed by the much larger and more organized Burmese army, with the rest of his force mercilessly massacred. Due to him having no sons, an interregnum now begins in Vientiane, as noble struggle to put their favoured candidate on the throne. It means that they are left very vulnerable to outside threats: maybe it is soon going to be the time to strike...;;;;;;;;;;;;
166006DESC;Our ally, the Kingdom of Vientiane, has recently attempted a raid against Burma, with their king, Khi Menh, leading the charge. \nIt failed miserably. \nHe suffered the same fate as his father, being executed by the much larger and more organized Burmese army, with the rest of his force mercilessly massacred. Due to him having no sons, an interregnum now begins in Vientiane, as noble struggle to put their favoured candidate on the throne. As pur dynasty is intertwined with theirs, it presents a perfect opportunity to attck, and maybe unify the Lao states. Nevermind that he was our ally.;;;;;;;;;;;;
166007DESC;The civil war in Vientiane has taken an unexpected turn. Their ally, Champassak, has presented a claimant of its own, attacking their former ally in an attempt to unify the Lao. Their armies are distracted, and it means that the time is ripe to begin the unification of the Thai and invade the lands on the Khorat Plateau that would be a great boon to our country.;;;;;;;;;;;;
166008DESC;Our unexpected conquest of the Khorat Plateau has shaken the court in Vientiane, as the succession crisis worsens. A group of defeatists, whose support among the common people rapidly grew, have managed to seize power in the kingdom, and now they have asked for support from us. This effectively means that we have gained complete control over our former rival, Vientiane.;;;;;;;;;;;;
166009DESC;Our unexpected conquest of the Khorat Plateau has shaken the court in Champassak, as the crisis worsens. A group of defeatists, whose support among the common people rapidly grew, have managed to seize power in the kingdom, and now they have asked for support from us. This effectively means that we have gained complete control over our former rival, Champassak.;;;;;;;;;;;;
166010DESC;Our colonial office in Saigon, Cochinchina, has recently started receiving interesting messages from inside of the Indochinese Peninsula. It seems like the small Princedom of Phimai, ruled by an ambitious individual named Morakot, has managed to defeat its Lao neighbors against the odds and establish itself as a dominant state in the area. While such happenings are not uncommon in Asia, and we wouldn't expect Morakot's conquests to last, Phimai is no ordinary princedom: it is the only remaining claimant to the throne of Ayutthaya, the last Thai kingdom that got destroyed by the Burmese Empire in 1767. People knowledgeable about the area say that the tide of Thai nationalism will soon become too much to handle for the Burmese, and the most realistic outcome for the region is a restoration of Siam spearheaded by Phimai. Morakot has also been keen to accept our Christian missionaries sent to his state. Many are proposing to offer him support, as he may come in handy later.;;;;;;;;;;;
166011DESC;Great news from Saigon! It seems like our recent conquests have not gone unnoticed, and the French government in Paris has decided to offer us support in the form of advisors and technology. It seems like they consider us to be the most likely victor in the coming wars in the region, and think that we may be helpful to them in some way. No matter what their true desires are, we shall gladly accept their help.;;;;;;;;;;;;
166012DESC;Rejoice! The grandest city of the Thai, Bangkok, is now in our hands. The Burmese occupants have been kicked out for good, and for the first time in a century, the old city is controlled by an independent Thai kingdom. Now it is time to make sure that no other disaster like that befalls the lands - we shall proclaim the Kingdom of Siam, the greatest Thai state.;;;;;;;;;;;;
166013DESC;The Kingdom of Mrauk U, also known as Arakan, was a small state on the eastern coast of the Bay of Bengal, existing as an independent polity since the 15th century. The kingdom has long evaded Burmese subjugation, while also not playing in active role in Burmese politics, instead focusing on the Mughal threat to the North. However, a series of defeats in the 17th century promted the end of the kingdom's Golden Age, forcing the small state into political isolation, which was only broken by the enterprising Danish merchants in the following century, and the later support by the Danish government led to an eventual annexation of the kingdom into Denmark. \nA serious threat and a major humuliation for the Konbaung Empire, Arakan was considered to be a high-value target by the Burmese. And today, this story finally ends, as the city of Mrauk U is officially annexed into Burma, one way or another. This opens up a new path for expansion for Burma - into the Indian subcontinent.;;;;;;;;;;;;
166014DESC;We are receiving news of a major war to our West, involving the Burmese Empire fighting a country considerably more powerful than them. Perhaps this is the moment we have been waiting for, and we shall soon reclaim our lost lands?;;;;;;;;;;;;
166015DESC;An interesting man has come to our Foreign Ministry: a Thai ambassador proposing a plan for partition of Cambodia, a sizeable kingdom in Indochina. While our governors of Saigon have long held desires to expand our colonial holdings in Cochinchina, the state has never really taken any active measures to do it. Now, however, we are presented with an interesting opportunity to expand in the region: a border extended all the way to the Mekong river would certainly benefit us.;;;;;;;;;;;;
166016DESC;The French have accepted our deal! We have met in their colonial holding of Saigon, where we have agreed on the partition of Cambodia. While we were sure that the French were going to demand Cochinchina, we were deeply saddened to find that they have decided to put the border on the Mekong River, thus taking a valuable chunk of Khmer-populated lands to the East of the river. Nevertheless, this will help us expand our domain! \n§RIf we sign a separate white peace with Cambodia, France will no longer abide by the stipulations of the treaty, annexing the entirety of Cambodia for themselves.;;;;;;;;;;;;
166017DESC;The French have refused our proposal, saying it 'is not in their interests'. We will have to defeat Cambodia on our own.;;;;;;;;;;;;
166018DESC;Angkor has fallen to our armies. Now we shall carve up Cambodia as agreed in the treaty of Saigon.;;;;;;;;;;;;
166019DESC;Our diplomatic efforts in Indochina have taken a serious hit, as we receive messages of Siamese forces being defeated by the Cambodians. It is unexpected, yes, but what it really means is that we can no longer abide by the stipulations of the treaty. That is, of course, if we manage to win this war.;;;;;;;;;;;;
166020DESC;Tragedy has befallen on the Cambodian nation. Our core lands and the city of Angkor have been overtaken by a hostile power, and we are reduced only to our holdings in Cochinchina. These lands are very unruly, however, as they are mostly populated by the tribal Cham peoples. Many are proposing embracing the Cham identity and letting go of our holdings in Cambodia.;;;;;;;;;;;;
166021DESC;We have received a most terrible telegram. Our French 'friends', or so we thought, having consolidated their domain in Dainam, have proposed a 'delineation of the border', which in European terms means that they are demanding land from us. From what we know, they want to establish the border on the Mekong river, which would take away a considerable chunk of our territory. The choice is ours: do we accept the humiliation or do we fight the all-powerful France?;;;;;;;;;;;;
166022DESC;The Siamese have refused our demands, meaning that our only choice now is war. Unless we want to suffer an international humiliation, of course.;;;;;;;;;;;;
166023DESC;The State of Ligor arose in the 1770s during a period of instability in the Burmese Empire caused by their recent conquests. As a Thai contender in the South, they had their own plans of restoring Ayutthaya, but fate thought otherwise: Burma stabilized, their hold on the Thai lands strengthened, and all dreams of their collapse did not come to be, as Ligor was left cornered against the Konbaung monster. And for the next few decades, they did nothing. All plans of greatness were abandoned, the army rotted and the nobles became increasingly decadent. It is a miracle they did not get swept away by the Burmese, really. \nAnd now, there is Siam. A unified Thai state, more powerful than it has ever been. And for the first time in the current century, anyone remembered about Ligor - the little statelet on the Malay peninsula. Realizing their impending doom, the Ligorians asked Bangkok to accept them into the growing kingdom - lest they would meet a most terrible end.;;;;;;;;;;;;
166024DESC;Angkor has fallen to our armies. Now we shall carve up Cambodia as agreed in the treaty of Saigon.;;;;;;;;;;;;
164001TITLE;Order restored in $COUNTRY$;;;;;;;;;;;;
164001DESC;It seems like our newfound independence was not to last. The armies of our overlords have marched on our capital, restoring their rule in $COUNTRY$. Maybe it's a good thing after all.;;;;;;;;;;;;
164000TITLE;We are free!;;;;;;;;;;;;
164000DESC;We have finally managed to make ourselves free from our overlords. Whether or not this is a good thing remains to be seen however, as our enemies are still numerous, and without proper protection many question our right to defend ourselves. After all, we are just a small meaningless principality.;;;;;;;;;;;;
164007DESC;With the Indian rebellion finally defeated, it became apparent that our previous methods of colonial administration have not been as effective as we thought. The existance of the Protectorate did not help us administer our territories in India in the slightest, but instead angered the population and provoked a rebellion. As such, the decision has been made to dismantle the Protectorate and incorporate its former territories directly into our state.;;;;;;;;;;;;
164006DESC;The years of anti-colonial struggle of the Indian people have finally paid off - the hated Celts, who occupied the Bengal region since the late 18th century, have finally been kicked out. The colonial administration has been torn down, the bureaucrats killed, and the so-called 'protectorate' dismantled for good. It remains to be seen if the pesky imperialists return, but for now, it is truly a glorious time for the Indian people.;;;;;;;;;;;;
164009DESC;The Indian Subcontinent has experienced a period of unprecedented peace in the last 20 years, with the two great rivals - the Maratha Confedercay and the Sikh Empire - not daring to make the first move. Ever since the betrayal of the Gaekwads in Beroda and their defection to the Sikhs, the balance of powers hasn't shifted, as the Indian states, big and small alike, watched Europeans cement their power on the coast. \nThis peace can't last forever. The Ganges has already been seized in its entirety by the Celts, and the French holdings in the South are rapidly growing. It is time to put an end to the Long Peace of India, and finally settle the century-long rivalry between the two giants.;;;;;;;;;;;;
155000DESC;The Kingdom of Bavaria is, perhaps, the most ambitious state of the last few decades. Upon unexpectedly inheriting the Holy Roman Emperorship in the 1780s after a period dubbed 'The German Renaissance', characterized by a massive increase in national consciousness, Bavaria immediately took up the recently born concept of a German nation-state and began reshaping the old Imperial infrastructure into a more centralised, German-centric form. This did not go with the Empire's borderlands - in particular, with Brabant. Bavarian kings were eventually made to recede their efforts, and, in the wake of republican upheaval of the 1800s, completely abandon the institution of the Holy Roman Empire once and for all. \nBavaria was surely defeated in this confrontation, but it did not lose the struggle as a whole. The last remnants of the defunct Empire in the form of the Zollverein and the German Confederation are still under firm Bavarian control, and the Constantinople Accords awarded Bavaria the much-needed rich lands of Northern Italy. \nThe fate of Germany depends entirely on Bavaria, and the German people await our next moves with bated breath.;;;;;;;;;;;;
155001DESC;Hiding in the shadow of the Kingdom of Bavaria, the disunited lands of Germany are plagued with civil strife, nationalistic upheaval and, most importantly, impatience. \nIn the 1780s, the Holy Roman Emperorship was inherited by the Wittelsbachs of Bavaria, ending the long period of Brabantian rule over the diverse lands. This came as a result of the 'German Renaissance', and it was when the idea of a united Germany took over the people's minds. This idea became the main point of concern of the coming decades, but the dream took a huge hit with the dissolution of the Holy Roman Empire after the Forty Days War. During it, Brabant secured not only its status as a Great Power, but also the heartland of Germany's young industry, the Rhineland. \nGermany lost the battle, but not the war. Soon Bavaria begun the process of rebuilding what was lost, beginning with the foundation of the German Confederation and the re-establishemnt of the late Imperial Diet in the form of the All-German Parliament in Frankfurt. And no matter what now, Germany is not a question of if, but when.;;;;;;;;;;;;
155002DESC;Today, Franz Joseph Ignatz von Fechenbach, the Duke of Franconia, has passed away at the age of 74. He was the first monarch of the re-established Duchy of Franconia, created as a result of the mediatisation of the local princedoms, mainly the Prince-Bishopric of Wurzburg. His brother, Georg Carl, was the last Prince-Bishop of the lands, and his staunch opposition to the annexation of Franconia into the Kingdom of Bavaria led to the 'Fechenbach Compromise' - the last prince's brother was made the first duke of the lands. \nFranz Joseph's eldest son, Friedrich Carl, is now expected to become the second Duke of Franconia. He will take the throne in a few days.;;;;;;;;;;;;
155004DESC;While parading through the streets of Nuremberg, the new Duke of Franconia, Friedrich Carl Joseph von Fechenbach, together with his brother Carl Anton and his wife has been shot dead by a rogue Martletist! While the assasin was immediately torn apart by the crowd, the assasination of three people at once is a complete catastrophe for the Duchy. How the police allowed this to happen is a question for another time, however, as the Duchy is now left without a royal family at all. The Martletist menace that appeared almost out of nowhere is sure to take advantage of this, and we can only hope that they don't try anything even more ambitious.;;;;;;;;;;;;
155006DESC;The unthinkable has occured. Following the assasination of Friedrich Carl of Franconia, the Martletist cells all over the Duchy have risen up in what seems to be a long-planned conspiracy. In the matter of hours, the key institutions of the state have fallen to the rebels, and in the Duchy's place a new state is proclaimed - the Republic of Franconia. The 'government', dubbed the 'Nuremberg Circle' by the press, has called for all Germans to rise and throw their lot at bringing down the monarchies of Germany once and for all.;;;;;;;;;;;;
155007DESC;The government in Franconia has unexpectedly fallen to our old enemy. It is a surpise for sure, especially considering how close to home such an uprising has occured. Everyone knows what must be done however, and the armies of Bavaria prepare to crush the insurrection as fast as possible.;;;;;;;;;;;;
155008DESC;The crisis is over. The short-lived 'Republic' is no more, the city of Nuremberg is placed under martial law and Martletist remnants are being hunted down in the countryside. \nWith the cessation of action on the battlefield come the political consequences of the uprising. The people of Germany are beginning to ask many obvious questions, as to how a conspiracy of such scale has gone unnoticed, whether Bavarian actions were lawful and even what will become of the troublesome Duchy. \nAll of these questions have been answered today, at a special session of the Frankfurt Parliament. Firstly, an investigation into the 'conspiracy' was conducted, and its results say that the uprising was as much of a surprise for the Martletists as it was for the Loyalists - it was a peculiar series of coincidences. Secondly, the Parliament has declared all Martletists to be traitors to the German cause, giving legal justification to all hostile actions taken against them. And thirdly, it has been decided that Franconia is to be mediatised into the Kingdom of Bavaria, - a move expected by many. \nConsequences of a wider scale remain to be seen, as many fear Bavaria's next move.;;;;;;;;;;;;
155009DESC;In an unusual turn of events, the All-German Parliament in Frankfurt convenes for the second time in such a short period. It is once again called by Bavaria, - but this time, it is of much more concern to the international community than the last one, since the Bavarian delegation has presented what they say is a plan to prevent a repeat of the Franconian Crisis. \nThe highly contested vote ended with the acceptance of the proposal, with the Hanseatic delegates abstaining and the Westphalian delegates, being in firm opposition to it, storming out of the Assembly. The Parliament has issued 'The Frankfurt Proclamation of $YEAR$', allowing the Leader of the German Confederation to undertake any actions necessary to ensure the stability of the Confederation, including war. \nWhile a proposal to extend these rights to allow aggressive actions against the members of the Confederation has not been put forward due to fear of a negative response from even Bavaria's closest allies, the neighboring non-members, including Zapadoslavia and Brabant, have been quick to denounce the Proclamation. It seems like war is coming to Europe, and Germania may soon be not a distant dream, but a reality.;;;;;;;;;;;;
155013DESC;As the turn of the century draws ever closer, it becomes increasingly clear that the German Dream has failed miserably. The unification of Germany, once seen as an inevitability, has been successfully thwarted by the neighboring powers. \nYou can destroy Germany polically, but you cannot challenge the will of the German people. Recently, a group of liberal nationalists, with considerable connections in the governments of several other German states, have approached us with a most unexpected offer: proclaim the German Empire in circumvention of all international treaties and rules, achieving the Dream once and for all, though with a possibility of a considerable number of German states refusing our mad dash. They also demand that a new liberal constitution be established in the newly-formed Empire as a form of payment for their services. \nDo we take their offer and face the consequences of such reckless actions, or do we bide our time and bet on our own efforts?;;;;;;;;;;;;
155014DESC;The All-German Parliament in Frankfurt unexpectedly convenes again, possibly for the last time, as we receive most surprising news: the German Empire has been proclaimed. \nA complete shock to all international observers, this event has once again shaken Germany to its core, and it is evident that immediate action is required: we either support the idea of a Unified Germany and join the newly-formed state, of we reject such recklessness and continue to abide by all rules and stipulations of all international treaties that led to this event in the first place. \nPerhaps, we could make our own contribution to the fulfillment of the German Dream...;;;;;;;;;;;;
155015DESC;The German Dream, once though to be crushed for good, has finally been fulfilled! \nIn an unexpected turn of events, a group of highly-influential figures have approached the leader of the strongest German state to proclaim the German Empire in circumvention of all interantional treaties and stipulations. One thing led to another, and now the All-German Parliament in Frankfurt convenes again to bestow the Imperial Crown of a new Germany upon its first Emperor. \nInternational observers are shocked by these happenings, and the Empire's neighbours have been quick to denounce the opportunistic move. \nWhat future holds for a new Germany is a matter of debate, however, as many core German lands ei in the hands of foreign powers. Whether the young Empire can survive or not is a question only time can answer.;;;;;;;;;;;;
155016DESC;In the closing days of the Forty Days War, we thought that Germania was dead. Beaten by the Brabantians, she lost not only the rich Rhineland, but also its pride and dignity, as the centuries-old institution of the Holy Roman Empire was disestablished. While the Constantinople Accords alleviated the situation a little bit, the future nevertheless seemed bleak, as the newly-born German Confederation was seen by many as an endeavour doomed to fail. \nThey turned out to be wrong. Today, all of Germany erupts in celebrations, as the All-German Parliament declares the Unification of Germany, placing the newly-forged Imperial Crown atop the first Emperor's head. Years of bloodshed, wars and political scheming have finally borne fruit, as a new power is born in Europe, one that is destined to dominate the continent, if not the world.;;;;;;;;;;;;
155017DESC;One of the first questions the new German government has to face is the question of Empire's capital. Currently, the government institutions are divided between two cities, - our former capital and Frankfurt, the seat of the All-German Parliament. \nWhile Frankfurt would be a logical choice, as this city has become the center of all German political life ever since the transformation of the old Imperial Diet into the Parliament, other options are present as well: major cities of Germany are also bustling with life, and, as some say, are much more suited for the title of the Imperial Capital. \nThe choice is ultimately up to us. What should the new capital of Germany be?;;;;;;;;;;;;
155018DESC;With the last independent German state annexed into the Greater German State, the last vestiges of artificial feudal divisions are quick to disappear, the formerly disunited peoples accepting their German identity. It does not matter whether you are from Munich, Frankfurt, Munster or Berlin - you are equally German, and nothing will shake the unity of the German people ever again.;;;;;;;;;;;;
155006TITLE;The Nuremberg Uprising;;;;;;;;;;;;
167000DESC;The Cape Colony, also known as Kaapland, owes its existence to the United East India Company, now an independent entity that rules the local Boer population with an iron fist. Being extorted for all they had during the East Indies War, when a coalition of European powers descended upon the increasingly mercantile and powerful Company, the Boers attempted to establish a Republic of their own. At first, their efforts bore fruit, as the Danish forces had occupied the colony. But it soon became apparent that the Danish had no interest in such projects, and instead the colony was set to be occupied for an undefined amount of time. And as the fires of the revolution engulfed Sweden, the Danish were made to withdraw and hand the control of the company back to the Company. \With the Company's administration starting a crackdown campaign, many Boers assemble into their own bands with the goal of venturing further into the African interior, starting what is known as 'The Great Trek'. And in the Cape itself, the tensions are high, as many prepare to leave as well. Disobedience is rampant, as people sense the weakness of the local government, and significant developments elsewhere may end up lighting the spark.;;;;;;;;;;;;
167001DESC;Unsettling news from Europe reach Kaapstad: Franconia has fallen to the revolutionaries. \nBeing Bavaria’s backyard, Franconia was considered one of the least likely regions where the Martletists would once again appear. With this knowledge, the population of Kaapstad felt empowered to start organising an uprising of their own, taking inspiration from their German cousins in Nuremberg. An increased amount of bombings, political murders and other terrorist acts have been reported as of recently, and with the local garrison almost overwhelmed, it seems like the situation is at a breaking point. \nMessangers have been sent to the city of Batavia, however, it will take them a long time to traverse the Indian Ocean.;;;;;;;;;;;;
167002DESC;The shockwave sent by the recent happenings in Germany has reached farther than anyone has anticipated, as the long-oppressed population of Kaapstad revolts against the VOC. Having already attempted to establish a Republic of their own during the Danish occupation of the colony that ended a few years prior, the local Dutch-speaking population began organising into bands with the goal of venturing into the African interior, starting what became known as the ‘Great Trek’. Inspired by their German cousins, in the last few days the heavily militarized Afrikaner population has begun storming colonial offices of the Company, mercilessly slaughtering its officials and bureaucrats. \nA new flag is now seen atop the buildings of Kaapstad, and an establishment of a new state on the Southern tip of Africa may attract attention of the colonial powers, eager to exploit the untapped resources of the region.;;;;;;;;;;;;
167003DESC;Terrible news reach us from Kaapstad: our colony there is no more. The local Boer population, inspired by the Franconian uprising, has seized control over the region, finally acomplishing their goal of independence. Whatever loyalists that survived the massacres have arrived in our capital, some of them immediately petitoning the Board to send an army to quell the uprising. We, however, know better: traversing the Indian Ocean is no easy task, and considering how many of these 'survivors' perished during the trip, we are definitely not spending our valuable resorces to retake that land.;;;;;;;;;;;;
167004DESC;In the early days of the Cape Colony, the driving force of its territorial expansion were the Trekboers, nomadic pastoralists who ventured deeper into the African interior and founded settlements there. While some Trekboers settled and became farmers, others continued further into the Great Karoo desert, many joining the Voortrekkers fleeing the Company’s persecution. \nNews of Kaapland’s independence have been met with joy among their ranks. While their economic independence is not to be touched, they are more than happy to help us incorporate the borderlands, further securing us from cattle raids of the negroes and granting us an official border in the north.;;;;;;;;;;;;
167005DESC;The Xhosa, a large tribe on our Eastern border, are known across the lands as the most dangerous and the most hated group of native peoples in the region. They have been conducting cattle raids on our lands ever since we first came into contact with them, and the little resources the Company could spare on us were not enough to prevent them from eventually pushing us out of Graaff-Reinet. Many of our brothers still reside in these lands, hunting and being hunted by the Xhosa, with many also fleeing to the Western Cape. Some influential men in our newly-established government, such as Andries Pretorius, are also refugees from the area. And with the issue of government settled, we may begin an expedition to punish the Xhosa and push them back behind the Great Kei. \n§REnforcing the Cut Down to Size CB will return us our cores.;;;;;;;;;;;;
167006DESC;We have managed to push the Xhosa tribesmen out of our rightful lands in the Eastern Cape. Celebrations erupt in our major cities, while many local Afrikaners thank us for our efforts. \nThere is a different side to this occasion, however. Our people hold grievances against the negroes, and those who possess the means to carry out mass killings do it with great joy. While we are not against it (it means more land for settlement), the International community will definitely not take it lightly.;;;;;;;;;;;;
167007DESC;As the dust settles after our successful uprising, we find ourselves in a desperate need of an actual government. Our attempted establishment of the Republic in 1832 gave us several important lessons about governance, and several ambitious men have already begun working on convening the Volksraad, our new parliament. It will then adopt a proper constitution and establish the presidential office. In the meantime, many have agreed that the ambitious Andries Pretorius, a fifth-generation Afrikaner from Graaff-Reinet, forced out of the area by the Xhosa, must become an interim governor. \nWe are also met with a need for a proper flag for our nation. When Kaapstad was liberated, the flag that was hoisted atop most government buildings was the 'Kruisvlag', a red saltire outlined in white on a dark blue field. While historically significant, it is also quite rudimentary, and many people feel like it does not properly represent our state. As such, the 'Vierkleur' has been proposed - it is the old flag of the Dutch Republic with a green line attached to the left. While simple, it has already managed to gather some popularity, and a large part of our population has already begun using it.;;;;;;;;;;;;
167009DESC;As time goes on, we get more and more reports of our Voortrekker brothers' adventures in the interior. While not a lot of them managed to depart in time before the Cape Agency got overthrown, they were still able to cause chaos among the Sotho and Nguni tribes, scoring major victories while being severely outnumbered. One of such groups, led by Hendrik Potgieter, now moved into the area they call Transvaal after being forced out of the Zulu lands. There they are planning to settle and establish a republic of their own, but they are unlikely to succeed without our help. \nOur state is young and is still relatively weak, but many are saying that we must go east and annex the local tribes, as they have been weakened by the period of unrest and devastation known as 'Mfecane'. In the meanwhile, many trekkers will return to our lands, and those who stay will fortify their positions and await our arrival.;;;;;;;;;;;
167010DESC;Europe is once again engulfed in rebellion, as Martletists and other groups rise up in their bid for whatever their political agenda is. And while Kaapland is situaated at a comfortable distance from these events, the population can't help but notice that there haven't been any major political reform since the establishment of the Republic. While undoubtedly still more progressive than whatever most nations of the world have, our voting system heavily favors the wealthiest members of our society. It is not a pressing issue, but with the onset of a new period of political instability, some are starting to say that this is an opportunity: we may attract the much-needed immigrants. Settlement of the barren lands of South Africa will surely make us a formidable force on the international arena.;;;;;;;;;;;;
167011DESC;After successful settlement of the closer areas of the Karoo desert, the Trekboers now venture further north, encoutering the Nama tribes in the local deserts. While entirely unsuited for farming, these lands are wast and to some extent valuable as pastoral lands. For now we have no means of actually controlling the land, but the local Trekboers will give us a solid claim to the area.;;;;;;;;;;;;
150000DESC;Spain is very diverse linguistically, featuring a multitude of small dialects and sometimes hardly outlineable languages. Years spent in forceful isolation from their kin have made the speakers of Iberian Romance develop unique and highly diverse linguistical features, and despite stemming from the same root, the differences make outlining the languages very difficult. In fact, you cannot tell where one language ends and another begins, as, depending on the dialect, it can be at the same time both mutually intelligible and completely incomprehensible for the inhabitants of two neighboring villages. \nSuch incredible diversity may be fascinating from a linguistical standpoint, but on a government level it creates a multitude of problems. The standard dialect of all government documents is the Central variety of the Leonese language, understood by the Leonese and incomprehensible for the Aragonese. Thus, it is required to translate the orders into a multitude of dialects. \nThe strain put on the government apparatus will have to be solved with a language reform. One that the minorities will, most certainly, not like.;;;;;;;;;;;;
150001DESC;The last century has not been kind to Al-Andalus. Following a catastrophic defeat during the Great Peninsular War, a culmination of a centuries-long conflict between the Christians and the Muslims of Iberia, the Andalusian state was forced into a deep economic crisis, which was to be solved with war. Bitter about its loss in the north, Al-Andalus turned to the south, where lay its old friend-turned-enemy, the Mali Empire. In a bid to seize the Malian colonies, the Sultanate became embroiled in a long and exhausting war, and while it may have ended with an Andalusian victory and a complete disintegration of the Mali Empire, the costs were too high to cover. Then came the exploitation of the colonies, then a revolt - one that Al-Andalus had no chance against. \nNow, after several decades of absence from European politics, it is time to make a return. Our old enemy Leon is now backed by a resurgent French state - without allies, victory is improbable. Confusion reins in Cordoba, as future seems very bleak.;;;;;;;;;;;;
150002DESC;empty;;;;;;;;;;;;
150004DESC;The Duchy of Barcelona, ruled by a dynasty with the same name, was the subject of the Occitan Kingdom for more than half of a millenium. They have enjoyed great political freedoms, rarely contributing to wars of their liege and instead focusing on ensuring the prosperity of the realm. Quite popular among the Catalan people, they nevertheless were overthrown in 1821 in a bloody revolution, when the majority of the Barcelona Dynasty was massacred. Back then, all countries involved with Catalonia - France, Leon and Al-Andalus - decided against intervention, for all countries were exhausted from war and did not want to light the spark that could result in a devastating war in Iberia. Now, however, the Moorish borders have been pushed far enough south to allow us to take action against the Republic. \nTwo options are presented to us. We can either support the various monarchists who wish for the Barcelona Dynasty to be restored; giving them funding and troops will ensure a swift coup, giving us a loyal vassal. Or, we could simply invade the Republic and incorporate it directly into Leon, for such a measure will have yo be done at some point no matter our choice now.;;;;;;;;;;;;
150006DESC;With the loss of key urban centers in Al-Andalus, the government has no choice but to relocate to Morocco. There, a new state will have to be built, and it remains to be seen if the Exiles will return or if the ancient Al-Andalus has been lost for good.;;;;;;;;;;;;
150007DESC;A little more than 20 years have passed ever since we have started the Language Reform, and it is time to assess the results. \nWithout a doubt, the Reform has been a success. We have standardized the Leonese language and taught it to the populace of Iberia, so that the Spanish peoples may all speak a uniform language. And while some stubborn conservatives still resist our efforts, they are an absolute minority. \nThe valuable expertise that we gained during the Reform will surely help us with our education efforts in the future.;;;;;;;;;;;;
156000DESC;The Kingdom of Brabant is a paradox made flesh. A state without a nation, spearheading the Industrial Revolution despite its deprecated feudal nature, is the result of a unique blend of historical circumstances. Brabant is a Calvinist Absolute Monarchy, the only of its kind, ruled by the House of Luxembourg. From 1355 and until 1780 it was the center of the Holy Roman Empire and the domain of the Emperors, and yet, in defiance of the weight that came with such a title, sour relations with Rome and meddling of the rival Wittelsbachs led to adoption of Calvinism in 1551. Specific economic policies, even if tainted by the taste of feudalism, allowed for the development of early capitalism.\nDespite hardships, Brabant maintained the Imperial title until 1780, until the Wittelsbachs' unexpected ascension to Emperorship. It placed Brabant in firm opposition to the Empire, as it became more German-centric and centralised, - which culminated in the Forty Days War, in which a coalition of North German states and Bohemia overwhelmed Bavaria and brought the Empire's demise. Political stagnation plagued Brabant since then, but there is little doubt that the status quo will be broken by force, if not by reform.;;;;;;;;;;;;
156001DESC;After the Martletist hydra surfaced again in Sweden last year, it caused quite a panic across Northern Europe due to fears of it breaking out of Danish control. But Copenhagen was fast in its actions, and all of the damage was contained in Sweden proper, - which only made the events in Franconia, to put it lightly, an absolute shock to Germany.\nBefore judgements about the nature of the revolt could be made (other than the fact that it will be swiftly crushed, which is evident), the States General rang the alarm bells. It was not due to fears of an immediate spread of the revolt, but due to a conflict that has been tearing Brabant apart for centuries - one of the needed reform. King Frederick II had been involved in a lifelong struggle against the Liberals ever since he inherited his father's domain in 1792, but fate has continuously thrown more obstacles for him. The press made sure to point out his 'streak' - in 1834 it was the ascension of the liberal Prince Hinrich to the Frisian throne, in 1835 it was the Swedish Revolution and in 1836 it is the February Uprising. Frederick's failures sure make it seem like he is trying to swim against the current, without much success.;;;;;;;;;;;;
156002DESC;The industrial development of Brabant owes a lot to the institution of the Geregistreerde. In 1622, an edict issued by the Emperor allowed for landholders in the Low Countries to force the indebted peasants into manufacturies, which boosted early industrial production and allowed for initial capital accumulation. This measure effectively tied the 'Geregistreerde' to land, creating a proto-industrial form of serfdom, which had a much larger and widespread effect than intended, as the condition that the peasant was to be indebted was largely ignored. And in some places, such as Flanders, the only region of Brabant with a Catholic majority, peasants were forced not to manufacturies, but to fields.\nThough it is thanks to this system that Brabant is one of the leading industrial powers today, many argue that private initiative and the dismantlement of feudal institutions such as guilds would have sufficed in the task of developing an industrial base. But that is history now, and the more pressing issue is the status of the Geregistreerde today. Conservatives prefer to ignore this issue as it becomes more obsolete, but further progress requires this practice to be dismantled, - a thesis that cannot be argued against.;;;;;;;;;;;;
156003DESC;Brabant is celebrating the 60th Anniversary of Victory in the Forty Days War this year, which happened in 1782. Thanks to this war, Brabant exists and is a Great power today, as during those fateful forty days the coalition consisting of Brabant, Bohemia (coupled with Poland) and a number of North German statelets crushed the ascendant Wittelsbachs, who attempted to centralize the Holy Roman Empire into a state of the German nation. The swift and sudden attack took the Bavarians by surprise, and in a little more than a month they surrendered, ceding parts of the Rhineland to us and large parts of Austria to Bohemia, while also accepting the fact that Brabant and North Germany was to leave the Empire. The last circumstance put the last nail in the coffin for the ancient institution, as soonafter the Bavarian King abandoned the Imperial title, and the Empire with it. The next time the political situation of Germany would be significantly changed was during and as a result of the Martletist Wars.;;;;;;;;;;;;
156004DESC;The Duchy of Frisia as it exists today was created in an agreement between the King of Brabant and several North German microstates following the Forty Days War in 1782. The Brabantian vassal of Frisia was to annex vast swathes of Low Saxon land, while the rights of the nobility would be secured by the Estate General's power over the Duke.\nThe death of the childless Duke in 1834 unexpectedly brought his cousin Hinrich to the throne, against the wishes of the Brabantian King and the Saxon nobility within the Duchy. Since childhood, Hinrich was fascinated with Frisian culture. He was not supposed to become the Duke, but after he did, he made sure to cause some trouble for his ill-wishers: in the last few years, he has been fighting for the survival and primacy of the Frisian culture in what he sees is a Frisian state. His decrees have made the Frisian spellings of Frisian cities to be prioritized in administrative use, and in his latest decree, to the horror of the nobility, he effectively restored the Frisian Freedom, allowing vast autonomy for the Frisian lands and moving the Duchy's capital away into the German-speaking interior. He sure is a champion of the commoners' hearts and minds, but his actions might end terribly for him.;;;;;;;;;;;;
156006DESC;The Constantinople Accords have failed.\nThe achievements of the Forty Days War, the men lost in the Martletist Wars, the collective desire of Europe to create a new international system - all for nothing, as war once again comes to Central Europe. German nationalism was supposed to die in its infancy, and the Accords claimed to have solidified just that, - but they failed to create a proper security system that would prevent aggression. Instead, they allowed for free intervention in other countries' internal affairs and even direct military action if a threat of Martletism was perceived, - but leaving no one to decide if the threat was real.\nWho is to blame? Paris and Constantinople. The definite victors of the Martletist Wars, they reshaped Europe to fit their wishes, and to secure their domination for years to come. But law based only on force, law which acted as a means and not as a goal could not work - what is law, if it is not absolute, if it is not the arbiter that stands above the state's interests?\nThe States General will decide.;;;;;;;;;;;;
156007DESC;During the Martletist Wars, Brabant earned a reputation of a European peacekeeper, seeking to establish a security system that would prevent such wars from happening ever again. But other European powers did not share the same ideals - some, like Munich, said that such an arrangement would only serve as a guarantee of Brabantian prosperity, while others, like Paris and Constantinople, argued that it was not enough to stop the Martletist threat. In the end, the Constantinople Accords enshrined the latter ideas, allowing unrestricted action against other sovereign states if an actor felt the threat of Martletist resurgence.\nIn a rare turn of events, the King of Brabant and the States General speak in unison: reform is needed. Instead of competing in a shouting match against each other, the members of the States compete in exposing the flaws of the Accords, and their final act is the call for a new international conference to create a stable system. It is now up to Europe to decide.;;;;;;;;;;;;
156008DESC;The Constantinople Accords have been widely criticized as a legal justification of Greek and Oilitan acquisitions in Europe, which ignored the rule of law and only used the law itself as a means rather than a goal. Despite that, Europe didn't have a worthy alternative, so even the most hardline critics had to accept it (the Iberian powers were an exception). \nNow, the Brabantian States General, citing the outbreak of war in Central Europe, are calling for a new international conference to work out new principles of law that would ensure wtability in Europe. The invitation has been extended to us as well, as we are a power seen important enought to have a say - shall we accept the Brabantian proposal?;;;;;;;;;;;;
156009DESC;The Constantinople Accords have been widely criticized as a legal justification of Greek and Oilitan acquisitions in Europe, which ignored the rule of law and only used the law itself as a means rather than a goal. Despite that, Europe didn't have a worthy alternative, so even the most hardline critics had to accept it (the Iberian powers were an exception). \nThe $COUNTRY_ADJ$ Government always made it clear that such criticism was unfounded. It was the collective will of the participants of the Constantinople Conference to allow the right of intervention - and, even ignoring that, this principle is capable of upholding itself, as it has been proven during the Martletist Wars. If one power grows too strong, there will be a coalition! So, it is a surprise that Brabant dared to send a proposal to us in an attempt to create a new system that would suit them. We will make it clear that this is an insult to us and will affect future relations.;;;;;;;;;;;;
156010DESC;Brabantian diplomacy suffered a major fiasco - the proposal for a new conference has been shot down by Paris and Constantinople, the powers that were the main proponents of the existing system. No matter what other powers' opinion on the matter is, without Royuame-Uni and the Greeks the proposal is dead, as we would not risk splitting Europe among two different systems of international law. Perhaps, the coming years will show the world why we were right.;;;;;;;;;;;;
156011DESC;The last few days in the States General have been quite tense. The liberals are attempting to use the recent Franconian Crisis as an argument for needed reform, the conservatives critique the King for inaction, and it seemed that only the most hardline reactionaries, always more concerned about maintaining their ancient rights than engaging in the usual Statutory struggle, remained silent about the issue. But even they did not hold up to everyone's expectations: the representatives of the Flemish provinces came out in unison with a statement exposing the King's inability to counteract the spread of nationalist ideas and accusing him of undermining the Flemish aristocracy by cooperating with the liberals, who wish to undo the Act of Guarantee of 1643. The Act served as a peace treaty between the rebellious League of Ghent, an alliance of Catholic lords in a sea of Calvinism, and the Brabantian Crown. It granted Flanders vast autonomy and guaranteed the feudal rights of the local nobility, while in exchange Flanders forfeited its desires of independence. This arrangement is now put into question, as the Flemish are expected to take a more active stance in defence of their rights.;;;;;;;;;;;;
156012DESC;The States General, though an advisory body, have a particularly high reputation among the Brabanters, forcing the King to either deal with the States, or face huge reputational losses. This power dynamic existed since the latter half of the 16th century, with the States always representing the interests of the provinces' particularist elites and of the free-minded, advocating for decentralization and progressive policies. This shaped the population of the Low Countries in the following two centuries: the core Calvinist majority, situated in the Maas Valley and in Holland, formed a deedful political culture of protest and mercantilism, which is probably best expressed in the Lowlander colonial 'Empire', which formed almost independently from the King. Catholic Flanders, after successfully defending its local rights, instead dug in and quietly supported the Calvinist King. And the most republican-minded looked towards Friesland. The States always maintained a careful balance between the loyalists and the opposition, creating an exclusive Brabantian type of Absolutism.;;;;;;;;;;;;
156013DESC;With the end of the Geregistreerde institution are gone the rights of the Flemish nobility as well. The Act of Guarantee thus no longer legally binds any of the involved parties, meaning Flanders is now a province that is no different from the others.;;;;;;;;;;;;
156014DESC;Our celebrations regarding Flanders were a little too rushed. In response to the abolishment of the Geregistreerde, the Flemish nobility has declared the Act of Guarantee to be dead completely, meaning they would no longer support the King of Brabant. Soonafter, the League of Ghent was reformed, and a King of a new, independent Flanders was elected.\nThough the rebels were successful initially, it is not the 17th century anymore, and the Brabantian Army was able to respond quicker than anyone expected. The Flemish had to put up barricades in the cities and declare a popular mobilization under the guise of 'Catholic struggle', so the Army faced stiff resistance. The question has been brought before the King now: shall the Army deal the decapitating blow and end the rebellion now and there, no matter the civilian casualties, or retreat and regroup, even if the rebels consolidate their forces and prepare for a more organized fight later on?;;;;;;;;;;;;
156015DESC;It would have been quite imprudent to assume that the European Spring of Nations that has engulfed the Continent would not come to the absolutist Brabant. Martletists and nationalists of all sorts have taken to the streets of Brussels and other major cities, buinding barricades and skirmishing with the government forces, demanding for an end to the Absolute Monarchy and for empowerment of the States. Some more radical ones are calling for a complete abolition of the institution, and all different groups seem to agree on one common thing: the Lowlander nation needs a state, and Brabant in its current form is definitely incapable of being one. Such outspokenly Martletist ideas receiving mass support in the masses are a worrying sign that Brabant has to reform, which the States General understood clearly, limiting their defamation of the rebels. The King, however, does not agree: rumors say that He is planning some sort of an unprecedented action to kill two birds with one stone, nevermind how unlikely it sounds.;;;;;;;;;;;;
156016DESC;On today's morning, the rebels still present in some parts of the city received a rude awakening, at least the ones that were lucky enough to sleep last night. Police forces were more ruthless than before, and army regiments have been summoned to not only dismantle the numerous barricades, but also perform merciless executions of the rebels that dared to resist. Soon enough, it became clear what all of this was for: with great fanfare, King Frederick II rushed to the Palace of the States of Brabant along with his entourage of Royal Guards, breaking through the popular resistance on his way. Notice quickly came to the States General, who were in the middle of another hearing on the revolts in the city. After a brief moment of deliberation, the delegates decided that they would not let the King in, lest he arrests the entirety of the States, which would surely mark the end of the ancient institution. But even before the King managed to to get to the Palace, His forces became too exhausted to fight: masses of commoners made sure to block his way on every possible opportunity, and so, once He arrived at the States, he could do nothing at sight of barred doors and an organized force defending them.;;;;;;;;;;;;
156017DESC;After the humiliating turn-back of King Fredrick II at the doors of the States General, his last few pillars of support have rapidly collapsed. High-ranking government officials have mass-resigned, while even the most devoutly loyalist newspapers did not speak out in support of the King's failed performance. In such a situation, Frederick 'the Cornered' II did not have much of a choice: receiving no support from any side and facing the potential of a Martletist takeover of the country, He declared His official abdication. The new King was to be his son Andries, a man of uncertain political views who is nevertheless determined to keep Brabant powerful. Such a development was met warmly by the States General, which opens up a possibility of cooperation between the States and the new King, at least after the last of the rebels in Brussels have been crushed.;;;;;;;;;;;;
156018DESC;After assuming power from his father, King Andries I decided to follow in his footsteps and refuse to cooperate with the States. Such a choice will not be easy to follow through with, as the States enjoy the support from virtually all layers of the society. If the King was to restore His absolute rule, He would need to act decisively: arrest the States General. This is what His father attempted to do, but failed, and so, Andries has to plan carefully. Too much pomp will attract attention, so sending only the professionals to do the job might be safer. The choice is up to the King, though.;;;;;;;;;;;;
156019DESC;Andries I's attempt to do what His father couldn't do failed miserably. Ignoring the precedent that led to the latest abdication, he attempted to triumphally walk into the Palace of the Brabantian States unopposed. Instead of being immediately stopped, He was let in, only to get Himself and His forces arrested inside of the building. He was imprisoned for the time being, and while the throne is vacant, a Triumvirate of three of the most important and ambitious government officials took power. It will guide Brabant on the arduous journey towards the future.;;;;;;;;;;;;
156020DESC;Andries I's plot has succeeded! Professinal armed forces stormed the Palace of the Brabantian States, overwhelming the meagre resistance that the States were able to assemble. It seems like what they were counting on was Andries simply walking into the builing like His father planned to, and then arrest him. This plan worked against them, as it will serve as more evidence in court cases on conspiracy against the King. The States are now officially dissolved - the King had won.;;;;;;;;;;;;
156021DESC;Insurmountable odds turned out to be not enough to break Flanders - the Brabantian invaders have been expelled! Now Catholic Flanders is a free nation. However, the King's heavy reliance on popular militia created a strong support for Republicanism. All sorts of nationalist groups that have been fighting against Brabant see Flanders breking free as an opportunity to establish a national state and continue the fight against tyranny. If the King does not negotiate with the Republicans, they will surely overpower the absolutist government.;;;;;;;;;;;;
156022DESC;Our army suffered terrible losses in Flanders, and the Government had to sign a humuliating peace, recognizing the newfound Flemish independence. It is a great surprise to Brabant and to the world, as in the 16th century the Flemish rose up multiple times due to their Catholic faith. And even though they were mildly successful, a compromise still brought them under Brabantian rule - but now, when the Brabantian state seemed the strongest, and without any outside support in the form of the Wars of Religion, Flanders managed to secure complete independence. All sorts of enemies of the state have been emboldened by these news, and Brabant is looking at a bleak future.;;;;;;;;;;;;
156023DESC;Just like all of the previous Flemish uprisings, the Uprising of $YEAR$ was soundly defeated. The nobles that organized the revolt were sent into exile or executed, some even torn apart by the angry mobs that wanted retribution for the centuries of serfdom... The Martletist guerillas that prospered in Flanders during the uprising will take some time to foot out, but otherwise, our hold is secure.;;;;;;;;;;;;
156024DESC;Since the birth of nationalism in the 18th century England, Brabant was seen by the most progressive as a nation of the past. A dynastic state, it did not have the base in form of a nation, in form of the people that would have supported it. One could even trace this sentiment further back, to the times of the Wars of Religion, when the religious divisions and the language policies of the Emperors created the merchant elites that held the reins over national self-identification of the people through press. Their disgruntlement caused the creation of such nations as Vrijland, as well as the independence of the VOC. Despite the obvious, Brabant turned a blind eye to its deeply dynastic nature. But now, all of these mistakes have been rectified - there is a new state on the map of Europe, one for the Lowlanders and by the Lowlanders.;;;;;;;;;;;;
156025DESC;In the light of the recent instability in Europe, we could not have allowed our vassal of Frisia to become a hotbed for republican, and, most importantly, Martletist thought. Prince Hinrich had done things which have distabilized his domain completely: he angered the German nobility and brought the Frisian culture back to the forefront, he transferred the capital to Assen and gave great autonomy to the core Frisian lands. He received the favor of the Frisians, but lost the favor of the Germans - and that is something we can't allow, since Brabant is the one who is going to be blamed for it.\nSo, the plan was to support the German nobility in a coup against Hinrich - it of course succeeded, with Hinrich dying under mysterious circumstances and his family fleeing to Denmark. But the Germans then had to deal with the consequences of such a power vaccum, as well as the core Frisian provinces huddling up in a loose alliance. To restore order came Brabant. We integrated the German lands, threatening the nobility to not help them with the Martletists, and signed a deal with Frisia for them to become subservient. This matter is closed for now, with a victory of Brabant.;;;;;;;;;;;;
156026DESC;With the annexation of the Duchy of Frisia, we received some German lands east of the Ems, which are protruding into German territory and are neither economically, nor culturally integrated with us. Simple integration wouldn't be all that challenging, but one of our diplomats in Westphalia proposed a plan that might just allow us to use these lands for good: we would propose a deal to the Duke of Westphalia, in which he would receive the lands east of the Ems, as well as the title of 'King of Lower Saxony', in exchange for 'closer ties' with Brabant and a possibility of further treaties strengthening cooperation, which is a euphemism for 'Brabant maintains a claim to Lower Saxon sovereignty'.The sleeper agents in the form of German nobility that come with the transfer of those lands will allow us to potentially subjugate Lower Saxony in the future peacefully. Westphalia will almost certainly accept such a deal - shall we propose it?;;;;;;;;;;;;
156027DESC;Brabant recently annexed the Duchy of Frisia, which held some core German lands to our north. The development was seen as quite worrying by us, since Brabantian holdings were close to directly encircling us, but now they have a proposed a deal. We would receive the lands east of the Ems and the Duke would adopt the title of 'King of Lower Saxony', in exchange for 'closer ties' with Brabant and a possibility of further treaties strengthening cooperation, which is a euphemism for 'Brabant maintains a claim to Lower Saxon sovereignty'. It is a dangerous treaty, but we could hope to potentially evade the consequences of our actions. The extra lands would strengthen our state, and we may just become strong enough to resist potential Brabantian claims.;;;;;;;;;;;;
180000DESC;More than 20 years after the surrender of the last revolutionaries of the Martletist Wars, Europe is once again engulfed in flames of revolt. Socioeconomic hardships, political oppression and otherwise the desire for change brought great masses to act on their long-suppressed desires. And this time, the revolutions will not come under guidance of the Martletist gentry and bourgeoisie, as new political movements advocate for states sharing political sovereignty with the masses. These events will be known as 'The Spring of Nations', a turning point for Europe.;;;;;;;;;;;;
180001DESC;The Spring of Nations is a crisis unseen since the Martletist Wars, and while many are focused on the actual events, others ask question deeper and more global - where is the international law? The Constantinople Accords were designed to prevent these exact events from happening, and yet, here we are - even if there is no global war, the map of Europe is undergoing massive changes. This is not what stability is, say those who have critiqued the Accords in the past for being a tool legitimizing the Oilitan and Greek acquisitions in Europe.\nNo response is heard from those who previously dismissed those claims. Evidently, time has shown the critics to be right, and the $COUNTRY_ADJ$ Government has decided to act on their calls - we will call for a new international conference, as it has been done before. But this time, the opposition should be nonexistent.;;;;;;;;;;;;
180002DESC;The Spring of Nations is a crisis unseen since the Martletist Wars, and while many are focused on the actual events, others ask question deeper and more global - where is the international law? The Constantinople Accords were designed to prevent these exact events from happening, and yet, here we are - even if there is no global war, the map of Europe is undergoing massive changes. This is not what stability is, say those who have critiqued the Accords in the past for being a tool legitimizing the Oilitan and Greek acquisitions in Europe.\nNo response is heard from those who previously dismissed those claims. Evidently, time has shown the critics to be right, and the $FROMCOUNTRY_ADJ$ Government has decided to act on their calls - we have received an invitation for a new international conference. Such a thing has been done before, and it faileed miserably - but this time, the opposition is virtually nonexistent. It seems like the Constantinople Accords have outlived their usefulness.;;;;;;;;;;;;
180003DESC;"ARTICLE I. The Great Powers shall take common responsibility for the general peace and stability of Europe. [...] All Signatories shall refrain in their international relations from the threat or use of force against the territorial integrity or political independence of any state..."\n\nAs a result of a new international conference, the Great Powers of Europe have agreed on a new set of international rules meant to replace the deprecated Constantinople Accords, which have failed to effectively deal with and altogether prevent the Spring of Nations. At the forefront of international law shall stand the principles of territorial integrity and domestic sovereignty of the state, which will forbid Constantinoplian intervention. While such principles should, in theory, provide a fairer and more stable system, it is also critiqued for effectively being a concession to nationalism, while at the same time not preventing the possibility of a big war breaking out. Nevertheless, the new system is a major improvement in international law that should make Europe more peaceful than it was before.;;;;;;;;;;;;
157000DESC;The Peace of Caerlleon, signed in 1822 by Daneland and the Gaelic Kingdom, is an agreement that aims to establish long-lasting peace and cooperation on the British Isles after the calamitous events of the first quarter of the century. The agreement itself consists of a non-aggression pact, a customs union as well as a promise to not intervene in each other's internal affairs, especially in regard to the English question. \nSeemingly fragile, Caerlleon offers a multitude of benefits to both sides, which means that breaking it would jeopardize the heavily intertwined economies of the two states. Thus, the sides are encouraged to look beyond their home region and to project their growing influence across the world. \nAs it stands now, things seem to be going great in the British Isles. The English Martlet has been subdued, with the Free City of Lundenburg the only remaining stronghold of questionable thought. Daneland has fully stabilized the countryside and has already surpassed the pre-Martlet production levels. And the Gaelic Kingdom has laid the foundations of its new capital in Llynlleifiad. It remains to be seen if this calm is to last.;;;;;;;;;;;;
157001TITLE;$FROMCOUNTRY$ Breaks the Peace of Caerlleon!;;;;;;;;;;;;
157001DESC;We have received a notice from our neighbours that they declare the Treaty of Caerlleon null and void, and will no longer abide by the stipulations. It will bring not only severe economic consequences, but an ever-present threat of war on the isles, as we are no longer bound by any obligations.;;;;;;;;;;;;
157002DESC;Our allies in Jorvik have recently sent us a peculiar request: they want our colony of New Sjaelland. While the request in undoubtedly bold, the faraway venture has little popular support, as it is largely seen to be more trouble than it's worth. Continuing attacks by the natives, lack of natural resources and the distance to the colony make it quite useless indeed. Perhaps giving it to our allies would be a more benificial use our failed venture.;;;;;;;;;;;;
157003DESC;The Danish have accepted our request, and now we have acquired our first proper colony!;;;;;;;;;;;;
157004DESC;The Danish have refused to give us New Sjaelland, saying that they may find it useful later. It somes as a major blow to our relations, as this response was completely unexpected.;;;;;;;;;;;;
157005DESC;The Gaelic Kingdom has lost its lands on the isle of Prydain. With Alba and Cymru having slipped out of the government's control, the dream of a unified Gaelic state is finally laid to rest. The Gaelic Kingdom is no more - with only Eire left standing.;;;;;;;;;;;;
157006DESC;Yesterday morning, what started as an attempt to arrest a Martletist agitator in a village in Mercia has spiralled out of control, as the local populace had taken up arms in defence of the criminal. The news of the event quickly spread though the countryside, with many other villages joining the cause. And in the cities, the Martletist underground was quick to sign the beginning of a revolt that has been in the works for two decades. \nThus began the Second Martlet Revolt, the English people's second attempt at gaining the freedom that was taken from them centuries ago. It remains to be seen what the international response is going to be, or if a repeat of the Martletist Wars is in sight.;;;;;;;;;;;;
157007DESC;The Free City of Lundenburg has fallen to a coup led by our supporters. They have quickly sworn allegiance to the Martletist cause, giving us the valuable city.;;;;;;;;;;;;
157008DESC;In 1798, the British Isles were shaken by what would later be called the Martlet Revolt. The Anglo-Saxon masses, oppressed for centuries and marginalised by the Industrial Revolution, have risen up across Daneland, their numbers quickly overwhelming Danish military. Little did Europe know, that this revolt would be the start of a series of horrible wars all over the continent, as problems that were swept under the rug were resurfacing. \nEventually, the revolters were crushed under the combined might of Europe's most powerful militaries. Denmark would not, however, make a return to the isles: a new state was to be created out of the Danish holdings in England - Daneland. A compromise aimed to please the Anglo-Saxons, it was supposed to bring long-lasting peace to these troubled lands. \nAlas, it was not meant to be. The number of reports of small-scale civil unrest and disobedience is growing each coming month, and an increase in underground operations of some sort is noticed by everyone. Something is clearly afoot in England, and we must prepare to face it. \n§RIf we do not annex Lundenburg by 1847, we will face an English revolt!;;;;;;;;;;;;
157009DESC;Did you know that I hate localisation in Vic2? Well, this event was created to test loc keys for dates in events. oh cool you cant display date in events.;;;;;;;;;;;;
152000DESC;Russia, 'the Giant of the East', is considered by many a peculiar case of a stubbornly conservative country, both its population and its government clinging onto many relics of the past. It is as much of a peculiarity as it is an enigma, as many ask the question of how, in spite of a severe lack of reforms and, arguably, complete disconnection from reality, the Russian state institutions have allowed the country to successfully counter the many attempts by the Grand Duchy of Lithuania, supported by its Bohemian ally, to restore its lost eastern holdings. \nAnd while many say that these same institutions are Russia's saviour here, as time has carefully shaped them according to Russia's needs, it would be unwise to deny their sorry state. Disobedience is rampant, the state seemingly exists only to serve the needs of the nobility, the originally advisory Sobor in becoming more and more independent with each passing day, all the while peasants toil the lands, suffering under the nobles’ watchful eyes. \nRussia's only chance to survive is the thing it hates the most - reform. What kind is a question to be discussed.;;;;;;;;;;;;
160000DESC;We are not alone in our current war against Constantinople: there are also the Egyptians, who had refused to follow the terms of a treaty they signed with the Byzantines and give up Cilicia. Their army is weak, being a crude mix of old Ethiopian military organisation and traditional Berber clan systems. We could potentially send a few of our advisors to Alexandria in an effort to help them modernise their army, and also potentially several ships filled with military equipment. Shall we do it?;;;;;;;;;;;;
160001DESC;Strange reports are coming from Alexandria's ports: apparently, several Russian cargo ships loaded to the brim with various sorts of armaments and modern military equipment have managed to slip through the Byzantine blockade and arrive safely at our shores. The crews claim that this fleet was sent to us directly by the Russian Tsar, and that they'd like to help our military modernise. The reason for such generosity is our war against Byzantium - and surely, the amount of guns they've brought with them will help us greatly in our fight.;;;;;;;;;;;;
160002DESC;Strange reports are coming from Alexandria's ports: apparently, several Russian cargo ships loaded to the brim with various sorts of armaments and modern military equipment have managed to slip through the Byzantine blockade and arrive safely at our shores. The crews claim that this fleet was sent to us directly by the Russian Tsar, and that they'd like to help our military modernise. \nWe do not know how many months these ships spent at sea, but it was obvious that they were not familiar with the news. \nThe war has ended. \nOur guests were certainly not pleased to hear this. Not only did it mean that their safe passage to Alexandria wasn't much of a miracle, but also that these armaments were entirely useless to us. Orders were orders however, so we took the arms as if it was currently wartime and employed the advisors' help.;;;;;;;;;;;;
160003DESC;Moscow and Constantinople are not known for having the best of relationships, as the two sides have been feuding over the issue of borders and religion for well over three centuries. The rivalry began with the decision of the Muscovite princes to support the Paleologoi during the period of dynastic unrest in Byzantium in the late 15th century, and later escalated, as the two sides found themselves divided not only by their vision of the future of the Pontic Steppe, but also by religion: the 17th century brought a schism in the Eastern Orthodoxy, as the unrecognized Partiarch of Moscow and All Russia Nikon officially broke with Constantinople. \nIn the following decades (and even centuries), the mutual hatred worsened, and now the two countries find themselves in a standoff over the Byzantine colony of Crimea. But despite the seemingly inevitable prospect of war, diplomacy may still solve the crisis - but only if both the Tsar and the Basileus are willing to concede their pride. \n§RIf diplomacy fails, war is inevitable!;;;;;;;;;;;;
160005DESC;While we are gearing up for war, there may still be a diplomatic slution somewhere. While the Byzantine Empire enjoys the diplomatic free-handedness, Russia is isolated - to our north lie the vengeant Swedes, to our west lie our permanent enemies, the Bohemians, the Poles and the Lithuanians, to the east lie endless wastes (and a hostile California), and passing on the possibility of convincing the south, which shares many of our values (both the Orthodox faith and a lack of overlapping interests - besides Crima, of course), would be extremely unwise. Perhaps, we could try to send the finest of our men to Constantinople - surely the Greeks are not stupid enough to fight a war they are bound to lose?;;;;;;;;;;;;
160006DESC;Constantinople is the greatest city of Europe, and no guest would be a particular surprise to see in the City of Cities. We were, however, very surprised to learn that a diplomatic mission from Moscow has requested audience with the Basileus. And the reason they come with is even more curious: apparently, the Russian Tsar is willing to swallow his pride and had ordered his men to try to convince us to give up our lands on the northern coast of the Black Sea in exchange for an alliance. With our nations being close to a state of war, this proposal is unexpected - but it is deefinitely worthy of consideration. \nUpon hearing the news of the Russian arrival, our Mesazon Metaxas was jubilant, immediately advising the Basileus to accept the offer, with the argument being that a strong ally in the east would be worth more than Crimea and a gruesome war. His enemies, the Hellenophiles, think different: to them the idea of giving up Crimea is treasonous in itself, and as such they are saying that we must turn down the Russian proposal. In the end, the choice is up to the Basileus.;;;;;;;;;;;;
160007DESC;The Greeks have outright rejected our proposal and have sent our diplomats away. It seems like diplomacy has failed.;;;;;;;;;;;;
160008DESC;Today we have received news from Constantinople that, in an unexpected turn of events, our offer was accepted! The Greeks will transfer us the ownership of Crimea, and we will establish an alliance between our two nations. This is a great day for Russia, for the diplomatic isolation is now over!;;;;;;;;;;;;
160009DESC;Tensions between Moscow and Constantinople have finally boiled over, as the two sides have failed to find a diplomatic solution to the issue of Crimea which has plagued the Russo-Byzantine relations for more than two centuries. Now the differences will have to be settled on the battlefield.;;;;;;;;;;;;
160011DESC;In an outcome we did not expect, the Russian arms have not triumphed in Crimea. We have been beaten and defeated, and are now forced to sign a humiliating peace with the Greeks.;;;;;;;;;;;;
160012DESC;The Russians and the Byzantines have gone to war once again. Due to reasons yet unknown, the diplomatic endeavours between the two sides have failed miserably, but what matters for Zapadoslavia is the fact that we might finally be able to convince Constantinople to sign an official alliance. Together, we shall finally crush Russia.;;;;;;;;;;;;
160013DESC;The Crimean War has come to its conclusion: and despite us initially being on the backfoot, the Empire has once again come out on top! We have bested the invading Russian armies and expelled them from our holdings and beyond. Celebrations have erupted across the Empire, but one of the few who are not celebrating is Metaxas. He is saying that, no matter what, reconquering the west while trying to defend the east is going to result in a resounding defeat for the Empire. But the Hellenophiles raise a valid question: is the west worth is?;;;;;;;;;;;;
160014DESC;It seems like neither side has managed to secure proper victory in the Crimean War. The Byzantine Empire has not completed its goal of kicking Russia out of the Azov Sea, and Russia has not taken Crimea. Nevertheless, since the Empire was on the defence, it is technically a victory for Constantinople. It remains to be seen whether the sides will come to an agreement now.;;;;;;;;;;;;
160015DESC;As expected, the Russian armies have overwhelmed the Greek defences and pushed them out of Crimea, finally putting a decisive end to the Byzantine presence in the Pontic Steppe region.;;;;;;;;;;;;
160017DESC;It seems like in the end, Metaxas was right. The Imperial armies have been bested by the Russians, losing the territories on the northern coast of the Black Sea. It seems like all Imperial influence in the Pontic Steppe is lost, and we do not know if we are going to be able to make a return.;;;;;;;;;;;;
160018DESC;empty;;;;;;;;;;;;
160019DESC;empty;;;;;;;;;;;;
160020DESC;empty;;;;;;;;;;;;
160021DESC;Today we have received news from Constantinople that, in an unexpected turn of events, our offer was well-received by the Greek court, but instead of outright accepting our terms, the Basileus decided to offer terms of his own. According to them, the Byzantines are willing to part with Crimea and all other lands we have laid claim to, but in exchange the Patriarchate of Moscow shall give up its autonomy and be demoted into a Metropolitan, in a subservient poisiton to the Constantinople Patriarchate. While it is a bold offer, Russia finds itself in such a situation that it must think pragmatically. Ending the autocephaly of our Church will come as a blow to our prestige, as well as grant the Greeks a final say in all religious matters in Russia. But accepting this offer would end the diplomatic isolation of Russia, - and, as an adiition, it will finally put an end to the Nikonite Schism. Shall we accept the Greek proposal?;;;;;;;;;;;;
160022DESC;The Russians have accepted our counteroffer! In exchange for the lands they claim, the Patriarchate of Moscow and All Russia shall renounce its autocephaly, thus being demoted back to a Metropolitan. This brings and end to the Nikonite Schism of the Eatern Orthodox Church, and we can proudly say that our side won. While the public opinion is on our side in saying that giving up Crimea was certainly worth solving the Schism, the Hellenophiles are in shambles, as their hated enemy is now an ally of the Empire. They have, however, been given a second chance by the Basileus.;;;;;;;;;;;;
160023DESC;The Russians have rejected our counteroffer. We offered them the lands they claim in exchange for the Patriarchate of Moscow and All Russia renouncing its autocephaly and being demoted back to a Metropolitan, and, as expected, this turned out to be too much for the Russians, as it would give Constantinople the final say in all religious affairs inside of Russia. It seems like war is inevitable now.;;;;;;;;;;;;
160024DESC;With the cessation of hostilities, the Byzantine Empire is forced to look for a new strategy in the Black Sea. Despite their pride, the Greeks know that with their lands in Crimea lost, there is little chance that they are going to be able to reclaim what they've lost. Even though it had to come to war, perhaps the power of diplomacy is not yet completely exhausted, as Constantinople may still be willing to part with their claims on Crimea and sign an alliance with us. Shall we send a delegation with an offer of reconciliation?;;;;;;;;;;;;
160025DESC;With the cessation of hostilities, the Empire is forced to look for a new strategy in the Black Sea. Despite our strength, we know that with our lands in Crimea lost, there is little chance that we are going to be able to reclaim what we've lost. It seems like this is what the Russian delegation which recently arrived at Constantinople had in mind when they peresented us with an offer of reconciliation: they propose an alliance in exchange for us renouncing the claim of Crimea and all of the land we've lost.  Even though it had to come to war, perhaps the power of diplomacy is not yet completely exhausted - shall we accept the Russian offer? \n§RIf we accept, we will transfer all Russian cores we own (if any) to Russia.;;;;;;;;;;;;
160026DESC;The Greeks have accepted our offer of reconciliation, and now we shall enter an alliance, while Constantinople will drop all claims on our lands.;;;;;;;;;;;;
160027DESC;The Greeks have declined our offer or reconciliation. They say you can hear any language in Constantinople, but the Basileus truly understands only one: force of arms.;;;;;;;;;;;;
160028DESC;With the cessation of hostilities, both us and the Greeks are forced to look for a new strategy in the Black Sea. While we have not managed to secure Crimea, we took the Circassian coastline, lands that are worth little for Constantinople, but a lot for us, since they grant us access to the Black Sea. Perhaps we could try one last thing to break our diplomatic isolation: we may offer the Greeks a mutual renouncement of claims and an alliance. Shall we send a delegation to Constantinople with an offer of reconciliation? \n§RIf the treaty is signed, we will abandon claims on Crimea, while the Byzantines will abandon claims on any lands we own.;;;;;;;;;;;;
160029DESC;With the cessation of hostilities, both us and the Russians are forced to look for a new strategy in the Black Sea. While they have not managed to secure Crimea, they took the Circassian coastline, lands that are worth little for us, but a lot for Moscow, since thse lands grant them access to the Black Sea. With these words the Russian delegation which has recently arrived at Constantinople has presented us an offer of reconciliation: they abandon their claims of Crimea, while we abandon our claims on any lands they own (including the Circassian coast), and we sign an alliance. Shall we accept the Russian offer? \n§RIf the treaty is signed, Russia will abandon claims on Crimea, while we will abandon claims on any lands they own.;;;;;;;;;;;;
160030DESC;The Greeks have accepted our offer of reconciliation, and now we shall enter an alliance, while Constantinople will drop all claims on our lands.;;;;;;;;;;;;
160031DESC;The Greeks have declined our offer or reconciliation. They say you can hear any language in Constantinople, but the Basileus truly understands only one: force of arms.;;;;;;;;;;;;
160032DESC;Terrible news from Constantinople: the Russians and the Greeks have agreed on a peaceful resolution to the Crimean issue, and have signed an alliance to top it off. This is a disaster for Zapadoslav foreign policy, as we have tried to convince Constantinople to coordinate our moves against Russia for the longest time. Now they have not only declined our overtues for the final times, but have signed an alliance with our greatest enemy. We have to seek other allies now.;;;;;;;;;;;;
151000DESC;The Roman Empire, known by many names across Europe, is the oldest continuously surviving state on Earth. Despite many calamities that the Empire has endured during its history, every time the wise men at Constantinople managed to not only save the realm, but also expand it and make it stronger. \nThese wise men have been hailing from the Komnenos dynasty ever since the glorious defeat of the Latin armies by Alexios II Komnenos during the Fourth Crusade. Ever since then, the Imperial bureaucracy has been reformed, the pretenders have been dealt with, the immediate external threats have been crushed and, most importantly, the Empire finally reconciled with its Greek nature, accepting the reality. \nHowever, the times are changing. Rome’s role as the mediator and, arguably, undeserved victor of the Martletist Wars made the Greeks look inwards, towards the great vacuum of ideas that has been left as the result of the Constantinople Accords redrawing Europe to the Empire’s liking. The people looked to the past, but the same past gave different ideas to different men.;;;;;;;;;;;;
151001DESC;Cilicia was a territory of little interest to the Empire for centuries, ever since Ethiopia took over the area in the 16th century. Though the matter of the Orthodox Church in Cilicia and many Anatolian Greeks continuing to settle in these lands made it one of the main points of contention between two Christian Empires, Cilicia was nevertheless discarded until the middle of the 18th century, when Ethiopia fell under its own (and Persian) weight and the region came under Imperial domination.\nWith the Martletist Wars beginning in Europe just a few decades later, the local Armenian population attempted to stage an uprising with a goal to secede to the neighboring Egypt, which was seen as a better alternative to the Empire due to the former's religious freedoms. One thing led to another, and though the uprising failed due to Egypt's unwillingness to anger Constantinople, it was agreed that the region was to be under Egyptian jurisdiction until things would calm down, and then returned to the Empire. The date agreed on was January 1836, and it has finally come - it's time for Cilicia to return.;;;;;;;;;;;;
151002DESC;Cilicia was a territory of little interest to the Empire for centuries, ever since Ethiopia took over the area in the 16th century. Though the matter of the Orthodox Church in Cilicia and many Anatolian Greeks continuing to settle in these lands made it one of the main points of contention between two Christian Empires, Cilicia was nevertheless discarded until the middle of the 18th century, when Ethiopia fell under its own (and Persian) weight and the region came under Imperial domination.\nWith the Martletist Wars beginning in Europe just a few decades later, the local Armenian population attempted to stage an uprising with a goal to secede to the neighboring Egypt, which was seen as a better alternative to the Empire due to the former's religious freedoms. One thing led to another, and though the uprising failed due to Egypt's unwillingness to anger Constantinople, it was agreed that the region was to be under Egyptian jurisdiction until things would calm down, and then returned to the Empire. The date agreed on was January 1836, and it has finally come - do we return it peacefully, or..?;;;;;;;;;;;;
151003DESC;As agreed, Egypt has transfered us control over Cilicia. Reintegration efforts have already began.;;;;;;;;;;;;
151004DESC;In a move that clearly contrasts with Egypt's history of diplomacy with us, our request to return Cilicia under Imperial rule was denied. Egypt has cited the fact that 'tensions have clearly not calmed down enough', and no new date for the return was specified, meaning that Cilicia was to remain under Egyptian rule pretty much indefinitely. We will not allow this to stand, Cilicia will be reclaimed by force!;;;;;;;;;;;;
151005DESC;Egypt has won! Despite being outnumbered and outgunned, Egypt was seemingly not outwitted, as Cilicia was succesfully defended. Constantinople was forced to the negotiating table and here they abandoned their claims on the region. This is a great victory for us!;;;;;;;;;;;;
151006DESC;As expected, Egypt stood no chance against Constantinople. Our armies were defeated and routed from Cilicia, and we were forced to surrender the region. This is a great humiliation for us.;;;;;;;;;;;;
151007DESC;The internal politics of the Empire have since then been dictated by a question thought to be answered long ago: is the Empire Greek or Roman? The current Mesazon (what the Westerners would call a PM), Andreas Metaxas, is supporting the idea of complete reconciliation between these two ideas and subsequent territorial expansion in the west. His rivals, a group of reactionary populists called the Hellenophiles, are arguing for a complete purge of all Latin legacy and a full embracement of the Empire’s Greek nature. While their rhetoric is undoubtedly aggressive and dangerous, they enjoy considerable support from much of the peasantry. \nThe final say in this debate is, of course, with the Basileus, Andronikos III. He is old and ailing, but he may still crush one side or another if any of them takes a wrong step. The Empire’s future depends on whoever wins the Emperor’s favor. \n\n§RYou will receive notifications each time influence changes.;;;;;;;;;;;;
151008DESC;Another pressing issue is the matter of the Bulgarian peoples in their corresponding theme. Despite firnly being under the rule of Constantinople for almost half a millenium, the local populace hasn't forgotten the 'glory' of their long-fallen empires, and despite the successful hellenization of a significant part of their country, many among the Imperial court say that they could potentially pose an even more significant threat than their northern counterparts. \nAs per usual, the views on the future of the Bulgars differ. Metaxas proposes to continue the policy of hellenization and destroy any idea of an independent Bulgaria, even at a cost of angering the populace. The Hellenophiles offer a radically different solution: recognize the Bulgarians as equals and fully integrate them into the Imperial bureaucracy. \nIt remains to be seen what comes of the Bulgarians.;;;;;;;;;;;;
151009DESC;empty;;;;;;;;;;;;
151010DESC;Today, Basileus Andronikos III passed away peacefully in his sleep at the age of 78. He is regarded as one of the greatest Byzantine Emperors, managing to not only effectively channel the Empire's potential towards victory in the Martletist Wars, but also securing a favourable peace settlement in the Constantinople Accords after the War.\nDespite earlier successes, in his later years the Basileus had grown week in both body and mind, and the last decade of his rule was characterized by an intense internal struggle between Mesazon Andreas Metaxas and a group calling themselves the Hellenophiles. In the end, the latter were unable to gain enough influence before the death of the Emperor, and the Heir, Anastasius, a vivid supporter of Metaxas's ideas, is sure to crush the group's ambitions. A new era begins in the Byzantine Empire's history - and many fear that the Old Order may not be so respected in it.;;;;;;;;;;;;
151011DESC;Following many defeats the Hellenophiles have faced in the Empire's internal politics, coupled with their ideas on external politics being crushed by harsh reality, their influence has fallen to a level where the group's fate is pretty much sealed. Government figures initially loyal to them have began switching sides already, and, with popular support falling rapidly, any internal cohesion the Hellenophiles might have had is now virtually non-existent. Some of the key figures of the movement have fled to neighboring countries fearing judgement either by the government or by the mob, while others have gone into hiding. All of this can only mean one thing - the Mesazon has won, and his vision of the Empire's future is now unrivalled in the government.;;;;;;;;;;;;
151012DESC;Though the days when the Basileus could be easily influenced by court factions are long gone, it seems like sometimes, old habits are bound to surface again, as the decried Mesazon Andreas Metaxas has been dismissed by Andronikos III.\nThis wasn't just a simple dismission - in reality, it is not a secret that the Emperor trusted his second-in-command and viewed the ideas of his main adversaries, the Hellenophiles, as questionable at best. But many failures of the Mesazon over the past years, the complete control of the Hellenophiles over the Senate and at least a partial implementation of their views on foreign policy made Metaxas much more of a liability for the State. As such, he was sent into retirement - and despite the priviliges the Emperor assigned to him, and the giant pension, he cannot help but weep as he sees the upstarts start tearing his beloved Empire apart.;;;;;;;;;;;
151013DESC;The Nish Rebellion was a Bulgarian and Serbian popular uprising in the Theme of Bulgaria which began after the local religious authorities decided do disregard the right of Slavic lands to conduct the Divine Liturgy in Church Slavonic, and not in Greek. It was rapid, large and forceful, relatively unexpected by Constantinople with initial combat successes. It is a direct continuation of the previous demands to give South Slavs more autonomy, though the rebels currently only demand improving the tax system and other small concessions. While the Senate is split on what should be done about the uprising, the Mesazon has called for the rebellion to be crushed, and the Hellenophiles took the opposite position and are proposing to attempt to negotiate with the rebels. The final say is, of course, up to the Emperor.;;;;;;;;;;;;
151014DESC;During the debate concerning the delineation of the borders in Europe following the Martletist Wars, we made sure to cut the Hungarian state down to size and give some Hungarian majority areas to the newly-formed Transylvania. However, it seems like our plans to keep the nations of the Danube disunited failed, as some ambitious individuals in Rumania proposed a bold idea of uniting the cornered nations into a single Carpathia. A conference has been called in Szeged in an attempt to bring this idea to life, and though it is yet uncertain if it could succeed, the prospect of a united Carpathia poses a significant threat to the Empire. Though unfortunately, our options are very limited: the conference itself is no cause for a direct intervention, and the most we could do is express protest.;;;;;;;;;;;;
151015DESC;Georgios Fourtouniadis was elected Ecumenical Patriarch of Constantinople on 27 September 1835 as Gregorios VI. The new patriarch was characterized by a deep zeal for the Church and austerity in his customs - but also by an unforgivable inflexibility in his own ideas. He published canonical provisions concerning marriages, the education of monks and dogmatic differences with the Catholic Church and the Protestants, he forbid burial inside churches and he condemned the translation of the Bible in a simpler form of the Greek language.\nThe increasing appearance of Catholic and Protestant missionaries in the eastern Mediterranean following the end of the Martletist Wars was particularly distressing to Patriarch Gregory VI, and in 1839, these tensions came to a head when the Patriarch got into a verbal argument with a Papal Nuncio. In response, the Bavarian ambassador, Egid von Kobell, bluntly demanded the removal of Gregory VI and threatened to leave Constantinople over the matter. Wasting no time, Metaxas gave his support to the Patriarch, while the Hellenophiles claim that peace with the West is of utmost importance to the Empire. Do we support the Patriarch or force him to resign?;;;;;;;;;;;;
151016DESC;Today, Basileus Andronikos III passed away peacefully in his sleep at the age of 78. He was regarded as one of the greatest Byzantine Emperors, managing to not only effectively channel the Empire's potential towards victory in the Martletist Wars, but also securing a favourable peace settlement in the Constantinople Accords after the War.\nDespite earlier successes, in his later years the Basileus had grown week in both body and mind, and the last decade of his rule was characterized by an intense internal struggle between Mesazon Andreas Metaxas and a group calling themselves the Hellenophiles. In the end, despite the latter Emperor's sympathies towards Metaxas, the Hellenophiles have succeeded in whqat practically is a legal coup. However, it was not enough to secure their position, as the supposed Heir, Anastasius, is vivid supporter of Metaxas's ideas, and he would surely crush the group's ambitions if he took power. As such, when the Emperor passed away, the Hellenophiles started a real coup - armed men wasted no time in arresting Anastasius and forcing him the not-yet-crowned Emperor to abdicate in favor of his much weaker willed brother Constantine.;;;;;;;;;;;;
151017DESC;When Basileus Andronikos III died, the Hellenophiles have already practically completed a legal coup, stuffing the government with their loyalists. Faced with a threat of the heir apparent Anastasius completely reversing their gains, a real coup was launched, and Anastasius was made to abdicate in favor of his brother Constantine, who was much more accepting of the group's ideas. And thus, for the first time in history, a coronation of an Emperor of a completely different Empire was held in Constantinople - to the surprise of many, the Hellenophiles were very serious about their ideas, and Constantine XV was crowned not as an Emperor of the Romans, but as an Emperor of the Greeks.\nWith this historic moment, the thousands year long Empire is gone - and in its place now stands the Hellenic Empire.;;;;;;;;;;;;
151018DESC;With the death of Emperor Andronikos III, who is regarded as one of the greatest Byzantine Emperors, the internal power struggle within the Empire between the Hellenophiles and Metaxas comes to an end. The new Emperor, Anastasius III, has completely ousted all remnants of Hellenophile influence in the government, thus firmly setting course for the traditional claims of Constantinople - an expansion of Byzantine influence in the west. One can only hope that the horrors of the 17th century will not be repeated.;;;;;;;;;;;;
151019DESC;In 1788, the Imperial Army marched into the lands populated by the Serbs and the Croats, which were held by the Hungarian monarchy. In order to easier deal with the challenge of incorporating such large swathes of land (to the likes of which the Empire was not used, due to its long 'dormancy'), the special autonomous regions, or 'catepanates', were established, or, rather, revived. While such a measure has quelled the ire of the local populace, it is not a secret that it is entirely temporary. The only question is, how the catepanates will meet their end. \n\n§R If the Slavic cultures are not accepted by 1848, we will face a major revolt in this region.;;;;;;;;;;;;
151021DESC;Due to recent events, the influence of the Hellenophile faction has changed. \nNow it stands at §B1§!. \n\n§RThe minigame will be over if the value reaches either 0 or 10!;;;;;;;;;;;;
151022DESC;Due to recent events, the influence of the Hellenophile faction has changed. \nNow it stands at §B2§!. \n\n§RThe minigame will be over if the value reaches either 0 or 10!;;;;;;;;;;;;
151023DESC;Due to recent events, the influence of the Hellenophile faction has changed. \nNow it stands at §B3§!. \n\n§RThe minigame will be over if the value reaches either 0 or 10!;;;;;;;;;;;;
151024DESC;Due to recent events, the influence of the Hellenophile faction has changed. \nNow it stands at §B4§!. \n\n§RThe minigame will be over if the value reaches either 0 or 10!;;;;;;;;;;;;
151025DESC;Due to recent events, the influence of the Hellenophile faction has changed. \nNow it stands at §B5§!. \n\n§RThe minigame will be over if the value reaches either 0 or 10!;;;;;;;;;;;;
151026DESC;Due to recent events, the influence of the Hellenophile faction has changed. \nNow it stands at §B6§!. \n\n§RThe minigame will be over if the value reaches either 0 or 10!;;;;;;;;;;;;
151027DESC;Due to recent events, the influence of the Hellenophile faction has changed. \nNow it stands at §B7§!. \n\n§RThe minigame will be over if the value reaches either 0 or 10!;;;;;;;;;;;;
151028DESC;Due to recent events, the influence of the Hellenophile faction has changed. \nNow it stands at §B8§!. \n\n§RThe minigame will be over if the value reaches either 0 or 10!;;;;;;;;;;;;
151029DESC;Due to recent events, the influence of the Hellenophile faction has changed. \nNow it stands at §B9§!. \n\n§RThe minigame will be over if the value reaches either 0 or 10!;;;;;;;;;;;;
151030DESC;After a long period of drafting new laws, attempting to make peace with the establishment and negotiating with the Slavs themselves, the Emperor has finally issued the Slavic Decree. The Catepanates have been dismantled, and instead Serbian and Croatian languages have been accepted as regional languages of the Empire. The Catholic faith of the Croats was to be respected, and the Serbian Orthodox Church was to be made autocephalous. All of these changes, coupled with several other smaller ones, mean one thing - the Slavs are now an integral part of the Hellenic Empire.;;;;;;;;;;;;
151031DESC;Tensions in the Balkans between the various Slavic peoples and the Greeks have been mounting for a long time. As another Martletist wave hit Europe, however, unusual signs have started to appear in the Croatian and Serbian lands. Strange movements of population, an increase in interceptions of illegal armament shipments between areas, civil disobedience and other signs made it seem like an uprising was in the works - and, indeed, today, the call was sounded, and Serbia and Croatia have risen up in revolt. They demand full independence from the Empire - and with no compromise in sight, it seems like bloodshed of a scale yet unseen in the Balkans is inevitable.;;;;;;;;;;;;
151032DESC;The petty Slavic rebels have met a most expected end. Their ragtag militias were crushed, leaders executed and any will to fight completely eliminated. As punishment, the autonomous Catepanates were dismantled and the only language alllowed to be used in government, including educational institutions, was to be Greek. The Balkans shall never again fall out of the Empire's grasp.;;;;;;;;;;;;
151033DESC;The Slavic Rebels were much stronger than we have expected. Not only have they managed to repel the attempts by the Imperial Army to invade the heartland of the uprising, but also made incursions into the Bulgaria and other Imperial holdings. The North may have been lost for now, but Constantinople has no plans on giving the land up completely - the fight is not over yet.;;;;;;;;;;;;
151034DESC;Romans, rejoice! The ancient capital of the Empire, Caput Mundi, is once again in the hands of the only true Roman Empire. Last time the reclamation of the old capital has caused a great deal of upheaval in Western Europe, causing the Empire to lose control of the ancient city in 1653. Since then, the world has changed significantly: the Germanic pretenders to the north have lost their illegitimate titles and the Russians have been dealth with one way or another. As such, the Empire in Constantinople has outperformed all of its former rivals, and there are no more claimants left to the Roman throne. The previous occupant of the city, the so-called "Pope", has locked himself up in the Vatican, calling out for all Catholic nations to reforge the old Verona Alliance and retake Rome for himself. Whether his calls will be answered or not does not matter, for Rome is finally ours!;;;;;;;;;;;;
151035DESC;Andreas Moustoxydis was a Greek scholar from Corfu, who was one of the first Greek historiologists to work methodically and accurately on Greek history. In 1843, he founded the philological and historical journal "Hellenomnemon", which attracted considerable attention from the public, and especially from those sympathetic to the Hellenophiles. The journal talked about the development and differences between the varieties of the Greek language - the Ionian Greeks, those closest to Constantinople, the Pontic Greeks, who have survived the loss of Anatolia and whose culture formed around the Black Sea, and the Anatolian Greeks, who consist of the initial survivors and the latter settlers. \nThe information presented in the journal caused nothing short of a frenzy in the lands concerned, and while many have called for banning the journal, Moustoxydis himself said that his works are "purely scientific", and should not leak into political discourse.;;;;;;;;;;;;
151036DESC;Neos Hellenomnemon was a scientific journal specialized in Byzantine history, as well as in issues of palaeography. It was founded by the academic and later prime minister Spyridon Lambros, who was the publisher and the main editor of the magazine. Stylized as the spiritual successor of Hellenomnemon, the journal studied the scientific and philosophical developments of the Greek-speaking world, but as to prevent any sort of issues with the government, the new journal made sure to espouse the unity of the Greek World, putting a high emphasis on the shared heritage of the Greeks. \nDespite many critics attacking the journal for its supposed "propagandist nature", Hellenomnemon was set to become one of the most important works on Greek palaeography and history, and the basis for many future studies, with the initials of the journal (NE) being found in many historical works decades later.;;;;;;;;;;;;
153007DESC;The Carpathian Coalition has bested the defiant nations, removing the treacherous governments and enforcing the will of the people. The path is clear now - Carpathia will be a thing!;;;;;;;;;;;;
153008DESC;All nations of Carpathia have accepted the idea of unifying into one country. Carpathia will be a thing!;;;;;;;;;;;;
153009DESC;When the Constantinople Accords established the existing borders of Zapadoslavia and the Byzantine Empire, leaving the Romanian and Hungarian peoples stuck between two much stronger powers, it seemed like the fate of the two nations was sealed, as they were doomed to be subjugated by forces they could put up a fight against.\nBut as some could only resort to weeping and waiting for the inevitable death to come, the more ambitious individuals proposed a bold idea: perhaps, in spite of centuries of rivalry, the nations of Carpathia, who share the same sorrow, could put their grievances aside and unite against the inevitable threat.\nAt first, few listened to them. Then, as time went on, more and more people started questioning themselves: what other chance do the nations of Carpathia have? And so, little by little, support for the idea grew, until it finally borne fruit - here lies Carpathia, the nation that defied fate!;;;;;;;;;;;;
153010DESC;The Byzantine ambassador in $OURCAPITAL$ has handed us a strongly-worded note from Constantinople. According to these deluded fools, the young nation of Carpathia poses a threat to 'stability in the Balkans', as there are no guarantees that we will not employ hte help of Constantinople's enemies to seize the Imperial borderlands. We suspect that this letter might have been heavily influenced by the so-called 'Hellenophiles', a group of Greek intellectuals believing that the Empire should fully integrate the Balkan nations.;;;;;;;;;;;;
153011DESC;With a new period of martletist unrest raging in Europe, it becomes clear that the nations of Carpathia need to take action. The idea of a union between Hungary and Rumania is clearly not to be, so nationalist ambitions will now surely take lead.;;;;;;;;;;;;
158000DESC;Increased trade between our subjects, the natives and the Mormannach settlers migrating through the area have pushed our borders to the shores of the Lake Bhinnepeg. This development might present an opportunity to expand our domain further in the area surrounding the lake.;;;;;;;;;;;;
158001DESC;A delegation from the Great Lakes Indians has recently arrived at the capital of our colonial holdings in Colombia. They, nominally our subjects, are requesting independence for their confederacy. While it may seem to be an obvious choice to send them away, it is becoming clear that old methods of dealing with the natives are becoming less and less effective. Perhaps an alliance, instead of suzerainty, would be a better arrangement?;;;;;;;;;;;;
158006DESC;The lands to our west are held by the Sioux tribes. With the Ayllonians threatening to subjugate the natives, a confederation of Sioux peoples has assembled under the leadership of chief Stinky Feet from the Sniffatoe tribe. He asked us to accept his people under our protection.;;;;;;;;;;;;;
158002DESC;With the complete adiption of western methods of governance our state is no longer fit to be a confederation of tribes. We will officially reform into the United Indian Nations, a federal republic on the Great Lakes!;;;;;;;;;;;;
158007DESC;When Vrijland was in its infancy, the runaway slaves from the Leonese holdings in the south played a major part in the young state's survival. Though they came in much lesser numbers than the Europeans, it is thanks to their insights and knowledge of the process of slave trade we were able to not only successfully resist the blockade imposed on us by the Celts, but also intercept many slaver ships in the Carribean. \nOver time, these runaway slaves formed a culture of their own, 'Freedmen' is what they usually call themselves. They comprise a significant minority in the southern portion of our country, and with our recent conquests in Axacan, we have freed eveen more slaves. As the process of dismantling the institution of slavery progresses, most, if not all of these men will integrate into the Freedmen culture. \n\n§BFrom now on, all lands we conquer from Ayllonia will have Afro-Latino pops get converted to Freedmen!;;;;;;;;;;;;
158008DESC;With the conquest of Ambrosia, we shall begin dismantling the institution of slavery and integrating the African diaspora in these lands into the Freedmen culture.;;;;;;;;;;;;
158009DESC;With the conquest of Chalaques, we shall begin dismantling the institution of slavery and integrating the African diaspora in these lands into the Freedmen culture.;;;;;;;;;;;;
158010DESC;With the conquest of Florida, we shall begin dismantling the institution of slavery and integrating the African diaspora in these lands into the Freedmen culture.;;;;;;;;;;;;
158011DESC;With the conquest of Tierra de Garay, we shall begin dismantling the institution of slavery and integrating the African diaspora in these lands into the Freedmen culture.;;;;;;;;;;;;
158012DESC;With the conquest of Chicaetas, we shall begin dismantling the institution of slavery and integrating the African diaspora in these lands into the Freedmen culture.;;;;;;;;;;;;
158013DESC;With the conquest of Nuevo Aragon, we shall begin dismantling the institution of slavery and integrating the African diaspora in these lands into the Freedmen culture.;;;;;;;;;;;;
158014DESC;Disaster strikes. The enemy has taken over not just our great capital of Ambrosia, but all of Ayllonia proper, pushing us behind the Misisipi River. This means that we can no longer effectively call ourselves Ayllonian - as a matter of fact, our government is now dominated by the Fluvialeans. It seems to be our only choice to embrace the new identity. Long live Republica Fluvial!;;;;;;;;;;;;
158015DESC;Our newly colonized lands are being successfully integrated into the colonial administration of Ildathach.;;;;;;;;;;;;
158018DESC;Some of the land that should have been Ildathach is currently governed directly by us. We will transfer this land over to our subject.;;;;;;;;;;;;
158019DESC;The province of Portaiste Mor, located on the western shore of the Lake Uachtarach, is contested between the United Indian Nations, our Native ally, and the colony of Ildathach. Now that the situation in the region has changed, it is time to determine who should own this land.;;;;;;;;;;;;
158005TITLE;$FROMCOUNTRY$ protests annexation!;;;;;;;;;;;;
158003DESC;The Gaelic Kingdom has annexed the Lacustrine Confederacy, bringing large swathes of rich lands under their control. Not only is this an act of aggression of unprecedented scale, it is also an opportunity for expansion, since the broder between us and the natives was at times loosely defined. Perhaps we could demand compensation in the form of land, knowing that if the Celts refuse, the public opinion will be on our side.;;;;;;;;;;;;
158005DESC;$FROMCOUNTRY$ has sent us a strongly-worded message of disapproval of the annexation of the Lacustrine Confederacy. Citing their security concerns, as well as a lack of a defined border between them and the former Indian lands, they demand us to cede large swathes of land to them. While we don't expect military action to ensue if we refuse, giving in to their demands would certainly easy the tension, while not substantially lowering our prestige (that is, if we manage to word our agreement correctly - something we're undoubtedly going to be able to do). \n\n§BAyllonia's demands are the states of Wapahshiki and Muskikwam, while Vrijland's are Kanosoni.;;;;;;;;;;;
158020TITLE;$FROMCOUNTRY$ acquiesces;;;;;;;;;;;;
158020DESC;$FROMCOUNTRY$ has accepted our demands, citing their will to ease the tensions and compensate us in what was clearly a one-sided action that did not take our interests into account.;;;;;;;;;;;;
158022TITLE;$FROMCOUNTRY$ defiant;;;;;;;;;;;;
158022DESC;$FROMCOUNTRY$ has refused our demands without explanation. Clearly, they see our interests as aggression against their 'rightful' land. The only option now is war.;;;;;;;;;;;;
158025DESC;The radical change in the government of Vrijland has not gone unnoticed by the Black population of the country. The Freedmen, citing the authoritarian nature of the new government, have organized into groups, sometimes with their own militaries, to advocate for the independence of New Afrika, the lands with a significant Black minority, or, at times, majority. It seems like civil war is inevitable.;;;;;;;;;;;;
158029DESC;An Ildathach preacher by the name of Seosamh MacGabhann had long attracted substantial attention from the local authorities for his unusual theological and religious ideas. According to him, he had received a series of visions revealing a new series of scriptures regarding God's dealings with the indigenous peoples of the New World. He has founded a church of his own based on these revelations, and now, citing persectuion from the government, he and around 30,000 of his followers have began migrating west, with the goal of settling somewhere in the remote parts of the Great Plains. We expect more of these so-called 'Mormannach' to follow.;;;;;;;;;;;;
159000DESC;Ever since the beginning of the Mexican War for Independence, the sons of Colombia have been slaughtering each other, as if they were not of the same blood. But now, with the triumph of Southern arms, we may finally proclaim the United Provinces of Colombia, a nation for all Hispanocolombians!;;;;;;;;;;;;
159001DESC;Mexico was once a colony of Leon, its crown jewel and the most prized possession. As the Martletist Wars rocked Europe, however, ideas of independence started to sprawl in the New World, fueled by Vrijlander agitation and Andalusia’s failed ventures in the south. Mexico was eager to seize the opportunity and declare independence - and soon, in 1815, the Mexican War of Independence began. An ambitious general by the name of Agustin de Iturbide declared himself the Emperor of Mexico, establishing the Mexican Empire and proclaiming desire to dominate the continent - a decision that proved to be fatal, as both California and Ayllonia supported the Metropole, and soon, the Empire fell apart from within. After the War, Leon granted independence to both of its other colonies on mutually beneficial terms, and while, in the end, Mexico remained independent, it was severely cut down in size. Moreover, shortly after the end of the War, in 1821, the Province of Yucatan rebelled, demanding more autonomy for both the Yucatecs and the local natives. Now, after more than a decade of recovery, it seems like the time has come for Mexico to strike back - but first comes the fate of Yucatan.;;;;;;;;;;;;
159002DESC;Rio Grande was separated from Mexico following the disastrous attempt by the Mexican Empire to dominate the continent. They have since then grown quite hostile to the idea of being ruled by a Mexican government, for they have not forgotten the extremely centralised nature of the Empire. Now that we have reclaimed the lands along the Rio Grande, we must integrate the locals - and perhaps, instead of simple integration, we should go further and create an autonomous Republic inside of our nation, establishing precedent for integration of other nations. Who knows what roads will then be opened…;;;;;;;;;;;;
159003DESC;The colony of Tierra de Ayllon was founded in 1526 by Lucas Vazquez de Ayllon. Initially competing for investment with the neighboring Tierra de Garay, the colony turned out to be the most profitable one due to its position on the Atlantic, as well as favourable terrain. Ayllonia rapidly developed under Leonese rule, managing to maintain good relations with both the native tribes and their Metropole. \nWhen Colombia was rocked by the Mexican War of Independence in 1815, what became called Ayllonia firmly sided with the Leonese Crown, expecting reciprocation from its overlord. And in 1819 Leon did reciprocate, signing the Treaty of San Agustin, which granted independence to the Republic of Ayllonia on mutually beneficial terms. \nThough the chaos of the 1810s did lead to the loss of Ajaxan and other lands in the east to Vrijland, things are looking good for Ayllonia. In 1824, the city of Ambrosia was founded, intended to serve as a capital to the young Republic, while efforts were made in the west to integrate the lands seized from Mexico in the years prior. \nThe Republic now looks outwards - primarily towards the Mexican Gulf.;;;;;;;;;;;;
170000DESC;The League of Milan, or the Cisalpine Confederation, is often described as "the worst way to organize a state". It was created as a result of the Italian Wars of Unification - a series of conquests by an ambitious duke Napoleone di Buonaparte, who seized the throne of Savoy in 1803. His short-lived Kingdom of Italy contributed much to the general instability of Europe during the Martletist Wars, eventually being destroyed by the combined forces of France, Arles and Bavaria. \nOn the ashes of the liberal Kingdom, a new state was born. Or, to say, a union of states: the reinstated Italian states were forced to join a "league", with its political organisation being based on the Nordseebund. Despite the success of the aforementioned North German state, the project turned out to be a disaster for Italy and a great boon for the Great Powers of Europe. Plagued by instability and power struggles, the dukes of Cisalpinia have continuously chosen to make woe with each other, instead of focusing on more pressing matters. \nAs a new crisis looms, it is not a question of if the League will collapse. Instead, it's a question of when. The long-awaited Italian unification may finally be in sight.;;;;;;;;;;;;
170001DESC;The League of Milan is pressuring us to continue the talks that were started in 1831 about our accession to the League. The last major round of talks ended in July 1835 in bad mood, and it seems like Milan is trying to make us sign a deal without thinking. What they don't know however, is that Tuscany has contacted us recently and is willing to accept us into vassalage (in case Milan acts up) under better terms. We will inform them that all we can offer is heavy autonomy and, most importantly, keeping the title of 'Duchy' - something other Dukes will not like.;;;;;;;;;;;;
170002DESC;We have received a response from Lucca! \nAnd they are way worse than we were expecting. They say that the length of the talks 'clearly signifies the impossibility of the Duchy to join the League', and have made one last offer: heavy autonomy and, most importantly, keeping the title of 'Duchy' - something that the other Dukes will not like. The opposition has already made sure to make fun of the government, but we've got one last trick up our sleeve - force of arms. While we are not actually planning to invade Lucca, we will mobilise the army on the border to scare them.;;;;;;;;;;;;
170003DESC;Without saying a single word, the League has mobilised its army on our border. Clearly, they are trying to scare us into signing whatever fits them. We, however, have an ally they don't know about - Tuscany! We should contact them before the League accidentally starts shooting again, like it was during the 1827 Ostiglia incident.;;;;;;;;;;;;
170004DESC;We have received rushed reports from Lucca that the army of the League of Milan has mobilised on the border with the small Duchy. As per our previous promises, we will publicly announce that we will defend Lucca against Northern aggression.;;;;;;;;;;;;
170005DESC;The worst possible scenario has come to reality. The Duke of Tuscany has publicly announced that he will defend Lucca against any 'Northern aggression', exposing our plans and immediately ending any possibility of Luccan accession to the League. The Tuscan Army has begun moving into Lucca, and it seems like the two countries are closer than ever. \nNow Lucca is the least of our worries however, because the complete failure of the government has triggered an indescribable reaction from the public. It's not just the opposition that's shouting at us, it's the entire country. And considering how things usually are in the League, things are bound to get worse. Way worse.;;;;;;;;;;;;
170006DESC;With the final preparations being complete, we are proud to announce that the Duchy of Lucca will unite with the Duchy of Tuscany, thus creating the Kingdom of Tuscany. This is a glorious day for all Tuscans!;;;;;;;;;;;;
170007DESC;While the situation on the homefront worsens, another horrible development has just occurred to our south. The Duchy of Lucca has decided to... unite with the Grand Duchy of Tuscany to create the Kingdom of Tuscany. We can only watch in shock as Firenze managed to easily acomplish in days what we couldn't acomplish in years. The public, as you can guess, is... 'delighted' at hearing these news.;;;;;;;;;;;;
170008DESC;As days went by, the public outrage at the government's actions only grew. The people remembered all of the past failures, those going back to the 1820s and even before the Martletist Wars, as the constituent Duchies' governments were being targeted as well. Calling the elections now seems like a choice, but considering the state in which Milan is right now, it is only going to worsen the violence. Only a deus ex machina is going to save the League now.;;;;;;;;;;;;
170009DESC;As the situation hits a breaking point, a curious individual has shown up in Turin. That individual goes by the name Napoleone di Buonaparte, and he is the son of the dead King Napoleone, the family of whom had been living in exile on the island of Corsica. 'L'Aquilotto' ('the Eaglet'), as he had been called, has slipped through the chaos and landed at the port of Genoa about a week ago. After arriving in Turin, his father's old domain and a monarchist stronghold, he made his presence public, immediately assembling a significant number of his followers who became his own little army. Lacking a cause to support, the people have quickly rallied to the opportunist's cause, proclaiming him as 'Napoleone II'. \nNow he and his army find themselves at the gates of Milan. Hearing an upcoming monarchist restoration, the most radical elements of the city have assembled the 'Popular Guard' in an attempt to stop Napoleone and bring an end to the chaos themselves. And after a brief but bloody battle...;;;;;;;;;;;;
170010DESC;After the government of the League of Milan disastrously failed to finish the negotiations concerning Lucca's accession to the League, the city of Milan fell into chaos. Amidst the general instability of the countryside, a curious individual by the name of Napoleone di Buonaparte, the son of the previous reigning King of Italy, whose family had been living in exile in Corisca, slipped into the country and assembled an army of his followers with the goal of retaking his father's throne. Following a bloody battle for the city, in which Napoleone's forces triumphed, he was crowned with the Iron Crown and decalred the King of Cisalpinia, after which he embarked on a glorious campaign of pacification across the countryside in order to bring the Dukes in line. In a few short days, he and his army burned down much of Northern Italy, but in the end succeeded in bringing in line the former constituents of the League. One of them, the city of Genoa, proved to be particularly resistant, which led to most of it being destroyed in the siege.;;;;;;;;;;;;
170011DESC;After the government of the League of Milan disastrously failed to finish the negotiations concerning Lucca's accession to the League, the city of Milan fell into chaos. As the violence in Milan got worse, an individual by the name of Napoleone di Buonaparte, the son of the previous reigning King of Italy, showed up at the gates of the city with an army with the goal of retaking his father's throne. He was met with stiff resistance by La Guardia Popolare, 'The Popular Guard' assembled by the most radical elements of the city. Following his defeat and escape into Switzerland, the new Provisionary Government has declared the dissolution of the League, sending the Popular Guard on a campaign to pacify the countryside. Now, the Cisalpine Republic has been established as a strong force in the Italian Peninsula.;;;;;;;;;;;;
170012DESC;The Pope's act of a general amnesty for political prisoners did not consider its potential implications and consequences. The freed revolutionaries merely resumed their previous activities, and his concessions only provoked greater demands. Following the assassination of his prime minister in $YEAR$, Pope Pius IX fled Rome and took refuge in the south. Giuseppe Mazzini and colleagues proclaimed the end of papal power and prepared a modern constitution for the newly announced Roman Republic. From his fortress at Gaeta, Pius IX called on the Catholic powers of Europe to send their armies to restore him to power.;;;;;;;;;;;;;
170013DESC;Should we unite with our northern brothers? We've got the same government type, after all.;;;;;;;;;;;;
170014DESC;The newly-established Roman Republic has petitioned us to join the Cisalpine Republic. There seems to be no donsides to doing this. Shall we accept?;;;;;;;;;;;;
171000DESC;The Kingdom of Arles resides in a precarious position. The echoes of the collapse of the Holy Roman Empire are still felt in Lower Burgundy, with both the population and the government being unsure as to what Arles' future shall be. Thriving under the protection of Brussels for centuries, Arles slowly lost any ideas of European domination, instead turning into a small trade empire. As such, with the long-time protector gone, the Arelat people have found themselves confused, without a national idea of any sorts. The collapse of the sisterly Occitania during the Martletist Wars forced the nation to take up arms and reluctantly participate in the bloodbath around it, heavily contributing to the defeat of the rebel forces on all fronts. With these threats gone however, Arles finds itself in a new world, where inaction will be severely punished. The Kingdom must finally put its potential to use - though where it will bring Arles is a mystery only time is able to solve.;;;;;;;;;;;;
171001DESC;Recent events have shown us that the situation on the Balearic Isles cannot continue as it is. As such, the Balearic Isles Commission, established after the Martletist Wars, will be disestablished, and the isles will be annexed directly into our nation.;;;;;;;;;;;;
172000DESC;The United Kingdom of Oilitania and Occitania is one of the youngest nations on the map of Europe. It came into being in 1820, following the signing of the Constantinople Accords and the crowning of King Rene III de Valois as king of Occitania, which had been occupied by Oilitan troops after the defeat of the Blanhac Directory, one of the main Martletist centers of Europe.\nThe history of the two countries' relations is very much troubling. The marriage of Eleanor of Aquitaine and Raymond V of Toulouse in 1152 century brought the end of the united French Kingdom, and only the prior Danish conquest of England in 1144 allowed Paris to maintain its sovereignty. Royal power went into freefall, and Oilitania remained an underdog and a loyal ally of Denmark for the better part of the second millennium.\nThings radically changed with the onset of the Martletist Wars, as the powerful Occitania fell to rebel forces. Oilitania then saw an excellent opportunity, and indeed, following a long and grueling war, the two kingdoms were finally united into one. Now standing as one of the most powerful forces of Europe, Paris is free to realize its potential both on the home continent and overseas.;;;;;;;;;;;;
172001DESC;Patience of the French people has finally ran out, as masses of commoners rise up in Paris and beyond to overthrow the Valois regime. The revolutionaries, inspired by the martyrs of the last failed attempt in 1801, called for the dismantlement of the tyrranical monarchy, which had lost the right to represent the French people.\nAfter a bloody battle, the capital of the country and several other major urban centers came under the revolutionaries' control. The King fled, and a new Provisional Government has been established. This is, undoubtedly, a huge blow to the current European political establishment.;;;;;;;;;;;;
172001OPTA;Un Français doit vivre pour elle, pour elle un Français doit mourir!;;;;;;;;;;;;
158026DESC;The Acadian Rush was a period of heavy immigration to the colony of Acadia following the persecution of the Martletist Wave of 1835-36, when many of those who were unhappy with the establishment in Europe decided to move to Colombia. The colony of Acadia itself is heavily autonomous, and Paris has been using it as a penal colony for the longest time, so prevalence of liberal thought in it is not unheard of. For now though, Acadia will experience an era of growth and economic prosperity.;;;;;;;;;;;;
158027DESC;With the period of increased immigration to Acadia having subsided, the French government will now have to deal with the consequnces of the colony's continuing development of a national identity. Calls for independence of Acadia are now heard more and more - maybe, it is time for the youngling to finally leave the mother's nest.;;;;;;;;;;;;
158028DESC;As the years go by, the calls for independence of Acadia are growing louder and louder. Perhaps it would be better to follow the example of our southern neighbors, the Leonese, and sign an agreement with our colonial subjects on mutually beneficial terms, lest it turns into another Vrijland.;;;;;;;;;;;;
161000NAME;$FROMCOUNTRY$ Proposes Unification;;;;;;;;;;;;
161000DESC;Following a period of increasing cooperation between our two countries, $FROMCOUNTRY$ has made us an unusual offer of unifiying into one nation, Ard Alhuriya. Do we accept?;;;;;;;;;;;;
161001NAME;$FROMCOUNTRY$ Accepts;;;;;;;;;;;;
161001DESC;Once, the lands of Sahel al-Wafir and Biru were ruled by the Andalusians. Then, the people took up arms and threw the colonial yoke off, tired of the economic exploitation by the Metropole. Unfortunately, an attempt at immediate unification failed, but the Janatiyin people knew that the division between the two countries was just a formality. Now, $FROMCOUNTRY$ has agreed to our proposal to create a united state - Ard al-Hurriya, the Land of the Free!;;;;;;;;;;;;
161002NAME;$FROMCOUNTRY$ Declines;;;;;;;;;;;;
161002DESC;$FROMCOUNTRY$ has declined our offer of unification. It seems like they want unification on their terms, and no one else's. This means that the force of arms is the only option left.;;;;;;;;;;;;
161003DESC;Once, the lands of Sahel al-Wafir and Biru were ruled by the Andalusians. Then, the people took up arms and threw the colonial yoke off, tired of the economic exploitation by the Metropole. Unfortunately, an all attempts at unification have failed, and it had to come to war - but the Janatiyin people knew that the division between the two countries was just a formality, and no matter the bloodshed, unification was inevitable. Now, with our victory in the war, a new state is born - Ard al-Hurriya, the Land of the Free!;;;;;;;;;;;;
161004NAME;$FROMCOUNTRY$ Claims our Lands!;;;;;;;;;;;;
161004DESC;Without warning, our northern rival, $FROMCOUNTRY$, has laid claim on our lands with the intention of creating a united Janatiyin state, Ard al-Hurriya. Diplomacy wasn't even tried - but it doesn't matter now. The only choice is war.;;;;;;;;;;;;
161005NAME;$FROMCOUNTRY$ Declares War!;;;;;;;;;;;;
161005DESC;Following our refusal to unify, $FROMCOUNTRY$, has declared war on us with the intention of creating a united Janatiyin state, Ard al-Hurriya. Our differences will have to be settled on the battlefield.;;;;;;;;;;;;
161006NAME;$FROMCOUNTRY$ asks to sell Welserland;;;;;;;;;;;;
161006DESC;We have received an offer from $FROMCOUNTRY$ to buy our colony of Welserland for 150,000 pounds. Should we accept?;;;;;;;;;;;;
161007NAME;$FROMCOUNTRY$ Accepts;;;;;;;;;;;;
161007DESC;$FROMCOUNTRY$ has accepted our offer of buying Welserland. We are in control of the colony now!;;;;;;;;;;;;
161009NAME;$FROMCOUNTRY$ Declines;;;;;;;;;;;;
161009DESC;$FROMCOUNTRY$ has declined our offer of buying Welserland. Perhaps we will have to convince them by other means.;;;;;;;;;;;;
161010DESC;empty;;;;;;;;;;;;
161014DESC;Historically, the relations between the Occitan settlers in Antartida and the Janatiyin of Biru have not been good. Ever since the first time the two groups met in the early 17th century, they have competed over the southern part of the Andes, trying to sway the various natives of the area and exploit the valuable resources. And despite the tensions never culminating in an all-out war, the problem of animosity still persists, being most evident in the loosely-delineated border between the two nations. With such issues becoming rarer and rarer, perhaps we should also consider signing a border agreement and properly delineating our southern border.;;;;;;;;;;;;
161015DESC;Historically, the relations between the Occitan settlers in Antartida and the Janatiyin of Biru have not been good. Ever since the first time the two groups met in the early 17th century, they have competed over the southern part of the Andes, trying to sway the various natives of the area and exploit the valuable resources. And despite the tensions never culminating in an all-out war, the problem of animosity still persists, being most evident in the loosely-delineated border between the two nations. With such issues becoming rarer and rarer, the $FROMCOUNTRY_ADJ$ government has sent us a proposal of signing a border agreement and properly delineating our northern border.;;;;;;;;;;;;
161016DESC;Antartida has accepted our proposal. From now on, any possible claims our two countries may have had on each other will be dropped.;;;;;;;;;;;;
161017DESC;Antartida has refused to sign a border treaty, instead opting to officially announce their claims on Upper Biru. It seems like this matter will have to be settled on the battlefield.;;;;;;;;;;;;
161018DESC;Historically, the relations between the Occitan settlers in Antartida and the Janatiyin of Biru have not been good. Ever since the first time the two groups met in the early 17th century, they have competed over the southern part of the Andes, trying to sway the various natives of the area and exploit the valuable resources. And despite the tensions never culminating in an all-out war, the problem of animosity still persists, being most evident in the loosely-delineated border between the two nations. Unfortunately, this issue has been exploited by the $FROMCOUNTRY_ADJ$ government, and they have announced official claims on our part of the Southern Andes.;;;;;;;;;;;;
161019DESC;Historically, the relations between the Occitan settlers in Antartida and the Janatiyin of Biru have not been good. Ever since the first time the two groups met in the early 17th century, they have competed over the southern part of the Andes, trying to sway the various natives of the area and exploit the valuable resources. And despite the tensions never culminating in an all-out war, the problem of animosity still persists, being most evident in the loosely-delineated border between the two nations. Unfortunately, this issue has been exploited by the $FROMCOUNTRY_ADJ$ government, and they have announced official claims on our part of the Southern Andes.;;;;;;;;;;;;
154000DESC;Zapadoslavia is not a state born of its own volition - in fact, it struggled as hard as it could to not be born. The Polish and the Czech parts have been separate polities just a few decades back, though ruled by one King in a personal union. Thus it has been for almost four centuries, but all of this time was spent not for the state’s own betterment, but in a delusion of the nobility that if the Duchy of Lithuania fell, Poland would follow. Endless wars in the east ensued: every time, just as it was thought peace was reached, Bohemia and Poland were once again dragged into a doomed military endeavour by their Lithuanian allies. \nThis state of affairs came to an end with the beginning of the Martletist Wars. The patience of the commoners (and the thinkers alike) ran dry, and Poland was seized by those willing to see a united West Slavic state, - Bohemia was to follow, but with a condition that the King remained in power. And as the Wars came to an end, this state of affairs remained - a King in charge of a nation he didn’t wish for. But this is what everyone will have to contend with.;;;;;;;;;;;;
154001DESC;Poland's relation with the Baltic Sea is a troubled one. Managing to reclaim Pomerelia for a short time in the 15th century, the Polish Coast was given up once again to the Germans less than a century later. Though small territorial concessions were made here and there, the Martletist Wars solidified the independent Duchy of Prussia, previously existing with an uncertain status as a subject of Bohemia. Now that Poland is an equal to Bohemia, Prussia was integrated directly into it - and, with the destruction of this fleeting German statelet, Poland is forevermore bound to the sea.;;;;;;;;;;;;
166025DESC;Aimar Chambon was the governor of the Occitan colony of Meridionalia when the Metropole fell to the Revolution. Holding reactionary views, he refused to betray his Motherland and declare independence of the colony, instead starting preparations for an expedition to Europe to reclaim what was lost. He even managed to convince the government of Antartida to postpone the planned declaration of independence and aid Chambon in reclaiming Occitania. \nAs time went on, the reclamation was nowhere to be seen. Eventually, the Constantinople Accords decided that the kingdoms of Oilitania and Occitania shall be united into one entity, France, and that the colonial empire of the latter shall go its own way. In the following years, Antartida finally abandoned the doomed ambition, while resistance against Chambon on the homefront continued to grow ever stronger. And now, those calling for an independent future for Meridionalia have finally won, as Aimar Chambor died at the age of 80. A republic was swiftly declared, its destiny no longer tied to that of Occitania.;;;;;;;;;;;;
173000DESC;With our position on the continent of Arajana solidified, we need to look to our future. We are presented with two options: we can either listen to the Exiles and attempt to restore the Mali Empire by seizing West Africa, or we can abandon this idea and form a greater union of all Arajanans. What do we choose?;;;;;;;;;;;;
173001DESC;Kungo Belebeleba, the jungle surrounding the great Maranian River, is hard to traverse. And yet, the state's borders enroach deeper and deeper into the wilderness, the exploration spearheaded by the visionaries who are willing to battle nature and conquer whatever goods the are to be conquered.;;;;;;;;;;;;
173002DESC;The Orinoko Delta is covered in thick mangroves that are difficult to traverse, and even more difficult to control. The settlement on the island of Lorano, conquered by the League of Milan in 1829, was the only civilized settlement in the area, and even it was a massive money drain for the failed League. But advancements of our state and the restless nature of those ambitious men who are willing to explore the jungle now allow us to push the borders of $COUNTRY$ into the interior and establish dominion over the whole of the Orinoko Delta.;;;;;;;;;;;;
169004DESC;- Dismantlement has been turned off due to the GFM Dismantlement system being cut (it was too hard to configure, will get back to it later, maybe).\n- Dynamic Colonial Governments have been turned off for obvious reasons. This will not affect game mechanics in any capacity.\n - You can't use Demand Concession on any East Asian country until Nat. and Imp. This is done so China stays somewhat intact.\n - Some African provinces will have their goods changed if the owner has researched Organic Chemistry and the year is after 1890. This is done automatically through monthly cleanup. See the bottom of README file for specific province IDs.;;;;;;;;;;;;
162000DESC;Antartida was an Occitan colony established in the 16th century. Being Occitania's largest colonial holding, it received the lion's share of attention, as all other colonies paled in comparison to Antartida. Experiencing rapid growth due to increasing immigration in the 18th century, Antartida developed a strong yet loyal national identity, with an imperious attitude towards the entire South Atlantic. Slavery 'prospered' as well, especially in the North, where small-scale slave trade occured with Numanbolan slaveholders, despite the ban on trading slaves to foreigners imposed by the Malian government. \nRevolution in the Metropole shook Antartida to its core. Despite the nation clearly being ready to part its ways with Occitania, many refused to abandon the Motherland and declare formal independence. This sentiment had further been boosted by Aimar Chambon, the governor of Meridionalia, who vowed to reclaim the lost homeland by all means necessary. Hesitation peristed all the way into the 1820, when, following the annexation of Occitania, the Republic was finally decalred - ready to dominate its region, as it had already done with the recently conquered Sadancan.;;;;;;;;;;;;
162002DESC;Camp del Cel is an area in the Secaia where a large quantity of iron meteorites have been known to be located since the 16th century. The crater field covers 18.5 by 3 kilometres and contains at least 26 craters, the largest being 115 by 91 metres. Before the arrival of the Occitans, the deposits were used by the natives to make rudimentary tools, but not much has been done about the existence of the meteorite ever since.\nWith our recent prospecting efforts in the western part of Antartida, a renewed interest arose about Camp del Cel. While the quantities of iron are small, several tens of tonnes is nothing to scoff at, and small-scale extraction effort has already been set up. The question is: shall we put the iron to industrial use or, considering the rarity of meteoritic iron and the not-so-exciting quantities of it in the deposit, take the pieces to museums and scientists?;;;;;;;;;;;;
169008DESC;Victoria 2 has a closed economy, which means that there is a limited amount of money in the world. If you sit on millions, you are depriving your pops of money, which means they can buy less and an overproduction crisis is imminent. Stop taxing your pops, increase the army spending and pass some social reforms, this will make the game's economy heatlhier. And you don't usually need more than a few million in the bank anyways.;;;;;;;;;;;;
158030DESC;Reiszaker is a largely historical pejorative used by Vrijlanders to describe allegedly opportunistic or disruptive immigrants who came to the former lands of Ayllonia and were perceived to be exploiting the local populace for their own financial, political, or social gain. The term mostly included individuals who saw business and political opportunities because of a large amount of cheap labor in the form of Freedmen. The liberated slaves quickly accumulated large amounts of debt, and were forced into bonded labour by opportunists from the North. Despite the practice being denounced by both the Vrijlander society and the government, many of such Reiszakers laid the foundations for industrial development of Ayllonia.;;;;;;;;;;;;
158031DESC;Our conquests in the Antillean couldn't have gone unnoticed by those who have been fighting for their homelands' freedom before our liberation. Several of those men have made a proposal to our government to establish an independent republic in the Antillean, under our supervision of course. This republic would be bound to us politically, militarily and economically, and would, in all senses, benefit us and the public reception of Vrijland in the region. Perhaps we should follow through with their idea?;;;;;;;;;;;;
175000DESC;Upon a horse, among an army of thugs, thieves and rapists, rode a young man. Kassa Hailu, seventeen years of age - though to most, he was a little more than that - Tewodros II, Emperor of Ethiopia. Or, at least, that is what everyone wanted him to believe.\nHe couldn't quite get used to his new name - his duties weren't exactly that of an Emperor. Instead, he fulfilled a purely ceremonial role, as the real man running the state was Marye of Yejju, the man who was currently screaming atop of his lungs at a few subordinates of his inside a military tent. He was the Enderase, the Regent - a feared, brutal man, who did justice to none. But really, he was but a warlord, the victor of the Age of Princes - he defeated a man like him, a claimant to the throne, Wube Haile Maryam. A last of his kind, Wube fled to the countryside, presumed to be dead - but recently, reports started coming in of unusual activities in his former domain of Tigray. And so, Marye took it upon himself to draft a plan of action. No stone was to be left unturned, no crevice unchecked - a meticulous and brutal operation, his men knew the planning was going to take all day long. And while they were upset about it, they couldn't deny his efficiency - perhaps, their lack of discipline was the problem?;;;;;;;;;;;;
175001DESC;We have searched the area far and wide, but clearly, this part of Tigray is empty. We have, however, been able to root out some guerillas loyal to Wube, as well as intimidate the locals into giving us more clues towards the location of the rat.;;;;;;;;;;;;
175002DESC;Ethiopia is a land of rampant slavery, with many Shanqellas (blacks) from the far west serving the Empire's needs prior to Zemene Mesafint. Many of those slaves became soldiers, known as the Welajoch - and through their extensive use during the Civil War, every man, woman and child became very familiar with their brutality and the crimes which they were very happy to commit.\nPure terror engulfed a small Tigray village as a regiment of the Welajoch once again descended upon the unsuspecting populace, for the second time in two years. But this time, they were there for a different purpose - not to subjugate, but to search and interrogate. They've done this many times before, but as the 'investigation' ensued, it soon became very clear that the villagers were hiding something. And sure enough, after checking the roof of a house whose owner seemed extremely nervous about the whole ordeal, they found what they have been looking for - Wube, tucked in an out-of-place haybale, like a true rat he is.;;;;;;;;;;;;
175003DESC;A big, green field. A little yellow, perhaps, due to the scorching sun burning out the grass. A big gathering of people. Some clearly noble, others, a little further back, commoners in rags, some with children.\nThis is what Kassa Hailu saw when a ceremonial procession carried him into the middle of the whole ordeal. Even though he was the Emperor, another man took up all the attention - Marye, the Enderase. He made a small, yet, as usual, rousing and slightly terrifying speech. And then everyone's attention turned to another man. Small, in chains. Beaten and disfigured. Only then Kassa realised what all of this was about.\nThe man was Wube Haile Maryam. "Rat", "Bastard", "Barbarian" - many epithets, some more colorful than it was necessary, have been applied to him. He was supposed to be universally hated, and the crowd made sure to show that, regardless of what they actually thought. And, as the man's neck snapped, his lifeless body hanging from a tree, everyone cheered. Except for one man, face turned white as the sun.;;;;;;;;;;;;
175004DESC;Time.\nWe have defeated many enemies. Famine. Lack of funds. Rival warlords. Many, many warlords. Stragglers, bands, armies. Against the odds. Claimants. Tides of history. Fate. Perhaps, God.\nAll but one.\nTime.\nYes, really. Time. We were too slow. Stupid? Maybe. Not maybe, definitely. When we had the opportunity, we did nothing. He was out there, we knew it. He plotted from the shadows. But we never acted.\nNow he's out. With an army. A regiment of which just broke into the Imperial Palace.\nAnd none were spared.;;;;;;;;;;;;
175005DESC;Our armies have successfully "taxed" the population of $PROVINCENAME$, seizing local produce and a copious amount of valuables. The wealth will be much more useful in our hands than theirs.;;;;;;;;;;;;
175006DESC;In the village of Galibe, there are seven families. There were two more just a few years ago, yet they were slaughtered by the Welajoch for 'resisting taxation', which is a synonym for 'refusing to give up all of their belongings'. Of the remaining families, three consist of only women and children, the men killed for the afromentioned reasons. Another two have elderly men not capable of working. And only the other two can provide for themselves, having given up most of their possessions peacefully. They chose starvation over death.\n\nThese are the consequences of our economic policies. Across all of Ethiopia, families suffer due to the things done to them by our armies. Famine is rampant, plague roams the lands. It will be a valuable lesson that a functioning economy must not be built on violence. Or will it?;;;;;;;;;;;;
175007DESC;The conquest of Jimma opens way to the southern provinces, lost several decades back. Here lies a single political entity worth of note - the Kingdom of Kaffa. They themselves wouldn't put up much resistance, but the peoples around them will.\nSouthern Ethiopia is diverse. There are the Gurage, who are much like the Amhara. There are the Oromo, who we are familiar with. And there are smaller peoples, such as the Majang, Koman, Sidama, Hadiya... The diversity makes the region hard to govern, as there is no singular language to be used in local administration. Thus, Amhara was the only language that was practical to use in bureaucracy, which inevitably led to forced imposition of Amhara customs among the locals, which led to unrest, which led to revolt.\nThe scholars at Alexandria have been studying the peoples of the region for quite some time, and have come up with some interesting conclusions. They propose to name the locals as 'Ensetic' - a word coined up based on a shared cultural pillar they have - cultivation of the enset plant, also known as false banana. Their languages are diverse, but the identity is similar - so, based on this, we will allow an Ensetic identity, but with an Amhara language.;;;;;;;;;;;;
175008DESC;empty;;;;;;;;;;;;
175009DESC;Somalia was the most unstable province of the Ethiopian Empire. It consumed time, money and resources, and rarely gave anything of value in return. Resistance was so high that instead of repelling the invading Oromos, Emperor Sarsa the Great invited them to live in the vast plains of Ogaden, where they would receive unlimited land and many privileges in exchange for keeping the Somalis in line.\nAnother measure used was the establishment of a puppet Somali state, the Silcis Sultanate, in the south, while the northern provinces remained directly incorporated. Whether or not this decision was right is debatable, as in 1721 the Silcis were overthrown by the Geledi clan, while the Empire was unable to spare resources to defend its puppet. And in 1762, the Geledi supported a massive popular uprising in the north and seized vast swathes of land, their armies only being stopped at the foothills of Ethiopia.\nIt is clear that the upstarts must be driven back. The question is: what do we take? Most propose reestablishing the pre-1721 status quo. Some say we should annex Somalia entirely. And a minority says we only need the most Christianised lands. What do we choose?;;;;;;;;;;;;
175010DESC;Prior to Zemene Mesafint, Ethiopia had a complex relationship with the peoples of the South. The Oromo, who were the brute strongmen that the Empire sent to pacify the unstable frontiers, were highly reliable, but the nature of their service was still very much that of quid pro quo. The Afar, on the other hand, did not have nearly the same amount of influence as the Oromo due to their small numbers, - so, instead of trying to navigate the Empire's expansive internal politics, we chose a different strategy to ensure our survival - complete cooperation.\nFollowing our conversion to Christianity, we filled the role of a bulwark against any sort of instability and a counterbalance against the rebellious Somalis. Even after Imperial authority collapsed, we continued our service, refusing to completely succumb to the rising Geledi and instead crafting a witty deal of vassalage, which allowed us to retain almost complete autonomy under the protection of the Somalis.\nWe awaited patiently for the Civil War to end and for Ethiopia to return, and it seems like our wait is over. Immediately after receiving news of war, we kicked out the Somali overseers and turned to Ethiopia, asking to rejoin the Empire and serve just like we did before.;;;;;;;;;;;;
175011DESC;Prior to Zemene Mesafint, Ethiopia had a complex relationship with the peoples of the South. The Oromo, who were the brute strongmen that the Empire sent to pacify the unstable frontiers, were highly reliable, but the nature of their service was still very much that of quid pro quo. The Afar, on the other hand, did not have nearly the same amount of influence as the Oromo due to their small numbers, - so, instead of trying to navigate the Empire's expansive internal politics, they chose a different strategy to ensure their survival - complete cooperation.\nFollowing their conversion to Christianity, the Afar filled the role of a bulwark against any sort of instability and a counterbalance against the rebellious Somalis. Even after Imperial authority collapsed, the Afar continued their service, refusing to completely succumb to the rising Geledi and instead crafting a witty deal of vassalage, which allowed them to retain almost complete autonomy under the protection of the Somalis.\nThey awaited patiently for the Civil War to end and for Ethiopia to return, and it seems like their wait is over. Immediately after receiving news of war, they kicked out the Somali overseers and turned to us, asking to rejoin the Empire and serve just like they did before.;;;;;;;;;;;;
175012DESC;When Somalia languished under Habesha rule, the Afar, our so-called 'brothers', chose to betray all those fighting to throw off the yoke and give up every last bit of their sovereignty, completely submitting to the oppressor. They adopted the Christian faith and fought relentlessly for the Empire upon the collapse of which we prayed. And after our prayers born fruit, they still refused to see the errors of their ways - they formed their own kingdom to save themselves from the devastation suffered by Habesha, and made a deal with us to come under our 'protection'.\nNow that the resurgent enemy is on our doorstep, we know how truly foolish we were to not annihilate them when we had the opportunity, as it became evident that we failed to convince them to do what is right. Upon hearing the news of Ethiopian armies crossing the border, they threw out all of our overseers and joined the enemy, betraying our cause and giving Ethiopia even more of an advantage.;;;;;;;;;;;;
175013DESC;Ethiopian troops have crossed the border, laying siege to several of our border fortresses. We have been waiting for this to happen for quite some time, and now we will finally destroy their petty state!;;;;;;;;;;;;
175014DESC;Why is this happening?\nWhat did we do wrong?\nIt didn't have to be like that. Somalians, a bunch of tribesmen... Against a professional army? What can their horses do against artillery?\nA lot, apparently.\nEthiopia is lost. Our core lands were spared, but the leadership wasn't. There is no regency anymore, no Emperor. There wasn't a peace agreement of any sort, they just occupied what they wanted and left what they didn't want. Is this really how the Empire meets its end?;;;;;;;;;;;;
175015DESC;With both the Emperor and many nobles dead, Ethiopia enters an interregnum. There was no central authority for a while, then an upstart was crowned a new Emperor. There were several upstarts, actually. Some of them were killed right away by angry mobs, some lost their first battle. Few made it to challenge the whole of Ethiopia. Just as we thought the Age of Princes was over, here came another one.;;;;;;;;;;;;
175016DESC;People die all the time. Of famine, of plague, of war. In the modern age, everyone blames violence of some sorts. Out of the aformentioned three, that would be war. But what if its negatives are exaggerated? Its death tolls overestimated?\nHow many lives did the original Age of Princes take? Nobody knows. But death was spread out over time. It was many people dying over years. And what about the Second Age of Princes? Many people died, we know that with much more certainty. Way more than died in the past, on average. Armies were bigger, methods were more brutal and effective. But it was quick, wasn't it? Not more than a few years. Maybe, it's better if many people die all at once, than over a large amount of time. Really, maybe more death brings peace faster?;;;;;;;;;;;;
175017DESC;Kassa Hailu in a big palace. Again. There were servants all around, but it was also eerily calm. At least, to Kassa. It didn't matter to him how it actually was. He had been in this environment for so long that it felt to him as if he already molded into it, became a part of the greater picture. Like a statue.\nHis familiarity with the usual flow of things also meant that he quickly noticed if there was something awry. And today was no simple day. Servants rushed across the palace, out of the window could be seen nobles and Marye's subordinates running around like ants on a disturbed anthill. It was never like that before!\nFinally, a messenger arrived to Kassa Hailu. After the usual ceremonial, he finally broke the news.\n'The Enderase is dead! He was shot dead in an ambush during a routine military campaign!'\nThe eerie calm returned. Followed by a ring in the ears. And a loud, almost deafening heartbeat.;;;;;;;;;;;;
175018DESC;Fot most of history, Ethiopia viewed the western tribes of the Nile as nothing more than a source of free workforce and soldiers with extremely twisted morals. During the Empire's height, we established tributary relations with the closest of these tribes, even converting some to Christianity. But full integration was never a consideration. Many factors push us to reevaluate this choice, but it is clearly too early to push for something this big. We will limit ourselves to seizing the borderlands, which are the most familiar with our ways, and prepare an expedition further west.;;;;;;;;;;;;
175019DESC;Violence is the most effective means to gain and control power, especially so in post-Zemene Mesafint Ethiopia. Being able to get hold of these means became the most important skills a polititian could have mastered. All sorts of methods were employed: bribes, flattery, clever reassignments and promotions, etc.\nThe two main sources of political power in Ethiopia made sure to do all of these things. However, in a state of diarchy, legitimacy, not legality, becomes the capital that makes people follow the orders. The Regency knew that it was on the backfoot there, as there is no way to legitimately justify keeping the Emperor in chains. And when He is an ambitious fellow, it becomes only a matter of time until he lures enough men to his side to upturn the existing order.\nThe Regency wasn't surprised when news came of several high-ranking military officers declaring allegiance directly to the Tewodros II and stopping all communication with the Regency. The Regency knew its time was running out: the Emperor now has the upper hand.;;;;;;;;;;;;
175020DESC;For quite some times, the town of Azezo, located a little south from Gonder, was calmer than usual. Suspiciously calmer. This didn't raise any alarms in the Regency, despite the fact that the town was a massive military camp from which the Regency operated. Previously, the magnitude of the bureaucratic bustle in the town was truly a sight to behold, as both military and civilian reports were coming in droves, to be analysed and acted on by the authorities. Of those, a significant amount held massive political importance, but these were becoming rarer and rarer. Until they stopped coming in entirely.\nThis was not a sign of things improving in the countryside, or the country's politics becoming a little easier to navigate. What the Regency didn't know was that Azezo was being slowly encircled by regiments that were formally loyal, but failed to report own movements. The calm was broken when an official tried to leave the town to visit their family - eyebrows were raised, then realisation came, and the alarms were sounded. But the assault was already underway. It was too late.;;;;;;;;;;;;
175021DESC;Political maneuvering is never an easy task, too dangerous for many. But, seemingly, not for Tewodros II - his incredibly successful endeavours in swaying the Ethiopian society, both the higher-ups and the smallfolk, have completely isolated the Regency. They have lost practically all influence, with all of their efforts to maintain some sort of relevance falling in vain. Now, the last remnants of them are trying to save their faces by defecting to the Emperor's side, while others flee across the border. They are not pursued - there is nothing to gain from catching these traitors.;;;;;;;;;;;;
175022DESC;Ethiopian retreat from Nubia was comparatively orderly and very much non-chaotic, something which cannot be said about the events that unfolded in Syria, Egypt and pretty much every other part of the Empire. The local administration already consisted majorly of Nubians, and dealings with them were as effective as it got in the Imperial bureaucracy due to the region's high levels of integration.\nThe new Kingdom that arose after our retreat was not so keen on rejoining the Empire, though. We have changed their minds by force, and with the reintegration of Nubia come all of the benefits of the lands, including a loyal population and vast amounts of resources.;;;;;;;;;;;;
175023DESC;There are many things one could say about Somalia, most of them not very pleasant to hear. Though epithets with which Amhara mothers curse the Somalis are truly fascinating, politics stand (at least slightly) above that.\nSomalia was subjugated over the course of the 16-17th centuries. The northern part was directly annexed and integrated, largely thanks to a channeling of the migrating Oromos into the formerly Somali lands, while in the south it was decided to set up a friendly Silcis Sultanate, a client state and a guarantor of peace. When the Imperial armies kept facing defeat after defeat in the north, the disloyal Somalis rose up in the south, with the Geledi clan coming out on top. In their barbarous ways, they wished to end Ethiopia and create an empire of their own. But our valiant armies have shown them that under no circumstance shall Ethiopia bow to the savages!;;;;;;;;;;;;
175024DESC;There are many things one could say about Somalia, most of them not very pleasant to hear. Though epithets with which Amhara mothers curse the Somalis are truly fascinating, politics stand (at least slightly) above that.\nSomalia was subjugated over the course of the 16-17th centuries. The northern part was directly annexed and integrated, largely thanks to a channeling of the migrating Oromos into the formerly Somali lands, while in the south it was decided to set up a friendly Silcis Sultanate, a client state and a guarantor of peace. When the Imperial armies kept facing defeat after defeat in the north, the disloyal Somalis rose up in the south, with the Geledi clan coming out on top. In their barbarous ways, they wished to end Ethiopia and create an empire of their own. But our valiant armies have shown them that under no circumstance shall Ethiopia bow to the savages!;;;;;;;;;;;;
175025DESC;There are many things one could say about Somalia, most of them not very pleasant to hear. Though epithets with which Amhara mothers curse the Somalis are truly fascinating, politics stand (at least slightly) above that.\nSomalia was subjugated over the course of the 16-17th centuries. The northern part was directly annexed and integrated, largely thanks to a channeling of the migrating Oromos into the formerly Somali lands, while in the south it was decided to set up a friendly Silcis Sultanate, a client state and a guarantor of peace. When the Imperial armies kept facing defeat after defeat in the north, the disloyal Somalis rose up in the south, with the Geledi clan coming out on top. In their barbarous ways, they wished to end Ethiopia and create an empire of their own. But our valiant armies have shown them that under no circumstance shall Ethiopia bow to the savages!;;;;;;;;;;;;
175026DESC;Kordofan was always the most unstable of the Empire's peripheries. None have dealt us as many problems as the Fur nomads, Dinka raiders and disloyal locals. The balance in the region was kept by an artificially created Oromo population, which was moved here by the Imperial authorities with a single goal - to wage war against everyone and everything. And as the Empire started to cruble, things went downhill pretty quickly, with the Fur completely overtaking the region by 1737. The barbarians terribly mismanaged the lands and commited horrible atrocities against the locals. However disloyal they were, it was our duty to restore order in Kordofan. And we have finally achieved just that.;;;;;;;;;;;;
175027DESC;The reconquest of Egypt was a heavy task. It was proposed countless times during the times of Marye of Yejju, it was his dream and an object of much thought and theoretisation over the years. But now, we have finally succeeded in reclaiming the Empire's crown jewel. Alexandria, the seat of the Coptic Patriarchy, has been reconquered, we control a large population of loyal Copts and untold resources granted by the fertile Nile - all of these things are, once and for all, ours. Or, well, the Emperor's. Depends on how you look at it. But in any case, such a move has certainly put Ethiopia into the spotlight of Mediterranean politics once again.;;;;;;;;;;;;
175028DESC;The days following the death of Marye of Yejju were full of political activity. The Enderase was a feared man, a brutish warrior who could kill a man with just his bare hands... during an audience in the Imperial Palace. The country's bureaucracy relied entirely on him, as he stuffed all important government offices with his loyalists. It wasn't much of a surprise when almost immediately all of them started bickering, with many commiting horrible crimes in an attempt to imitate Marye, only to end up imprisoned or straight up executed.\nThe Emperor didn't just sit in his palace. With his captors' attention tuned elsewhere, he gained the much desired freedom to scheme together with the many of his loyalists, of whom he, to his own surprise, found many among the servants of Marye's brutal regime. And yet he failed to throw off the shackles of the Regency - several men loyal to Marye and his 'cause' declared that the Regency will stay, but without a regent, with them ruling together as a group. Emperor Tewodros stood in firm oppostion to this. And, for the first time in his life, he was able to express his will, as the leader of one of the two rival political groups.;;;;;;;;;;;;
175029DESC;'Western ways are the future!' - tell us the traders.\n'Their sciences have long since overtaken ours!' - tell us the educated men.\n'Their vision of the Christ makes more sense!' - say the converted commoners.\nAdvancement often comes at a cost. Emperor Tewodros firmly believes that modernisation of Ethiopia is the future, for he his education was heavily influenced by men invited from the West. He saw the efficiency of the newer ways, he saw the decadence of Zemene Mesafint. But sometimes, new ideas bring dangerous things. What some of our people that have visited a western port even once say is oftentimes borderline treason, and and the Regency is taking full advantage of it. The Emperor is left with a choice: either punishing these men accordingly, or letting it go, which will have its own, far graver consequences.;;;;;;;;;;;;
175030DESC;"The Negus Theodore, King of the kings of Ethiopia, had none of the insignia of sovereign majesty. Clothed very simply, he handled the pickaxe and the hammer like the lowest of his workmen, with the view of encouraging them by his example. He was in all things the man of energy, the fierce hero"\n- Emile Jonveaux, French traveller\nTewodros was nothing like what you would expect from an Emperor. Unless forced to, he rarely showed his royal descent, his high destiny or his the glory and majesty fit for the King of Kings. From early childhood, he mingled among the smallfolk, mastering the many arts and crafts of the commoners, and by that earning himself an impressive muscular physique.\nBut it is not the Emperor's duty to saw, plane and hammer, for there are countless men of lesser stature whose singular purpose from the state's point of view is to do just that. An Emperor must rule - that's his duty! And knowing Tewodros is a stubborn one, the Regency is taking full advantage of the Emperor's absence. Many are advising him to spend more time on combatting the Regency, for his commitment to a cause will bring massive results.;;;;;;;;;;;;
175031DESC;The Imperial bureaucracy is a heavy, clumsy machine that has degraded to relying purely on personal loyalties. Besides the fact that choosing a truly good and loyal clerk is an arduous and time-consuming task, there really isn't enough men out there to fill the roles. So, corruption inevitably surfaces: if your boss is paying you to cook the books, then you pay your subordinates to do the same!\nThis system creates a death loop, sort of a bubble, and when it pops, everything starts anew. Balance is eventually achieved, but at a heavy price. Perhaps, it would be wise to purge those for whom corruption became a habit, no matter the ruckus it will cause.;;;;;;;;;;;;
175032DESC;To most the news of the Negus' mental decline are just news, but recently more and more people have been feeling it on their own skin. Careless actions and weird, sometimes nonsensical orders have been an established status quo at the court for quite a while now. With time, the subordinates learned to create an imitation of obedience, pretending to follow the orders but never actually doing so. When such trickery falls through, Tewodros becomes furious, frequently executing the men he thinks are guilty, regardless of whether they actually are. Many are noting his resemblance with the old Marye of Yejju, who used to kill those who crossed him with his own bare hands.\nSuch terrible acts of violence are to be expected from Tewodros, say invited Western thinkers. All he knew from childhood was violence - he had seen it with his own eyes, he had to commit such acts himself in order to survive, and, with time, it became a habit. It's a miracle that this didn't begin earlier, they say.;;;;;;;;;;;;
175033DESC;They just never listen to me! I repeat time and time again, the garrison in Debre Markos is to be reduced down to 1241 men - for six months already! No, even more! Years! Decades! I told them to do it when I was twelve! Nevermind the regency, it wasn'teven that big of a thing for it. First Marye, then the idiots in Azezo, and now I have morons of my own! I should have replaced them already. And execute! Every single one of them! How could they mess up such an easy task?! It's thirty men less than I demanded! Goddamn saboteurs! ;;;;;;;;;;;;
175034DESC;Today, Ethiopia and the whole Coptic world mourns, as news spread of Emperor Tewodros' death. To the surprise of many, he passed peacefully in his sleep - considering his habits in the recent years, it was more expected that he would walk out of a window in a fit of rage or get murdered in a plot. While his final years haven't been his best, he still is regarded as one of the best Emperors Ethiopia has ever had. His magnificent acts in both internal and foreign politics brought the country from a unrest-ridden backwater to a regional hegemon, with major reforms being implemented despite strong social stigmas. Tewodros' son, Prince Alemayehu, will now take the throne as Tewoflos I. He is not expected to be a political genius like his father, but with a good Western education and a sound mind, he is sure to keep the Empire in good shape.;;;;;;;;;;;;
175035DESC;Somalia is a divided land, one where all peoples are divided into clans - lineages predicated upon genealogical proximity to a shared ancestor. Layered in all aspects of life, the clan is both a tool for identification and a way of life. Clans define in practice the relationships between all people and actors in Somalia.\nThere exist five major clans: Isaaq, Darod, Dir, Hawiye and Rahanweyn (of which come the Geledi). All of them coexist within the Geledi Sultanate, a polity established in 1721 after the fall of the Silcis Sultanate, a puppet of Ethiopia. Though initially extensively participating in the traditional clan rivalry, in 1762 the Geledi supported the other Somali clans in a grand uprising against Ethiopian rule, which led to the complete independence of what is today Somalia and the creation of a shaky confederation, which exists to this day. But it is not a secret that this state of affairs is not to last, as an old enemy is once again showing its head: Ethiopia is recovering after years of civil war. If Somalia is to prosper, the clans will have to be put down.;;;;;;;;;;;;
175036DESC;Each of the five main Somali clans claims a certain territory, giving the Government a harder time managing and controlling it. Though destroying the ancient societal stigmas accompanying the clan structure is beyond our capabilities, weakening the political elites of those clans and enforcing egalitarianism in the higher echelons of power is entirely possible, and it will be a major step towards strengthening the State and solidifying our power.\n\n§BHover over each of the options to see the requirements to crush a clan.§!;;;;;;;;;;;;
175037DESC;The Somali Uprising of 1762 was a truly glorious show of Somali interclan cooperation, contrasting with the terrible performance of the Ethiopian forces during the events. The initial encounters with the local Oromos were hard-won, but the numbers eventually overcame the Oromo discipline and vigor, opening the way for the clans to advance north towards Harar. There, Somali tribesmen met the actual Ethiopian army in all of its glory (albeit heavily weakened by prior defeats) - and scored a major victory, massacring a major portion of the enemy army during their retreat.\nThe Battle of Harar was the last blow for the Ethiopian Empire, as tensions on the homefront became too much to manage and the Imperial Army had to retreat from Egypt and Nubia. But it was also the apogee for the Somali military campaign, as, following the battle, a large portion of the army was lost due to internal conflicts, starvation and disease in the prolonged siege of the fort of Harar. Further advancement into Ethiopia was impossible - the Somalis were stopped at the foothills of the Ethiopian Highlands. But the site of the great victory at Harar will not be forgotten anytime soon, for it is a living testament to Somali will and the power of cooperation.;;;;;;;;;;;;
175038DESC;With European encroachment into Africa imminent, we find ourselves in need of delineating our border. We will lay claim to the lands beyond the Rift Valley and draw a proper line there in order to not find ourselves in a border conflict with a much stronger power.;;;;;;;;;;;;
175039DESC;Maasai tribes have been defeated by our forces, and many of them are not willing to remain as subjects. As such, a large number of them started migrating west, towards the lake Ukerewe, displacing the local Bantu tribes.;;;;;;;;;;;;
175040DESC;We have done the unthinkable: the ancient Somali clan system, which has defined relations between people on all levels of life, has been defanged and destroyed on a governmental level. Our legislation now considers every Somali to be equal to his kin, and any discrimination based on clan affiliation is outlawed. Clans still exist in the minds of the people, but without the support base. In the future, we can expect the clans to fade entirely, and for the idea of a Somali nation to prevail among our people.;;;;;;;;;;;;
169007DESC;Pick a debug option.\n\n§RDon't touch anything if you don't know what you are doing!;;;;;;;;;;;;
165038DESC;In $YEAR$, a failed coup attempt happened in $FROMCOUNTRY$, with the $FROMCOUNTRY_ADJ$ Government blaming $COUNTRY$ and accusing us of trying to subjugate their country. A rapid collapse of diplomatic relations ensued, and soon the two countries found themselves at war with each other. This was the start of the Kapok War - a prelude to Yue unification.;;;;;;;;;;;;
165039DESC;In $YEAR$, a failed coup attempt happened in $CAPITAL$, and though the perpetrators were unknown, the $COUNTRY_ADJ$ Government blamed their Southern neighbor and accused them of an attempt to subjugate the country. A rapid collapse of diplomatic relations ensued, and soon the two countries found themselves at war with each other. This was the start of the Kapok War - a prelude to Yue unification.;;;;;;;;;;;;
176000DESC;Maniyel was born to a common Christian family in the Nuba Mountains. His father wanted him to become a priest, just like himself, and the boy was educated accordingly - however, these plans were crushed, as the family was taken into slavery after a Fur raid on their village.\n\nAt the age of 19, Maniyel converted several dozen of his fellow slaves, most of whom were Dinka, to Christianity, and later staged an uprising against his captors. He and his band fled south, and, through wit and courage, he eventually became the most powerful chief of the region, having gathered an almost godlike reputation among the Dinka thanks to his impressive physique.\n\nHe assumed the title of Makk (King) and created a theocratic state, focusing the state's attention on spreading the Christian Faith, which was made easier by the semi-monotheistic nature of indigenous Dinka beliefs, as well as a similar Creation Myth.;;;;;;;;;;;;
176001DESC;Maniyel was born to a common Christian family in the Nuba Mountains. His father wanted him to become a priest, just like himself, and the boy was educated accordingly - however, these plans were crushed, as the family was taken into slavery by the pagan authorities of Taqali.\n\nAt the age on 19, Maniyel converted several dozen of his fellow slaves, most of whom were Dinka, to Christianity, and later staged an uprising against his captors. He and his band fled south, and, through wit and courage, he eventually became the most powerful chief of the region, having gathered an almost godlike reputation among the Dinka thanks to his impressive physique. After raising a strong army of Dinka tribesmen, he marched on Taqali and deposed the pagan authorities, seizing the state for himself.\n\nHe assumed the title of Makk (King) and created a theocratic state, focusing the state's attention on spreading the Christian Faith, which was made easier by the semi-monotheistic nature of indigenous Dinka beliefs, as well as a similar Creation Myth.;;;;;;;;;;;;
176002DESC;In $YEAR$, nearing the age of 60, Makk Maniyel has finally left our world. He died of a sudden illness contracted while preaching on the southern edges of the country, succumbing to it in just a few short days. It took a while for the news to reach Nubia, from where they spread to Ethiopia and Egypt, finally reaching the Partiarchate of Alexandria, with many voices immediately calling for his canonization. Meanwhile, in Maniyel's own congregation, things have been rather awkward, as the priests invited from abroad try to combat the myth of Maniyel's ascension to heaven, undoubtedly influenced by the population's recently pagan beliefs.\nNevertheless, the transition of power from Maniyel himself to his son was peaceful, and there is no doubt that Maniyel's conquests will continue.;;;;;;;;;;;;
176003DESC;Gondokoro Island, located on the east bank of the White Nile, is a trading station 1200 km south of Khartoum. Its importance lay in the fact that it was within a few kilometres of the limit of navigability of the Nile from Khartoum upstream. From this point the journey south to Uganda was continued overland. Due to this, it was a major hub of Christian missionary activity, beginning in the 17th century. Several missions have been set up here, including the most recent one in 1852 by an Austrian Catholic missionary Ignatius Knoblecher. None of them managed to survive due to the hostile environment, enemy raids, and other factors. Makk Maniyel decided to set up a massive administrative and military hub on the island, eventually moving his residence here, effectively making it the capital of the country.;;;;;;;;;;;;
176005DESC;The fabled Source of the Nile turned out to be a massive lake variously called Ukerewe, Nam Lolwe or Nyanza. The Europeans, however, thought that they could name it how they wanted to just because their explorers found it. Now we countrol the area around the lake, and we will name it how we want to.;;;;;;;;;;;;
177000DESC;The recent history of the Kurds is inexplicably tied to the Yazidi faith. Founded as an Islamic order in the 12th century, Yazidism combined secular and theocratic power in one man, a Shekh, who served the role of a political and religious leader. The faith became a force to be reckoned with in the 13th century, when the Greek assault on Anatolian Turks forced many of them to move east, with many of them passing through Yazidi lands and adopting the faith. The bolstered numbers of the Yazidi allowed Shekh Sharfadin to resist the Mongols and pass the rulership to his son Zeynedin, who, following the collapse of the Ilkhanate in the 1290s, expanded the domain under Ayyubid patronage. This is considered the founding point of the Sharfadin Shekhdom, also known as the Yazidi Empire.\nQuickly conquering large swathes of land, the Empire controlled most of Iraq, Eastern Anatolia and Western Persia, when an invasion by Timur brought the Yazidis to their knees, though remnants held out in Anatolia until 1435.\nAs of 1836, the center of Yazidi power lies around Lake Van, as Kurmanca proper was lost first to Ethiopia, then to a Greek-backed Assyria. And yet, maybe not all is lost for the Kurds.;;;;;;;;;;;;
177001DESC;Bedirxan is the hereditary head of the house of Rozhaki whose seat was the ancient Bitlis Castle. His dynasty ruled in Botan, the area currently controlled by the Assyrians, but during the Byzantine Expedition to Assyria in 1806 and the subsequent defeat of the Kurds, his family's domain was seized. He, together with the survivng members of his house, was forced to flee north, where he managed to overthrow the Emir of Bayazid and secure himself a new home. Bedirxan became known as a capable administrator, restoring the war-torn lands and allowing the population to grow massively. He also was a capable military leader, and in $YEAR$ he started his campaign against the neighboring Kurdish principalities to unite the independent Kurds and prepare to reclaim his domain down south.\nHis efforts were not accepted without resistance, as a Turkoman tribe under the leadership of Hizir Bey heard of the happenings as they were arriving from the lands west. Hizir decided to rally the resistance against Bedirxan, settling his tribe in Bitlis and becoming the de-facto Emir.;;;;;;;;;;;;
151038DESC;Our state is known by many names across the world. We call ourselves the Roman Empire, a name that has been passed down through millenia, our source of pride and a glorious legacy of the old Rome. But outside of the Empire's borders, names become not nearly as glorious, and oftentimes ugly and mocking. For the Russians and many Eastern Europeans we are known as the Greek Empire, a name despised by many as it is now thoroughly associated with the Hellenophiles. In Western and Central Europe, they use the name of our capital, the Byzantine Empire or the Empire of Constantinople.\nThere is no denial that to the outsiders, our claim to the legacy of Ancient Rome is doubtful at best, no matter how many reasons we might bring up to justify it. Times are changing, and modern diplomatic affairs require a single, centralised name for our country. It will be a hard thing to accept, but denial of the situation isn't going to help. Our mental reconciliation will have to start now.;;;;;;;;;;;;
177004DESC;When the Timurids swept away the Yazidi Empire, instead of chasing down the leftover tump states in Anatolia, they went into Syria and Egypt. The local Mamluks resisted with vigor, and yet, Egypt fell to Timurid forces in mere years. When their Empire collapsed in on itself due to succession crises, the Ethiopians swept in, quickly filling the power vacuum and reaching as far as Mesopotamia. Here, they transfered the administration of the conquered Yazidi lands to the local Assyrian Christians, who, despite having many religious disagreements with their Amhara overlords, were still viewed as more trustworthy than the Kurds. Persecution of the Yazidis was rampant, but despite multiple uprisings, the Ethiopians were only chased off in the 18th century. An Assyrian-Kurdish civil war ensued, which was barely won by Assyrian arms with the help of a massive Greek expedition.\nThe Assyrian power base is its Christian population, which only constitutes a plurality. Their weak state was unable to crush the Kurdish tribes, with many of them retaining a substantial degree of autonomy. They are undoubtedly disloyal - and a new Kurdish Uprising is already being prepared.;;;;;;;;;;;;
177005DESC;The defeat of Assyria completely changes the situation in the Middle East. The Christians have been pushed out of the region for the first time since the 16th century, and the self-proclaimed 'Protector of the Eastern Christians', a title taken by the Greek Emperor after their Assyrian Expedition, can't idly watch the Yazidis establish a strong state. Knowing that Constantinople will surely act up, we have sent them a delegation, asking to establish diplomatic ties in an attempt to mend the rift between us. And surprisingly, we weren't the only ones willing to come to a compromise - the Greeks realised that it was too late for an armed intervention, and they are now willing to come to terms with a Kurdish state on their border, but only if we concede some of our sovereignty. Our diplomats were able to secure this exact agreement: we give up all Arab-majority lands to neighboring powers, cease all attempts to incite the Anatolian Kurds to an uprising, and open our markets to the Greeks. The same diplomats tell us that these terms are final - if we decline, there will be war. What shall we do?;;;;;;;;;;;;
177006DESC;Assyria is a divided land. Kurds and Arabs, Nestorians and Miaphysites, Muslims and Yazidis - all of them live in the land between the Tigris and the Euphrates, brought here by the strange circumstances of history.\nThe Assyrians themselves were the underdogs of the Middle East since the Muslim conquest, through the Turkic-Mongol invasions, Yazidi rule and Timurid conquests. In the 16th century, Assyria was conquered by Ethiopia, who allowed the Christians to flourish for a price of spreading Coptic Christianity. Wars with the Sakarmans saw Assyria become a battlefield, and many of those discontented with Amhara rule fled to Shiraz, where Nestorianism was reinvigorated through the support of the Sakarman court, who sought to use it as a weapon. Indeed, in 1740 Ethiopia left Assyria, and it fell into Turki hands - then all Assyrians were united in the fight against the invaders, which was made easier with Greek support. Assyrians coalesced around the Patriarch of the East, who historically was the political leader of Assyria, and he became the ruler of a free Assyria when the Sakarman Empire fell into civil war in 1799.;;;;;;;;;;;;
177007DESC;In the final showdown, Assyria won. Whether by wit, superior armaments or tactics, or pure luck - we have crushed the Kurds, their largest uprising that we have ever met. No independent Kurdish state exists at this point, with their last mountain strongholds being taken by our armies. Now begins the long process of integration of the conquered tribes, who will need to be settled, educated and, maybe, converted to the True Faith.;;;;;;;;;;;;
177008DESC;Our efforts in integrating the Kurds have been largely successful, as expected. The nomadic pastoralist tribes are being encouraged to settle and participate in Assyria's economic system. Education in both Kurmanji and Assyrian has been implemented as well, which allows us to further streamline the dealings with the various tribes and slowly erase the familial identities. It seems like the Kurdish beast has finally been tamed.;;;;;;;;;;;;
177009DESC;The most horrible thing occurred: the Kurds and the Turks from the north have invaded our lands, their leader rallying the tribes in a daring attempt to claim independence for all Yazidis of our realm. Alongside the invasion from the north, several of the strongest Kurdish tribes rose up deep inside our lands, disrupting supply and ambushing our forces.\nSo begins the glorious fight for Assyria's survival - it isn't the first one, and it won't be the last one.;;;;;;;;;;;;
177010DESC;Our close ally in the east, Assyria, has found itself in an unfortunate situation. Having long experienced ethnoreligious tensions among its populace, Assyria was always ready to explode into a violent civil war between the Christian Assyrians and the Yazidi and Muslim Kurds and Turkomans. The burden that was too much to bear turned out to be the consolidation of the tribes around the lake Van by $FROMCOUNTRY$. With their support, an uprising occured in Assyria, supported by a full-scale invasion from the north.\nThis isn't the first time such a tragedy happened. Assyria practically owes its independence to us, as the newly-founded Assyrian state was almost destroyed in the late 18th century, when the region descended into infighting following the retreat of the Ethiopians. A military expedition sent by us in 1794 crushed the Kurds, albeit with heavy losses. It is due to the memory of this event, which is still very much alive in the hearts and minds of the polititians, we find ourselves unable to intervene again. We will do everything we can economically to support the Assyrians, but otherwise, we will have to hope that Assyria manages on its own.;;;;;;;;;;;;
177011DESC;As it becomes evident just now, neither hopes and prayers nor loans and arms were enough to secure Assyria's survival. They were utterly crushed by the Kurds, with many of their kind massacred by the heathens, with others fleeing towards Armeniakon. The Kurds promptly took over the former Assyrian lands, their forces reaching as far down south as Euphrates.\nSuch a failure of Imperial foreign policy caused substantial outrage in the capital. Once again, the Christians of the Middle East face a major defeat against the savages, with the Empire itself remaining as the only Christian power in the region. Although respected, such a rhethoric is very much less used than it would be expected, clearly indicating a change of times and a gradual movement towards more pragmatic and secular ways of reviewing foreign policy. A truly revolutionary change is the fact that the senate is willing to make a deal with the Kurds, as opposed to sending a direct military expedition. And it seems like the Kurds are willing to make compromises as well: we will recognize their state in exchange for them surrendering the Arab-populated lands and integrating their economy with ours.;;;;;;;;;;;;
177012DESC;As it becomes evident just now, neither hopes and prayers nor loans and arms were enough to secure Assyria's survival. They were utterly crushed by the Kurds, with many of their kind massacred by the heathens, with others fleeing towards Armeniakon. The Kurds promptly took over the former Assyrian lands, their forces reaching as far down south as Euphrates.\nSuch a failure of Imperial foreign policy caused substantial outrage in the capital. Once again, the Christians of the Middle East face a major defeat against the savages, with the Empire itself remaining as the only Christian power in the region. Although respected, such a rhethoric is very much less used than it would be expected, clearly indicating a change of times and a gradual movement towards more pragmatic and secular ways of reviewing foreign policy. A truly revolutionary change is the fact that the senate is willing to make a deal with the Kurds, as opposed to sending a direct military expedition. But our willingness to negotiate was not reciprocated kindly by the Kurds: they have refused any concessions on their side. This gives us a valid casus belli to invade and restore order - but shall we repeat history?;;;;;;;;;;;;
177017DESC;The Assyrian population has traditionally been divided between different Christian denominations, with internal schisms worsening as time went on. The centuries of Ethiopian rule caused a fair bit of tension due to the spread of the Ethiopian version of Chrtisianity. Despite minor theological differences (of, at least, that is what they seem to us), this spread was done more often than not with unnecessary force. Attempts to root out the ancient Church of the East caused many of their adherents (Nestorians) to flee north, into the Kurdish lands in which the Ethiopian Empire had no power. Generally amicable relations between the Yazidis and the Nestorians have taken a steep turn for the worse as of recently, due to the now-independent Assyrian state moving towards religious acceptance of various Christian groups. Alleged misionary activities and ties to Nineveh have prompted us to attack, with our intention being to root out potential traitors and safeguard the flanks. Later estimates by Western scholars variously put the death toll from 10,000 to 15,000.;;;;;;;;;;;;
177018DESC;As the Kurdish and Turkish tribesmen were moving south, there wasn't a single man in their ranks who did not harbor a burning hatred for the Assyrians, born out of centuries of feuding. They were eager to satisfy their revanchist desires by any means possible.\nThough the authorities attempted to curb such sentiments, knowing that it would hurt out relations with the Westerners, nothing short of a disaster unfolded in Assyria. Many fled north, to Anatolia, or across the Euphrates. Others, however, met a most terrible fate...;;;;;;;;;;;;
177019DESC;Following the conquest of Van, Assyria found itself ruling over many more unhappy Kurds than ever. And it was not just the quantity, but the attitude of the locals that made the area truly a headache for the already stretched Assyrian bureaucracy to rule over. It was thus chosen that fast and decisive action was needed in order to quickly decapitate any rebellious sentiment the Kurds might have.\nAs Assyrian army regiments moved in to disarm the tribes, they quickly met heavy resistance from the locals. State of war quickly spread over the entirety of the newly-conquered area, with Assyrian soldiers often commiting atrocities against the civilian population. Despite these difficulties, without organized resistance the rebels soon surrendered one by one. Though the fallout of these events will linger in the air for quite a while, the overall action was a success, and only a small part of what will have to be done in order to cement Assyrian rule in the highlands.;;;;;;;;;;;;
178000DESC;In its long history, Egypt had seen many conquerors. The last of them, - or, perhaps, second to last, depending on who you ask, - was Ethiopia. With the help of the Greeks, they defeated the Mamluks in the 16th century and seized most of their domains in quick succession. It was a disaster for the Islamic world, as it was now split in two and faced the loss of key sites to the Christians. But Ethiopia proved to be a lesser threat than expected, as they got bogged down in wars with their Persian neighbors, which eventually led to their demise in the 18th century.\nAs Amhara armies were retreating, Egypt was left to fend for itself. The Copts attempted to organize a state of their own, which was met with heavy resistance from the Muslims, and the situation soon spiraled into an all-out civil war. Despite controlling key urban centers, the Christians did not have the forces to push out the Muslims, and soon an invasion by Muhsin ibn Alnas, a rebellious ruler of Muradid Cyrenaica, made the Bedouin cavalrymen place Alexandria under siege. This opened a prospect of Greek intervention - and so, a compromise was made: the Muhsinid dynasty would rule Egypt, but the Christian population would receive vast autonomy and privileges. A fragile peace was secured - but can the Muhsinids keep it?;;;;;;;;;;;;
178001DESC;Beirut, an important port city on the Phoenician coast, is the European gateway to the Middle East. Historically, it was a trade hub for merchants from all around the Mediterranean, who had extensive contacts with the local Christian population. The Muslim and Druze population is but a small minority compared to Christians - and all of these factors make Beirut a fully autonomous trade city, being able to sustain itself completely independently from the government in Cairo.\nTraditionally, the Greeks held the most influence in Beirut. Since the end of the Martletist Wars, however, Western European merchants started showing renewed interest in the region. Of them, the most active have been the Arelat, trying to fill the vacuum left by Italian merchants, who disappeared following the Egyptian Civil War. With them, they bring goods and wealth, helping the city's prosperity, but also missionaries and immigrants. News of potential opportunities attract those unhappy with their lives in Europe, most of whom are Jewish families, who have been moving to Beirut en masse. Beirut is thus Egyptian only in name - it is the first city to fall in Syriac hands.;;;;;;;;;;;;
178003DESC;Following the Greek invasion, disloyal elements in the Syriac society (of which it mostly consists) took heart all across Northern Sham. In areas occupied by the Greeks, they supported the invaders and joined their ranks, while in other places their protest took form of civil disobedience, or, in rarer cases, small-scale sabotage. The most egregious of such cases and a never before seen development is the formation of the 'Union for the Protection of Syria', a Syriac nationalist organisation with its proclaimed goal to create an independent Syriac state in all Christian-majority lands. While their reach is certainly limited and membership numbers relatively small, this highlights a new tendency among the Syriacs, though it should have been expected - Syriac Christians have not been accounted for in the Treaty of Alexandria, which established the infamous dichotomy of Christian-Muslim in Egyptian politics. We should expect to see the situation deteriorate.;;;;;;;;;;;;
178004DESC;Our concession to Greek demands was met with an immediate denouncement from Armenian circles in the country. Many Coptic priests, even those of Syriac ethnicity, called for their congregation to recall their support for Cairo. But, most importantly, disloyal elements in the Syriac society (of which it mostly consists) took heart all across Northern Sham. Calls for secession of Syria were made, though most of the time their protest took form of civil disobedience, or, in rarer cases, small-scale sabotage. The most egregious of such cases and a never before seen development is the formation of the 'Union for the Protection of Syria', a Syriac nationalist organisation with its proclaimed goal to create an independent Syriac state in all Christian-majority lands. While their reach is certainly limited and membership numbers relatively small, this highlights a new tendency among the Syriacs, though it should have been expected - Syriac Christians have not been accounted for in the Treaty of Alexandria, which established the infamous dichotomy of Christian-Muslim in Egyptian politics. We should expect to see the situation deteriorate.;;;;;;;;;;;;
178005DESC;Our pessimistic prognosis of the situation in Sham seems to be coming true. Increasing trade with Europe, increased amount of Jewish immigrants, the spread of western ideas and the feeling of impunity due to little action being done to counteract the disobedience makes the Syriac population more emboldened as time passes. The local economy has practically separated itself from the Egyptian, as more and more Christians refuse to pay taxes and instead opt for directing them to the Church, or, worse, to the Union (for Protection of Syria).\nBut this is just one side of the problem. Another massive issue that is arising just now is the resentment felt by the Muslim population. The most obvious reason is the fact that the Christians are left unpunished for tax evasion, which turns the ire of the Muslims both towards the Christians and the Government. Another reason is that as trade with Europe increases, merchants who are mostly Christians and Jews prosper, while Muslim residents face increasing economic hardships. This creates an extremely dangerous possibility of Muslim-on-Christian violence, which, if it were to happen, would surely have terrible diplomatic consequences in our relations with Constantinople and Europe as a whole.;;;;;;;;;;;;
178006DESC;The spark that was needed to kick off the violence has finally come on October 17th, 1850. Celebratory fire during the festivities led by Patriarch Maximos III Mazloum gave rise to rumours that Christians were arming themselves. On the evening of the same day, Aleppian residents protesting against the looming threat of conscription advanced to the predominantly Christian quarters of Aleppo, where they began to loot and pillage both churches and private homes. This took the Christians by surprise, but their already established practice of autonomy allowed them to soon mount the resistance against the Muslims and overpower them. By the next day, the city practically turned into a battleground. On October 19th, government forces have joined the fight, as the Christian militias almost completely took over the city and started a massacre of their own. Seeing as the Egyptian regiments began to fight alongside the Muslims, the Syriacs assumed that it was time for an all-out uprising. They proclaimed the 'State of Syria', but their calls never made it out of Aleppo, as the city was pacified on November 2nd. In the aftermath, thousands were left dead and the city was heavily damaged. Foreign powers will not turn a blind eye to these events...;;;;;;;;;;;;
178007DESC;We've been receiving reports of unrest in Egyptian Syria for quite a while now, but the last few days their amount has exploded tenfold. Out of the many dubious reports, we can make a clear conclusion: mass violence broke out in Aleppo. The Christians were attacked by the Muslims, which led to an uprising, which was violently suppressed by the Egyptian military, with casualties numbering in the thousands. An outrageous occurence, it requires a most forceful response, as we the Emperor still holds the title of the Protector of Eastern Christians. The hawks demand an immediate military intervention, while the cooler-minded individuals propose sending a demand of vast autonomy for the Syriac Christians, one which the Egyptians are unlikely to accept, but it will at least give us a valid reason to invade.;;;;;;;;;;;;
178008DESC;As expected, it wasn't too long until the reaction from Constantinople came. And it was more lenient than expected, as instead of declaring war outrught, they demand that we grant self-rule to the Syriacs. The new Syriac state would have full internal sovereignty, but no external. The Christian majority of the Majlis is arguing that the best course of action would be to comply with this demand, as Egypt has no chance of winning against the might of the entire Imperial Army. The Muslims say that in reality, the Christian camp is jubilant with the Greek demands, as accepting could potentially mean them gaining a supermajority in the Majlis, and, by extension, unlimited power. Though the vote in the Majlis will surely be won by the Christians, it would not be a supermajority, so the King could overrule their decision.\n\n§REmpowering the Christians in Syria will lead to their empowerement in Egypt. This choice is paramount to our political future.;;;;;;;;;;;;
178009DESC;The Union for Protection of Syria is a Syriac nationalist organisation formed in 1836 by Christians under Egyptian rule with the goal of obtaining full political independence as an independent Syriac state. Due to major shifts in the sociopolitical environment of Syria, the number of members has swelled massively in recent years, and the Union enjoys extensive support from virtually all Syriacs. It is no wonder that it would eventually spread outside of Egyptian Syria: Antioch, a city housing a large Syriac population, now serves as a hub where political activists of the Union can preach and organize freely. From Antioch, they smuggle goods and weapons, they plan operations and have recently started to interact with the authorities, voicing their desires to receive at least covert support in their efforts. So far the local government has been cautious when interacting with these groups, but no matter if we support them or don't, it is obvious that something bad is brewing in Syria.;;;;;;;;;;;;
178010DESC;Contrary to what we have expected, the Egyptians have accepted our demands, which means that there is now a large Syriac Christian autonomy under Egypt. We will see how the situation develops, but the Syriac populace sure is jubilant about this development.;;;;;;;;;;;;
178011DESC;Expectedly, Egypt has refused to grant autonomy to the Syriac. War it shall be!;;;;;;;;;;;;
178012DESC;The Wahhabi Emirate of Diriyah, which dominated the Arabian Peninsula for decades, has finally collapsed. It means that the Holy City of Mecca is left under the Sharif of Mecca, whose state is much weaker than that of the Saudis. We could demand his subservience, which would include land concessions. And if our help to the Hedjazi Uprising was enough, he will definitely be more enticed to accept our demand.;;;;;;;;;;;;
178013DESC;Our weakness following the defeat of Diriyah was sensed by our strongest neighbour, Egypt, whose envoy now demands the Sultan to become subservient to Cairo. It is obvious that we wouldn't be able to effectively defend ourselves in case of an Egyptian invasion. But we could always try.;;;;;;;;;;;;
178014DESC;The Sultan of Hedjaz has accepted our demand. He will now be subservient to us.;;;;;;;;;;;;
178015DESC;The crazed Sultan of Hedjaz, upon receiving the demand form our emissaries, immediately ordered them to be arrested and executed. This is a grave insult against Egypt: shall we launch an invasion to bring him to justice?;;;;;;;;;;;;
178016DESC;As days pass without a response from Egypt, it becomes evident that Egypt swallowed its pride and not only ignored the execution of their envoys, but also abandoned the plan to subjugate us. It seems like it was all a bluff all along.;;;;;;;;;;;;
178017DESC;Alexandria has traditionally been a major center of trade on the Mediterranean, maintaining its status since Antiquity. It served as a link between the East and the West, as many goods going to Western Europe were transferred through Alexandria at one point of another. The city's worth only increased following the Ethiopian conquest of Egypt, but soonafter its dominance was shaken by the discovery of an alternative route to India by the Arabs of Andalusia, who were forced to search for a replacement after Ethiopia massively raised tariffs for Muslim traders.\nThe decline of Ethiopia and of the Mediterranean trade in general made Alexandria lose much of its worth. A saving grace for the city was the rise in demand of cotton, but a long-term decline is inevitable and it doesn't seem like much can be done to reverse the global processes, which are the reason to Alexandria's malaise.;;;;;;;;;;;;
178018DESC;Alexandria's long decline has finally come to a close. The construction of the Suez Canal allowed much of the goods previously going through Egypt to be transferred directly by the sea, without making a stop in Alexandria. The Pearl of the Mediterranean has lost its value.;;;;;;;;;;;;
178020DESC;Imperial rule over Syria has been quite peaceful considering the unrest that plagued the region just a few decades ago. The reasons to this are obvious: a Christian government is viewed as more legitimate, since it supports its brethen politically, economically and socially, while never putting the heathens' inetrests above those of the Syriacs. But comfortable life conditions cannot fully suppress the political will of the nation: lack of an institutionalized autonomy bothers the most ambitious of the Syriacs, and they have recently started to cautiously consider the idea of an independent Syria (one under our protection, of course). The Patriarch of Antioch Ignatius Peter IV, leader of the Syriac Orthodox Church, recently pleaded the Emperor to grant Syria home rule, as a republic that would be legally bound to Constantinople. We could easily refuse and continue integrating the Syriacs into $COUNTRY_ADJ$ society, which could potentially yield greater benefits but it is unlikely that Syriac demands are going to simply disappear.;;;;;;;;;;;;
178021DESC;Our rule over Syria is strong, but the Syriacs are becoming more and more discontent since our refusal to grant them autonomy as a republic. They no longer view Constantinople as a saviour from Muslim oppression, and their opinions are slowly shifting towards considering us but another conqueror. But not all is lost: the Syriacs are still willing to cooperate, and their pleas have forced the government to take a turn their attention to the issue and take a careful look at what could be done to prevent Syriac outrage. One potential compromise could be the creation of an Exarchate, a semi-autonomous polity that would hand the local reins of power to the Syriacs while never legally separating Syria from $COUNTRY$. This time, however, refusal would have dire consequences: the tides of Syrian nationalism are on the rise, and it is unclear how long it takes until they completely lose faith in us.;;;;;;;;;;;;
178022DESC;Major Syrian towns are in flames, as a full revolt of the local Syriac population is ongoing. Greek and Muslim alike are being targeted in what could be concidered a civil war, with armed groups operating in the countyside and harassing our armies. The cause to all of this is the continued refusal to grant the Syriacs autonomy, which they have asked on terms that were very much not beneficial to them. Now, they fight for an independent Syria, completely free from our oversight.;;;;;;;;;;;;
178023DESC;Our allies in Constantinople have bested the armies of Egypt and taken the city of Deyr al-Zour, previously ruled by the local Bedouin tribes. Our border now neatly extends into their territory along the Euphrates. But considering the size of their recent conquest, maybe it would be better for them to hand over the city and the surrounding desert to us. Surely, they wouldn't say no to an ally?;;;;;;;;;;;;
178024DESC;On the western bank of the Euphrates lies the city of Deyr al-Zour, inhabited by Bedouins and a small amount of Christians. We gained control over the city following the liberation of Syria, but before we could fell comfortable ruling it, Assyria asked us if they could have it. They say that controlling the city would be more trouble for us than it's worth, considering the large swathes of the desert that the city overlooks. At the same time, granting it to Assyria would change nothing in terms of diplomacy, as the city would be owned by our close ally. However, Deyr al-Zour grants us a pathway to Iraq, which we would lose if we were to satisfy the Assyrians.;;;;;;;;;;;;
178025DESC;Constantinople has agreed to transfer us the city of Deyr al-Zour. We now control both banks of the Euphrates, at least in this exact point of the river.;;;;;;;;;;;;
178026DESC;The Greeks refused to give us free land. Boo-hoo, you greedy imperialists!;;;;;;;;;;;;
178027DESC;Ruling over the Arabian sands is, just like the sand itself, coarse, rough and irritating. It is easy to claim a lot of land, but very hard to back the claim with actual control, since there are very few permanent settlements deep in the desert. The issue could be insignificant enough to ignored, if not the possibility of another country laying claims on the very same desert: in this case, where would the border be?\nForced to contend with its loss in Syria, Egypt thought of this beforehand, and is now proposing to establish a proper border, at least on paper. Every party that has an interest in the Syrian desert would receive its own fair share of land with very straight borders, solving the issue for now. It doesn't mean that Egypt intends to surrender its claims on Syria, though.;;;;;;;;;;;;
178028DESC;Despite the aftertaste of the last war, the Greeks saw reason in our proposal to delineate the border. The Syrian desert is now fairly divided between all interested parties.;;;;;;;;;;;;
178029DESC;A decade has passed since the tragic loss of Northern Sham to the Syriacs, and the prospect of reclaiming these lands is becoming dimmer with each passing day. Our hopes that this situation would not last have found their expression in the fact that the administrative division has been left unchanged, with the big administrative region of Sham still covering the lands we don't control. The region also had a special order of governance, as the main positions in it were split between the Muslims and the Christians, with a set amount of posts dedicated to each group, based on the population. After the Syriac Crisis, the Christian seats have been left vacant, so the dismantlement of Sham and the establishment of smaller divisions would not have a direct effect. But it would definitely be a sign that the reclamation of Sham is becoming more of a distant dream than a current political goal.;;;;;;;;;;;;
178030DESC;The Middle East is an area of historical interest for $COUNTRY$. Lost during to an invasion by the Arabs in the 7th century, the area came to be Islamicized and largely assimilated by the Arabs, with small pockets of Christians holding on until Ethiopia restored Christian rule in the area. But despite cooperation with Ethiopia, the population of the Middle East still gravitated towards the Empire, seeing our customs as culturally closer.\nThe situation has not changed following the demise of the Ethiopian Empire. In 1818, following the signing of the Treaty of Alexandria, which created modern Egypt, the Senate bestowed the Emperor with the title 'Protector of the Eastern Christians'. Decades later, with $COUNTRY_ADJ$ troops firmly holding parts of the Middle East, these ideas have received a continuation in the proposals of Michael Meshaka, a Lebanese Greek and a historian who advocated for complete integration of the Christian Levant into the Empire. His ideas were immediately picked up by $COUNTRY_ADJ$ nationalists and were even supported by some influential figures in the Levant itself. Though their foundation is flimsy, the ideas of integrating the Levant may be an opportunity for $COUNTRY$ in the future.;;;;;;;;;;;;
178031DESC;empty;;;;;;;;;;;;
178032DESC;Dayru z-Zawr is a unique city in the regard that it lies surrounded by endless desert. Nearest urban centers of comparable size are either on the opposite side of the Euphrates, or across the said desert, hundreds of kilometres away. And thanks to its location, Dayru z-Zawr was the single most important stronghold that allowed to control the Syrian Desert, with there being no other alternatives if one wanted to exert even a modicum of influence over the vast area. But the remoteness of the city also led to the logical result of it being taken over by the local Bedouin tribes upon the collapse of the Sakarman Empire. No neighboring power had both the desire and the strength to enforce their rule in the city, so the Egyptian King eventually established a form of vassalage with the locals.\nBut Dayru z-Zawr's isolation was not to last. Thanks to never methods of transportation, especially the steamer boats, the city is much more accessible now, and the banks of the Euphrates house more and more settlements and outposts, bringing civilization closer to Dayru z-Zawr and integrating it into the larger politics of the region.;;;;;;;;;;;;
178033DESC;The terrible events that happened in the years since Syria first stood up against us made us believe that the status of Syria as a battlefield was to remain firm for decades to come. But new developments prove that such certainty was completely unfounded. The Union for the Protection of Syria has reportedly been torn apart internally! Following the change in the political situation in Syria, a group within the Union declared the fight for Syria to be over now, and called for everyone to lay down arms - obviously, such an attitude was not met kindly among the hardline Syrian patriots, plunging the organization into a schism. And while the UPS is rapidly succumbing to infighting, the same changes in Syria made the common populace actually lay down their arms and go about their daily lives, finally being able to experience the peace that they gave up so long ago. Syria is thus, for now, pacified.;;;;;;;;;;;;
178034DESC;The autonomy of the Syriacs was perceived by all as a temporary measure, but in different ways. For the hardline Syrian Nationalists from the Union for Protection of Syria, it was but a stepping stone to total independence. But for the more level-headed, the original decision to grant autonomy was the beginning of something great: a foundation of peace in the Middle East. Egypt's parliamentary system allowed for long-term cooperation between thought-to-be-irreconcilable groups, and Christians now have a much greater share of seats in the Majlis, which means that the King's veto can be overruled by a majority consisting of Christians and Muslims swayed by us. The march of progress in Egypt proper is non-stopping, and the support for such ideas grow ever louder. Now, the Majlis of Egypt has formally asked us for negotiations on whether the Syriac Autonomy could rejoin Egypt fully. And we sure damn can...;;;;;;;;;;;;
178035DESC;Egypt's parliamentary system aws created with a vision of long-term cooperation between the Christians and the Muslims, whose differences were thought to be irreconcilable by many. But some did not understand the system at all, while others rejected it. But politics is politics, so the Reformist faction now has a big enough share of seats in the Majlis to overrule the King's veto, if acting in unison with the Reformist Muslims.\nThe next logical step towards dismantling the failed system that exists right now is to formally end the monarchy in a legal coup - but there is no such mechanism, unsurprisingly. Thankfully, our friends in Syria can give us the justification to carry out our plans - we asked them the question on what would be required for them to rejoin Egypt, and they say a Constitution and the supremacy of the Parliament, which implies that there will be no king. We will agree to that in private, as to not make our intentions too obvious, as the Conservatives were quick to denounce the answer... So, unless a mysterious force intervenes, the Levant has a great future ahead.;;;;;;;;;;;;
178036DESC;"To the most esteemed Nerd in Cairo,\n\nKill yourself.\n\nWorst wishes,\nThe Free Nation of Syria";;;;;;;;;;;;
178037DESC;Surprise-surprise! Egypt said yes! And we definitely didn't act out a scene that was pre-made. And Syria is deeefinitely not a sock puppet in this situation...;;;;;;;;;;;;
178038DESC;Due to reasons unknown, our Egyptian allies have suddenly changed their minds and decided to tear down the project that they have spent the better part of their political career on in what seems to be a sudden fit of schizophrenia. Though it is more likely that the King and his supporters somehow managed to infiltrate and destroy the whole scheme. But the reason is a thing that historians will figure out. What matters now is that we will have to fight for our independence.;;;;;;;;;;;;
178039DESC;unused;;;;;;;;;;;;
178040DESC;The Syriac Crisis of the 1850s led to the creation of a Syriac Autonomy within Egypt - a move that fit perfectly into the original ideals upon which the Egyptian Parliamentarism was built, but went completely against the reality of Egyptian politics and the path that the Egyptian government took. And it was through this idealistic move did those who believed in the principles agreed upon in the Treaty of Alexandria uproot the existing system and change it in accordance with those values.\nThrough clever political scheming, the Reformists cornered the Majlis into an ultimatum: Syria would only decide its fate in favor of reintegrating with Egypt if the primacy of the Parliament was enshrined in a written Constitution. The prospect of war, and even moreso of foreign intervention coerced even some conservatives into agreeing with Syria's demands. What followed was a legal coup: lacking the mechanism to legally abolish the monarchy, the Majlis placed the King's property under arrest on formal embezzlement charges, and then ordered to arrest the King. He, obviously, did not comply - and instead fled country after receiving no support from the army. Thus the Egyptian Monarchy met its end.;;;;;;;;;;;;
178046DESC;empty;;;;;;;;;;;;
178047DESC;Not even the greatest challenges could break the will of the Egyptian people. Neither internal enemies in Syria, nor external in Constantinople have met their goal of dismantling our state. The Kings of Egypt bravely led us in these hard times, and received the favor of the people. The Majlis, the organ through which the voice of the people could be heard, was attempted to be made into a tool of foreign influence in our country. But it was not fooled, and did not succumb to outside meddling. Instead, with the adoption of final reforms that bring our country up to modern standards, the Majlis formally transfered absolute power to the King, who took up the traditional title of Sultan. Egypt thus shook off the last shakles imposed on it by the Treaty of Constantinople.;;;;;;;;;;;;
178048DESC;The Majlis is split. The Reformists, who have spent so long preparing a legal coup, have had their plans thwarted, and are now seeking alternatives. The King and his supporters prepare loyal forces to stop the Reformists' moves, if any happen. The atmosphere in Cairo is dense. There can only be one winner...;;;;;;;;;;;;
178049DESC;With the Syrian rebels starting an underground war against us, we are met with the sudden need to somehow smoke out the rats and make Syria a peaceful province like it once was. Having in mind the obvious advantages that the rebels have, our high command has come up with two solutions: either decapitate the Syriac organizations by killing their leadership in a police action, or provoke them for an open revolt and crush them with the help of the Army. The first option would be way less bloody but require extensive preparation, and the effects will only come after a few years. The second option would be quick, harsh but also very effective at destroying the rebels' resources.\nAnd if we are to avoid violence, there is a third option, a civilian one: simply grant them the autonomy they so desire. So, we have a difficult choice ahead...;;;;;;;;;;;;
178050DESC;The Melkites are the members of various Eastern Christian churchesthat have accepted the decisions of the Council of Chalcedon. The name comes from the Central Semitic root m-l-k 'royal', referring to the loyalty to the Byzantine emperor, but eventually became a denominational designation for certain Christian groups in the area. Its meaning slightly rolled back during the period of Ethiopian rule due to the Imperial loyalties of the Byzantine Rite Christians. The term has risen back into prominence in the 19th century due to the conflict over Syria, and now they are mentioned more and more often: loyalist groups have recently united into the Organization of Syrian Melkites, with their interests lying in representing the loyalist part of the population in Constantinople, and combatting the rebels that wish to see an independent Syria, most notably the Union for the Protection of Syria. They insist on institutionalization and wish to become Constantinople's foremost friends in the region.;;;;;;;;;;;;
178051DESC;Nights in Syria under martial law are quiet. The curfew requires all civilians to stay at home after 10 PM, though, frankly, there is no need for an average Syrian to stay up for that long - Aleppo isn't Paris, after all. And it is under cover of that quiet did the Greek agents begin their task. It was swift, it was brutal, and it was scarily efficient. The scope of the opaertion turned out to be even larger than initially expected - even low-level functionaries of the UPS were targeted. Syria would remember the day - or, rather, the night - when the First Syrian Resistance fell. Yes, the First.;;;;;;;;;;;;
178052DESC;Pan-Aramaic nationalism has been a hit recently. There is a growing number of those who wish to see the two banks of the Euphrates united, and while it is easy to brush them off as lunatics, maybe we should at least attempt to ask the Assyrian government on what they think, since they've got the same ideas growing at home?;;;;;;;;;;;;
178053DESC;Syria has relayed a crazy proposal to us - the unification of our two coutries into the united state of Beth Nahrain. It sounds weird, but... maybe it could work, as a federal entity, where we receive substantial autonomy... Wait, what's with tat tax collection business, where does it all go?..;;;;;;;;;;;;
178054DESC;Unexpectedly, Assyria said yes. We are now a single country!;;;;;;;;;;;;
178055DESC;Just as we thought, Assyria refused. The formal reason is that they're upset about the amount of autonomy of each member that this union would guarantee, to the point where what they suppose is just a close alliance. So, this idea dies right there.;;;;;;;;;;;;
157011DESC;Our colony of Ny Sjaelland has grown massively throughout the years, and it seems like a local political culture is beginning to form. Calls for home rule are heard more and more frequently, and perhaps we must give them some autonomy to better administer the territory.;;;;;;;;;;;;
167100DESC;The port of Nollaig, formerly owned by the Dutch East India Company and then called Stavenisse, was acquired for the Gaelic crown in 1831 following the Treaty of Calcutta, which heavily limited Dutch influence in the Indian Ocean. The port, though small and underdeveloped, turned out to be an extremely valuable asset in trade and a much needed resupply point on the way from India. The recent independence of the Cape could not have gone unnoticed by the colonial authorities, as small bands of Boers made their way to the Zulu Kingdom and attempted to settle in the area. Such a development may become a significant threat in the future, and it is at the very least conserninng as of now.;;;;;;;;;;;;
167101DESC;Continued Boer enroachment into the lands of the Zulu sparked conflict between the settlers and the natives. An unfortunate series of events led to several civilian Boers being killed by Zulu warriors, which forced several hundred well-armed Boers to begin massacring neighboring villages. The Zulu Kingd sent a large response force, outnumbering the Boers more than tenfold, and a battle ensued.\nThe colonial authorities in Nollaig were well aware of the happenings right outside of the city, and, deciding not to wait for an order from Dun Eideann, have devised a plan to stage a false-flag in order to weaken both sides. They sent a regiment of Black soldiers to flank the Boer cavalry, baiting the Boers to pursue them and, as such, attack Gaelic troops. When the deception became obvious, Gaelic troops were already in the process of practically occupying the entire area south of the Tugela River.;;;;;;;;;;;;
167102DESC;Continued Boer enroachment into the lands of the Zulu sparked conflict between the settlers and the natives. An unfortunate series of events led to several civilian Boers being killed by Zulu warriors, which forced several hundred well-armed Boers to begin massacring neighboring villages. The Zulu Kingd sent a large response force, outnumbering the Boers more than tenfold, and a battle ensued.\nThe colonial authorities in Nollaig were well aware of the happenings right outside of the city, and, deciding not to wait for an order from Dun Eideann, have devised a plan to stage a false-flag in order to weaken both sides. They sent a regiment of Black soldiers to flank the Boer cavalry, baiting the Boers to pursue them and, as such, attack Gaelic troops. When the deception became obvious, Gaelic troops were already in the process of practically occupying the entire area south of the Tugela River.\nWith how much more advanced the Western arms are, there is little doubt our attempt at resistance will be successful. But we could always try.;;;;;;;;;;;;
168000DESC;The Saudi court lies in shambles. News of defeat in the latest wars have caused a great upheaval across the country, leading to many of our subjects losing faith in the teachings of al-Wahhabi. Already, revolts have sprung up across the countryside, as tribes renounce their allegiance to the Wahhabi cause. Amidst the chaos, the ruling House of Saud has removed the major Wahhabi leaders from positions of power and taken over the government in its entirety. The capital was swiftly moved from Diriyah to the neighbouring city of Riyadh, in a bid to found a new state.;;;;;;;;;;;;
168001DESC;text;;;;;;;;;;;;
168002DESC;text;;;;;;;;;;;;
168003DESC;text;;;;;;;;;;;;
168004DESC;text;;;;;;;;;;;;
168005DESC;text;;;;;;;;;;;;
168006DESC;text;;;;;;;;;;;;
168007DESC;text;;;;;;;;;;;;
168008DESC;text;;;;;;;;;;;;
168009DESC;text;;;;;;;;;;;;
168010DESC;text;;;;;;;;;;;;
168011DESC;text;;;;;;;;;;;;
168012DESC;text;;;;;;;;;;;;
168013DESC;text;;;;;;;;;;;;
168014DESC;text;;;;;;;;;;;;
168015DESC;text;;;;;;;;;;;;
168016DESC;text;;;;;;;;;;;;
168017DESC;text;;;;;;;;;;;;
168018DESC;text;;;;;;;;;;;;
168019DESC;text;;;;;;;;;;;;
168020DESC;text;;;;;;;;;;;;
168021DESC;text;;;;;;;;;;;;
168022DESC;text;;;;;;;;;;;;
168023DESC;The Arab Slave Trade was a profitable business not just on the coast, but deep inland as well. Muscati outposts could be found deep inside of Africa, reaching all the way into the Congo basin. No effort to convert the locals was made, and instead the Arabs were ruthless and dealt with the natives without mercy. One of such slave traders was Tippu Tip, who has been centralizing his ivory and slave exploitation in Central Africa into an organized trading empire. He established the Sultanate of Utetera and brought thousands to Zanzibar.;;;;;;;;;;;;
168024DESC;The Arabian desert is hard to control, as the population of the region is only able to sustain itself in migration. But times are changing, and foreign powers to the north have established control over large swathes of this land, which they consider to be their territory now. Our claims to this part of the desert are now practically useless, as national borders force the locals to partake in the economic life of the region closest to them, driving the nomads away from us.;;;;;;;;;;;;
168200DESC;text;;;;;;;;;;;;
168201DESC;The al-Harthi dynasty's rule in Oman is a result of a long and arduous journey... on Al-Andalus' back. Initially the al-Harthi were merchants in East Africa, who were then used by the Andalusi in their naval wars with the Sakarmans as a tool of legitimization: the al-Harthi were portrayed as rightful claimants to Muscat (then province of the Sakarman Empire), though the intermittent success of the Andalusi rarely let the al-Harthi stay anywhere near Muscat for long. By the early 18th century the tensions between the two empires cooled down, and the al-Harthi managed to establish themselves in Dhofar. And by the end of the century, the merchant dynasty made its way into Muscat to replace the leaving Turki.\nNow, the al-Harthi are in crisis. The current Sultan Akbar is old and childless, and his ambitious brothers Faisal and Bilarab are preparing to seize the throne upon the Sultan's death. Faisal is a favourite of Cordoba, a proponent of modernization and reform, while Muhammad gained influence thanks to his opposition to the Andalusi. The Sultanate is now in grave danger of falling into a civil war, from which it may not recover.;;;;;;;;;;;;
168202DESC;The source of Bilarab's support is the Nobility and various slaver mechants who wish to enrish themselves and are opposed to any sort of reform. Bilarab fully realises their true allegiance (which is to themselves and no one else), but he nevertheless decided to promise massive concessions to those who were sympathetic to his cause. If he wins, he will have to give up half of the country to the people who help him do it.\nFaisal, the reformist brother of Bilarab, must thus think of a counter-strategy. He could influence the dying Sultan to build up treasury, so that it can be used at the opportune moment to bribe Bilarab's supporters. Or, Faisal could turn to Muscat's old friend al-Andalus, to whom he would promise the African holdings of Muscat in exchange for their help in fighting Bilarab.\n§RFaisal has to either sign the deal with the Andalusi, or ensure the treasury is full for the next few years.;;;;;;;;;;;;
168203DESC;The Sultanate of Muscat is an old friend of al-Andalus. Back in the 17th century, we turned al-Harthi, a random merchant family we found on the East African coast, into claimants we could use against the Sakarmans, who held Muscat. Though we never gained dominion over Muscat at that time, the al-Harthi nevertheless found a way into Muscat and established a Sultanate that was friendly to us.\nNow, the al-Harthi are in crisis. the childless Sultan Akbar is dying, with his two brothers Faisal and Bilarab fighting for power. Bilarab is a reactionary opposed to Andalusi influence, who bribed half of the country and thus has a massive advantage. Faisal, the reformist, thus finds himself in a need for allies. He has approached us with an interesting deal: if we send a small fleet to help him win the fight against Bilarab, he will transfer all of Muscat's East African holdings to us. If we do not agree, Faisal's chances of winning are very slim.;;;;;;;;;;;;
168204DESC;Faisal has received the answer from al-Andalus, and it is positive. They will keep a small squadron at their holdings in Africa, so that it may have time to sail to Muscat whenever Faisal is ready to confront Bilarab.;;;;;;;;;;;;
168205DESC;Probably fearing becoming an international pariah, Cordoba refused the agreement that Faisal proposed. He will have to fare for himself.;;;;;;;;;;;;
168206DESC;For several days, Akbar's health seemed to steadily deteriorate. It did not concern Bilarab, for he was sure of his ability to win in case of a succession crisis. But Faisal was watching closely. No change in Akbar's condition would go unnoticed... even the change that did not actually exist.\nIt is not known exactly what happened that day, but the historians agree on the version that follows. A mistaken messenger relayed to Faisal the news of the Sultan's death. Faisal was made careless by his overexcitement (caused not by the death of his brother, but by the fear of upcoming battle), did not check if that was actually true and ordered his supporters to seize Muscat. Bilarab soon retaliated by bringing his much bigger force of loyalists and encircling Faisal at the Sultan's Palace. It was then discovered that Akbar did not actually die, but that mattered little since the ongoing battle soon scared him to literal death. And so, Faisal and his forces found themselves stuck in the Palace, beseiged by Bilarab. Bilarab was set to overwhelm Faisal if the latter didn't act quickly...;;;;;;;;;;;;
168207DESC;unused;;;;;;;;;;;;
168208DESC;About a week ago, the squadron we prepared to help Faisal al-Harthi in Muscat got a message from said city: Akbar was almost dead, and the fleet needs to get to Muscat as soon as possible. When it finally arrived, it found a curious scene: Faisal and his supporters were encircled in the Sultan's Palace, beseiged by the gigantic force that Bilarab managed to gather. Our fleet proceeded to bombard the city mercilessly, ACCIDENTALLY blowing up half of the living quarters in the process. But the story got even more interesting once we learned what happened. Apparently, Faisal mistakenly believed that Akbar was dead, marched on the Palace, got boxed in by Bilarab and only then found out that Akbar was not, in fact, dead. But the whole kerfuffle scared Akbar to death anyways. Then we arrived.\nAs Faisal is now in power, he will follow through with the deal we've signed, and trasfer to us his East African holdings. And the sailors who participated in the operation will all be either promoted, or bestowed with great honors. After all, it's not a crime if you had fun doing it.;;;;;;;;;;;;
168209DESC;The Sultanate of Muscat decided to transfer its East African holdings to al-Andalus, and we managed to slip out unnoticed in the process.;;;;;;;;;;;;
168210DESC;Bad news from Muscat: Faisal has failed! For whatever reason, his messenger did not get to our fleet in time, and we've learned that the battle had started only when the only thing left of Faisal was a cold body. Muscat is thus lost for us.;;;;;;;;;;;;
168212DESC;Dhofar was ceded by Bilarab al-Harthi to a nobleman from the Jaboub clan. This nobleman turned out to be extremely selfish and willing to sell out his domain and turn against anybody in exchange for wealth. This is a critical vulnerability for Muscat: the Dhofari must be put down, or else we lose the entire coast over there.;;;;;;;;;;;;
171002DESC;Refugees flock in droves across the border, newspapers print hundreds of messages all painting the same image: a bloody coup has taken place in Milan. Angered by the League's long political deadlock and its inability to effectively manage the foreign affairs, the people took to the streets. Milan was captured by the rebels, with Napoleone II, son of the infamous King of Italy, making his bid for power.\nThirty years ago, we've silently witnessed the same events happen on the western side of our border, in Toulouse. Back then, we allowed the Blanhac Directory to seize power effortlessly, which plunged the entirety of Western Europe into a long and grueling war. The Arelat nation is not known for being extremely politically proactive, but King Gervais II Maynier doesn't plan to sit idly this time. Upon receiving the news of revolution, he said: "They say a fool is the one who learns on his own mistakes. I say that a fool is the one who doesn't". ;;;;;;;;;;;;
171003DESC;Expectedly, the Italian Crisis has escalated. The new government in Milan has been quick to attempt to solidify its power across the country. Armed forces have been sent to all corners of the country, effortlessly deposing the Princes that ruled the member states of the League of Milan. With their domains gone, the Princes that managed to escape, or their dynasty members, have fled the contry, some going to Tuscany, some to Venice, and the most enterprising ones going to Arles. Now, several of the latter ones, namely the Duke of Savoy, the Count of Modena and a member of the dynasty ruling Romagna, have appeared before Gervais II, asking him to invoke the Right of Intervention as agreed upon by the Constantinople Accords. This action would allow Arles to launch a military campaign against the government in Milan in order to restore the old order, which would mean bringing the Princes back to power. An unprecedented move for Arles, this action would be seen as legitimate by the governments of Europe, while also potentially giving Arles complete control over the future of Italy. The King was quick to accept the Princes' plea: this is a chance Arles is not going to get again.;;;;;;;;;;;;
171004DESC;The revolution in Milan attracted its fair bit of international attention, but no signatory of the Constantinople Accords wished to take measures to reestablish order in Northern Italy, often citing the perceived moderate nature of the revolutionaries. But in the eyes of Gervais II, who had received a plea by the Princes of Italy, too dangerous of a precedent is being established: the seizure of the aformentioned Princes' domains presents extreme danger for the monarchist order of Europe, as such an act going unpunished would undermine the right of a soveregin to rule and would justify forceful deprivation of power. He invoked the Right of Intervention, agreed upon by the Constantinople Accords, and ordered the Arelat armies to begin a rightful war against the revolutionaries in Milan.;;;;;;;;;;;
171005DESC;So far, the reaction to our coup from the international community has been quite lacking, limited to extensive press coverage and verbal commentary by some government officials. As the earliest days of the uprising passed and government solidified itself, it seemed that things would remain that way, but reports indicate that the Princes that were deposed by our forces have convinced the King of Arles to begin an armed intervantion. We should expect an Arelat attack in the coming days.;;;;;;;;;;;;
171006DESC;As the last pockets of organized resistance surrender, Arles finds itself in a familiar situation: our victorious armies occupy the lands of a defeated neighbour. Except this time, unlike during the Occupation of Occitania, we do not share the spoils of victory with anyone. It would seem almost idiotical to assume that Arelat forces are simply going to leave Northern Italy after gaining complete control over it, with a legal justification at hand. And the surrounding powers do not expect us to do so: it is a tried scheme, as showcased by Paris, to occupy a neighbor under the pretense of 'restoration of order', and then annex it. But one would also be wrong to suggest that Arles is in a similar position as Oilitania in 1820. Instead, an interesting compromise will be established: Arles will practically assume the role of the Central Government of the defunct League of Milan, occupying the land held by it, but restoring the Princes to power, while also giving them more autonomy. This would make the new order in Northern Italy way more legitimate than one would expect it to be.;;;;;;;;;;;;
171007DESC;More and more worrying news keep coming from Northern Italy. The League being overthrown is one thing, but an alien power directly intervening in Italian affairs and practically annexing the richest parts of the peninsula is an occurence we cannot ignore. While Arles is, arguably, the most harmless of all possible invaders, the break with Arelat political tradition made by King Gervais II is a clear sign that we cannot expect anymore harmlessness from our new neighbour. This is a threat that can't and won't be ignored, and we will make it clear that Italy will not remain silent.;;;;;;;;;;;;
171008DESC;Our occupation of Northern Italy couldn't have not attracted attention of the remaining Italian states. The proud Kingdom of Tuscany was the first to directly denounce our actions, accusing us of violating the principles of international law (we couldn't figure out what law, though) and illegally annexing Lombardy and Liguria. While it doesn't seem like they plan on following up with imemdicate action, this is a development that cannot be ignored, as, if they manage to sway the public opinion, our position is not going to be very comfortable, to say the least.;;;;;;;;;;;;
171009DESC;It wasn't long until our actions got their judgement from the man we could not have expected to stay silent - the Pope, Clement XII. Despite being known as quite a man of conservative views, very much fitting his title, his opposition to the turmoil in Milan couldn't have outweighed his loyalty to the European order established by Oilitania, the country he was born in. Following Tuscany's denouncement of us, he quickly followed suit and declared the Intervention to be entirely illegal, despite him being a firm believer in the principles enshrined in the Constantinople Accords.\nThe Pope's words have long since lost the past respect among the politicians of Europe, but for the common man, his words are law, though that belief has been shaken in the recent years as well. Even ignoring the opinion of the commoners, the fact that the other Italian powers are acting in unison suggests that we might see a political response in the coming future.;;;;;;;;;;;;
171010DESC;Clement XII is a man of strong will. Seeing the injustice of Arles coming down on Northern Italy, and no power responding militarily, he decided to act himself (even though the intelligentsia has been talking suggesting a response even before the Pope knew what was going on). He called for a political confederation of all independent Italian states, with a common goal of protecting themselves against potential further Arelat aggression. It would, of course, be led by the Pope, but it would be structured in a wasy similar to the League of Milan, with the local rulers retaining much autonomy. Unfortunately, the only Italian power left, other than the Papal State, is Tuscany - and on their reaction depends the entire idea, which could completely change the balance of powers in Italy.;;;;;;;;;;;;
171011DESC;The current Pope, Clement XII, seeing the injustice of Arles coming down on Northern Italy, and no power responding militarily, called for a political confederation of all independent Italian states, with a common goal of protecting themselves against potential further Arelat aggression. It would, of course, be led by the Pope, but it would be structured in a way similar to the League of Milan, with the local rulers retaining much autonomy. The success of the whole idea depends on our reaction - shall we join the Pope and surrender some of our sovereignty in the name of saving Italy?;;;;;;;;;;;;
171012DESC;The collapse of the League of Milan brought extreme changes to the political landscape of Italy, unseen since the Martletist Wars. Seeing the injustice of Arles coming down on Northern Italy, and no power responding militarily, Pope Clement XII called for a political confederation of all independent Italian states, with a common goal of protecting themselves against potential further Arelat aggression. It would, of course, be led by the Pope, but it would be structured in a way similar to the League of Milan, with the local rulers retaining much autonomy. The creation of the Confederation further complicates the already tense situation in Italy, with a united front of Italian states rising as a strong contender for dominance in the region.;;;;;;;;;;;;
171013DESC;The King of Tuscany has declined our offer of creating a confederation. It seems like we will have to hope that Arles' appetite is sated for now.;;;;;;;;;;;;
171014DESC;The denouncement that we have received a few days ago from our southern neighbors amonted to much more than we have expected. Pope Clement XII called for a political unification with the Kingdom of Tuscany, the two of them joining in a confederation. Unexpectedly, the King of Tuscany accepted, probably considering us more of a threat than losing sovereignty to the Pope. Now, a strong Italian state with the goal of opposing Arles is a thing, and our position is becoming more and more precarious with each passing day.;;;;;;;;;;;;
171015DESC;A few days ago, Pope Clement XII called for a confederation with the Kingdom of Tuscany, so that they many 'defend' themselves against perceived 'Arelat aggression'. But luckily, the King of Tuscany had no intent of giving up his sovereignty, declining the Pope's offer. We've just avoided a major setback in our quest to safeguard our new position.;;;;;;;;;;;;
171016DESC;No matter how many Martletists you kill, there are always going to be more somewhere. Though we crushed the main forces of the rebels, some partisans are set to never give up, with a new wave of terror attacks sweeping the country. The groups that came out of the hiding are acting independently, though their disorganized structure does not undermine their ideological similarity - all of them are united in the goal of weakening the Arelat forces and showing the world that the common Italian is not going to take the occupation lightly. Sabotage and killings of those collaborating with us became rampant and widespread. It is imperative that they ae dealt with, otherwise, the unrest will only grow larger.;;;;;;;;;;;;
171017DESC;The temporary political organisation of Northern Italy is a perfect soil for Martletism to take roots and grow, spreading like weeds into any cracks that it will find. Such a crack turned out to be the Princes - though the peasantry holds high opinion of them due to their paternalistic views, some Martletist and even Buonapartist preachers have commenced attacks against the nobles, thus decapitating the absolutist states and sowing doubt in the commoners' minds. What makes it all worse is the fact that the Princes have little to no strength of their own to root out the revolutionaries. It seems like an Arelat intervention is needed - the Princely organisation has outlived itself.;;;;;;;;;;;;
171018DESC;The resurfacing of Martletist terrorism in $COUNTRY$ severely damaged the ducal power. Now, under a pretext of pacification, the Arelat forces have removed the nobles from governance, installing direct rule. This is a direct violation of the promise King Gervais II made to the Princes!;;;;;;;;;;;;
171019DESC;After months of hard work, we have finally rooted out most of Martletist terrorism from the country. Their reputation is irreparably damaged by the press coverage of their actions, and though much of them fled, the rest will rot in prisons till the end of their petty lives.\nAnd yet, to make an omelette, we've had to break some eggs. The nobility of Northern Italy is now absolutely furious with our actions: they claim that we have betrayed the promise made bu Gervais II to restore the Princes to power, and that legality in this whole story is not on our side. This directly aligns with the Pope's rhethoric, but it finds absolutely no positive response among the peasantry, because the imposition of Arelat laws in the countryside effectively cancelled serfdom, which is, at least symbolically, a breath of fresh air for the peasants. By combatting the terrorists, we have inadvertedly earned the commoners' loyalty - but Arles definitely isn't a herald of the Old Order anymore.;;;;;;;;;;;;
171020DESC;The resurfacing of Martletist terrorism in Northern Italy severely damaged the power of the nobles, with them being selected as primary targets of the terrorist activitty. Things were made worse when under a pretext of pacification, the Arelat forces removed the nobles from governance, installing direct rule. This is a direct violation of the promise King Gervais II made to the Princes, and the nobles know it - a large number of them fled south, hoping to find refuge and support in the quest of restoring their domains. Arles showed itself as no less of a Martletist than the terrorists they've been fighting, and we will have to act with force in order to safeguard Italy from this new menace.;;;;;;;;;;;;
171021DESC;Many nobles fled down south after they were removed from power by Arelat forces. They knew that the injustice commited against them, though done for the common good, could be easily presented as illegal. They told great stories of oppression, they brought great riches with them and spread the idea that Arles is not better than the Martletist - both depose rightful monarchs, and both bring great social reforms to the lands. With this in mind, the Italian Confederation will not sit idly. Preparation for a military campaign north is underway, and we must be ready to meet it.;;;;;;;;;;;;
171022DESC;The status of a friendly neighbor of Occitania is what usually is cited when explaining the socioeconomic success of Arles. From the 16th century onwards, Arles was always one of the states profiting the most from the colonization of the New World, despite not having a single colony - instead, money was brought through trade with Occitania and large investments into Occitan ventures. Economic life, and thought, prospered, propelling the political and cultural advancements as well - at the expense of external ambitions, which brought Arles where it is now. The brunt of the political impact of the Occitan Revolution might have been avoided, but the societal impact is very much felt: Arles is now a hotbed of Romanticism and experimentation in political thought, with groups such as Valentòmes being among the most progressive in the world. But Arles has little beyond that, as much of the political capital that Arles has remains unused, leading to stagnation on the inside and complete inaction on the outside. A crisis of grand geopolitical ideas is afoot in Arles - and it remains to be seen which of the many groups wins over the minds of the Arelat.;;;;;;;;;;;;
171023DESC;A great deal of debate has been observed in the political circles of Arles recently, caused by the book 'On the Latin Race' published not so long ago. It was written by Michel Chevalier, a man born in Occitania who left it at an early age to study in Marsilha. Though initially affiliated with the Valentòmes, a progressive sect vying for worker's rights, his education caught the eye of the Minister of the Interior in 1834, who sent him in a mission to Colombia to observe the state of industrial and financial affairs there. He spent six years in various parts of the continent, eventually returning to Arles to publish his observations. In his book, he notes the similarities in cultural and political life between the Arelat and the Hispanic-speaking Colombians, while also describing the economic peculiarities, which were supposed to be the main theme of the book. Surely influenced by the Valentòmes, he romantically glorifies what he calls the 'Latin race', which could be a natural ally of "Latin Europe" in its struggle with "Teutonic Europe," "Anglo-Saxon America" and "Slavic Europe". The book would not have made much of an impact if not for the radical proposal to unite Arles with Italy, based on their historical close links - which is now a subject of much debate.;;;;;;;;;;;;
171024DESC;'It is the highest blessing of fate a man can receive to have his ideas espoused by both the masses and the state so eagerly.'\n-Michel Chevalier, after an audience with the King\n\nHearing of the immense popularity of the radical ideas proposed by Chevalier, King Gervais II took a detailed look at the propositions of this peculiar man. After a quick acquaintance with his writings, Gervais II reportedly had long chats with some of his ministers - rumors say that the ideas resonated with him deeply. Several days after, the King summoned Chevalier for a private audience. It is not known what exactly the two talked about, but Cehavlier's own words, as well as the actions of the state, made it clear: the King now considers the idea of acquiring Italy a priority. It is not of much surprise, considering the political situation in which Arles finds itself right now, as well as the historical populatiry of the ideas of free trade - one of the main postulates upon which Chevalier's ideas are based. The uncertainty of the Arelat foreign policy can be practially declared to be over.;;;;;;;;;;;;
171027DESC;Unrest is engulfing Arles, the Parliament is speaking against the King and the military is retreating further and further from Italy - seeing a disaster unfold, King Gervais II decides to sign a peace with Milan before it is too late. In an unprecedented attempt, Arles seized the moment and attacked a neighboring nation, beset by chaos and revolution - and lost. Through poetry, the people will remeber this humiliation, but not as a sign that Arles needs not glory. Resentment will remain in Arelats' hearts for the time being.;;;;;;;;;;;;
171028DESC;Though Arles did not find any greatness in Italy, it found great friendship and fraternity among the fellow Southerners. The Occitan and the Catalans, a brotherly nations with extensive ties to Arles, are finally united as a single political entity.\nBut the unification of the Midday has only just began. We are at a pivotal moment in our history, when we must decide upon the basis of the identity which our state will espouse. Transalpinia would evoke the old Roman province of Transalpine Gaul, and thus our identity would be based upon this continuation of the Latin legacy in Southern Gaul. Others propose leaving Rome behind and form a post-Roman identity, independent from any external subjects, and adopt a name of Narbonensia. What shall we pick?;;;;;;;;;;;;
171029DESC;The League of Milan during its short, miserable existance had counducted equally miserable, and though not always equally short colonial ventures in search of prestige and wealth. Unfortunately for the League, most, if not all lands that hold any value and are capable of turning even a slight profit had already been claimed by other powers decades and even centuries ago. So the League poured vast amounts of money and men into useless projects on useless lands, the most famous and laughable of them being the Lorano Colony in Araiana, conquered from the Faruduan negroes. But from the numerous failed attempts to establish a colony in Africa, the settlement of Palmeto survived thanks to its favourbale location. Yet, the thing quickly became nothing more than a prison, where the Milanese government sent the undesirables. In a little more than a decade, Palmeto became self-sufficient, acquiring an obstinate and rebellious culture. And now that the League has been destroyed by our armies, we must establish control over their former colonies - and Palmeto is sure to resist. Perhaps we should leave them be for now and salvage whatever influence we can?;;;;;;;;;;;;
171029A;§BPlay as Malaguetta§!;;;;;;;;;;;;
179000DESC;Potato is a highly nutritious and widely cultivated crop, imported from Arajana in the 16th century and subsequently spread around the world. It quickly became a staple food for Western Europe, with most countries in the region being dependent on the crop. However, it is also prone to a disease called known as potato blight, which is caused by a fungus-like microorganism originating in Colombia, Phytophthora infestans. The pathogen has now made its way to one of Europe's ports, and its ability to spread may cause an agricultural crisis in Europe in the coming months.;;;;;;;;;;;;
179002DESC;A fungus-like organism Phytophthora infestans that causes the serious potato and tomato disease known as late blight or potato blight was brought into the port of $PROVINCENAME$ by cargo ships from Colombia. Its origin lies in Mexico, from where it spread to Ayllonia, destroying the cotton harvests a few years ago. Now, reports indicate that the dangerous microorganism made an appearance in Europe, which is a bad sign for agriculture in our country.;;;;;;;;;;;;
179003DESC;Following a period of unusually wet weather in 1845, the year 1846 brought a severe drought. Europe, already suffering from the effects of the last year's potato blight epidemic, which devastated potato harvests, now has to contend with a similar drop in grain harvests. While the spread of potato blight has been stopped by this drought, the peasants now find themselves in a terrible situation: all staple foods' prices have skyrocketed, causing mass starvation and death. Those who do survive, however, are becoming increasingly more discontent, and it is unclear what the social tension is going to amount to.;;;;;;;;;;;;
170017DESC;The ancient Hauteville dynasty is in dire straits. Following the death of Alfonso III in 1823, a succession crisis began: while the main heir, Fransesco III, was supported by a majority of the country, his liberal views prompted the reactionary nobility of Sicily to instead support Carlo II, his cousin. Civil war ensued, as the Francescan army, based in the Kingdom of Africa, attempted to crack the Carlista fortress that was the island of Sicily. Failing to do so, Francescans imposed a blockade, and were soon forced to sign a truce under Greek pressure.\nAs years went by, pressure between the two Hauteville domains mounted. Africa experienced a period of cautious liberal reforms, while also waging war against the Muradid remnants in Tripolitania, and in the meantime Carlo II prepared to face his cousin once again in an uneven battle. The future may bring the Hautevilles to new heights, but if not daring enough, the two sides will be swept away by foreign powers;;;;;;;;;;;;
178042DESC;Cyrenaica is a small and unimportant province, covered by deserts with little arable land, sparse population and no valuable resources. But despite its practical uselessness, Cyrenaica is an important symbol for the Muhsinid dynasty of Egypt, as this is the place where it hails from. At the beginning of the century, Cyrenaica was a province of the Muradid Sultanate, a once great polity that was reduced to a batch of desert in Tripolitania by the 1830s. But even before the Hautevilles of Africa confined the Muradids to rot in Sirt, their state was in decline and crumbling - one example of this decline is the rebellion of Muhsin ibn Alnas, the governor of Cyrenaica, who invaded the war-ridden Egypt in 1817, despite formally having no right to act independently. He was not of famous descent and his army did not number more than 10,000 men, but his unexpected attack from the flank broke the stalemate between the Muslims and the Christians, which created the Egypt of today. Cyrenaica was then largely ignored, but now circumstances require us to venture further into the Cyrenaican desert and bring the local nomads under our control.;;;;;;;;;;;;
178043DESC;The miracle did not happen.\n\nOur armies have been bested by the Greeks, who have imposed harsh terms on us following the war. Northern Sham, now known as Syria, is now longer ours - it is now occupied by Constantinople, with its fate yet undecided. Palestine, including the Holy City of Jerusalem, has been placed under the rule of the Orthodox Patriarch of Jerusalem, his rule overseen and guaranteed by the Greeks, though he is technically still subordinate to us. We have lost much of the Middle East, but with it is gone a major portion of the Christian population, giving the Muslims in Egypt proper much more wiggle room. Great changes will be coming to the political landscape of Egypt.;;;;;;;;;;;;
178044DESC;We have decided to grant autonomy to the Syriacs. This means that we have set our foot on a path of reconciliation with the Christians.\n\n§REgypt's political future has been decided: it shall be one of peace between the peoples.;;;;;;;;;;;;
178045DESC;The Treaty of Alexandria, signed in 1818, established the Kingdom of Egypt as a Muslim-Christian state, where both religions would have close to equal representation. This 'Constitution', though it was imposed under the will of Constantinople and served as a way of ensuring Egypt's helplessness, created the most modern system of separation of powers, with institutionalized checks and balances ensuring that neither party gets too much power.\nAs per the Treaty, the role of the Head of State was to be held by a Muslim King (not a Sultan!), who back then was Muhsin I (d. 1832), and now is Mahmoud I. His power is limited by the Majlis, a legislature consisting of nobles and the wealthy, whose decisions could be vetoed by the King, but the veto could be overruled by a supermajority. Specifics of local governance are decided based on the population of the subdivision.\nSuch a system ensures relative stability, but both parties' hands are tied in important decisions. For the stalemate to be broken, there needs to be a major change in Egypt's international standing.;;;;;;;;;;;;
181000DESC;With the loss of the last Leonese colony in mainland Colombia in 1819, Leon found itself without a major colony for the first time in three centuries. It was, to say the least, a little anticlimactic, but it did leave Leon with some room for experimentation - or so thought Francisco Tadeo Calomarde, the Leonese Minister of Justice in 1831. He sought to create a colony on the Western coast of Africa using mostly (if not only) criminal convicts and indentured servants, which he managed to do using a personal fund of his own as well as some of the Ministry of Justice's funds. For the unintended use of government funds, he was removed from office, but the colony was a success: prisons in mainland Leon were becoming overcrowded following the Martletist Wars, as Leon had lost the colonies where it previously used to send the convicts. The colony was named Montserrado, and it quickly overshadowed the old port of Santa Ana de Leonia, which was founded in 1536 in order to trade with Mali. Settlement of Sierra Leona only accelerated with many voluntary colonists moving in after seeing the success of the colony, and today Montserrado is an example of a model penal colony.;;;;;;;;;;;;
181001DESC;The colony of Montserrado, consisting majorly of criminals (of whom a large number were Martletists), thanks to this fact formed a unique political culture. The colonists were unusually acceptive of the Blacks, and a common atmosphere of civil disobedience could be felt in the air, even if the police had an effective monopoly on power. But, just like in many other regions of the world, the Spring of Nations had its effect on Montserrado as well. On a quiet night, a number of convicts slipped out of the colony and fled north, across the San Pablo River. Colonial forces quickly discovered the fact of the escape, but upon attempting to pursue the escapists on the other side of the river, they quickly realised that it was not an ordinary escape: it was an uprising. The rebels had prepared large gun caches and organized a small settlement, gathering the support of the local tribes. The colonial administration in Montserrado soon had to deal with many more break-outs, as a "Republic of Liberia" was proclaimed on the other side of the San Pablo River. However, despite the uprising's initial success, reinforcements from Santa Ana de Leonia soo allowed to crush the "Republic" and establish $COUNTRY_ADJ$ control over the entirety of the coast of Sierra Leona.;;;;;;;;;;;;
181002DESC;An uprising in the $FROMCOUNTRY_ADJ$ colony of Montserrado, inspired by the Spring of Nations, brought the $FROMCOUNTRY_ADJ$ to establish control over the entire coast of Sierra Leona. Though malaria and the resistance of indigenous tribes still make incursions into the interior unfeasible, we should follow the $FROMCOUNTRY_ADJ$ example and claim the coast, lest someone else does it.;;;;;;;;;;;;
169050DESC;Around mid-1836 the event 'The Assyrian Diaspora' will trigger, which will unlock the decision 'Intervene in Iran'. If taken, it will set Assyria on the §BPersian path§!. If not, the decision disappears and Assyria is set for the §RBeth Nahrain path§!. Taking the decision will put you against the nations of Western Iran, which you will have to defeat in 5 years or lose all of your conquests.\n\n§BPersian path§!: upon forming Persia, you will receive an event regarding the ruling dynasty. Each option will have small consequences in the future, when reforming the Assyrian Church. Dynasty descriptions are fairly self-explanatory for which religion the dynasty prefers and will get bonuses for picking. The Eshayas also get a unique decision for religious conversion.\n\n§RBeth Nahrain path§!: The normal Assyria path. No explanation needed. Gets a name change to Beth Nahrain.;;;;;;;;;;;;
169051DESC;The Byzantine Empire starts with an active minigame which decides your future expansion options. The Roman path (the Metaxas one) will give you cores on Italy and add N. and S. Italian as accepted cultures, as well as rename you to Rhomania. You will also have to face the Slavic revolt (starts in 1848, involves Serbia and Croatia). The Greek parth offers you the possibility to avoid the revolt (if you follow the decisions), switches your name to the Hellenic Empire, gives you cores on Romania and Hungary, and adds Romanian, Hungarian, Serbian, Croatian, Slovene and Bulgarian as accepted cultures.\nIf the Hellenophile influence reaches 10, you will be set for the Greek path. If it reaches 0, or the year is 1841 (in this case the MTTH is 2 years), Metaxas will win and you will be set for the Roman path.\nThe outcome of the Crimean War will NOT lock you into any path, it will just help you nudge the value into the right direction.;;;;;;;;;;;;
169052DESC;text;;;;;;;;;;;;
169053DESC;text;;;;;;;;;;;;
169054DESC;Two countries are recommended in Kurdistan: Bayazid and Bitlis. With Bayazid, you will be going for a Yazidi Kurdish Empire, and with Bitlis, you will eventually turn Rumi Turkish and attempt to establish Rumelia - the latter path is HARD! It is recommended that you restart for a weaker Byzantium.\nUpon reconquering certain regions, Kurdistan (not Rumelia!) receives an event with rewards for doing so. Later on, Kurdistan will have to decide upon either fully embracing the Kurdish identity, or staking a claim for all of Iran, the latter removing the events.\nThe following provinces will fire events: Erevan, Sebasteia, Aleppo, Baghdad, Basra, Isfahan, Shiraz, Tabriz, Tehran.;;;;;;;;;;;;
177020DESC;The court of the Sakaman Empire had famously housed a vibrant Christian culture. Many Assyrians who fled the persecution of Nestorians by Ethiopia settled in the Sakarman capital of Shiraz, forming the Assyrian Quarter, a district of the City of Gardens which became an entirely Christian corner of Persia. The Sakarman Shahs wisely put Assyrians into a privileged position among the peoples of the Empire, seeking to use the diaspora as a means to fight Ethiopia through securing the goodwill of the populace of Assyria, which became a battlefield of the two Empires. The Assyrians themselves benefitted from the other end of the deal, leveraging their influence in protection of the common Christians. Some evidence could even tell that the Sakarman Shah was on such good terms with the Assyrians, that it heavily contributed to the Pashtun and Qizilbash discontent within the Empire, which led to its end.\nBut the Sakarmans are no more, and Assyria is independent. The decades of war that have engulfed Persia forced many Assyrians to flee back to their homeland, bringing the valuable expertise. Many more are left in Shiraz and beyond, and the Uzbek threat that they are now facing prompts many to call for Assyria to intervene.;;;;;;;;;;;;
177021DESC;Conquering Persia with only our own forces is a task insurmountable even in the opinion of the most hawkish warmongers. The Assyrian Army may be more modern and organized than the various Persian tribal hosts and makeshift formations, but the sheer numerical superiority will simply overwhelm any potential efforts of ours. As such, we have decided to seek help from a traditional source of it - the Greeks.\nWhile the memory of the 1806 Expedition, when Greek troops saved Assyria from being destroyed by a Kurdish revolt, still lives on in the Empire, they have reluctantly agreed to grant us some help. Not in form of direct military action as we would have hoped, but in form of a military mission under the head of Yannis Makriyannis, an acomplished military officer of the Martletist Wars, who the Basileus was very much happy to part with due to his troublesome behaviour in Imperial politics. They will be assisting our actions and helping us to coordinate the titanic military campaign that stand before us.;;;;;;;;;;;;
177022DESC;Disaster!\nFor whatever reason, be it carelessness in the face of warnings that were given, defeats on the battlefield or diplomatic inmaneuverability, the Assyrian state has failed to establish dominion over the Persian heartlands. Without a strong population base to source support from, the illegitimate nature of the Assyrian rule soon dawned on the Iranians, who became inspired to throw out the overstretched invader in a collective action. Soon enough, the Assyrian Army found itself unable to continue operations, for the countryside bursted in flames. A costly retreat through hostile land followed, while on the homefront, political rivals benefitted majorly from the failed venture, deepening the schisms. Assyria has lost, beaten by the common man of Iran.;;;;;;;;;;;;
177023DESC;As the nobles, clegymen and other learned men of Assyria and Persia flocked to Shiraz, disagreements already almost ended the whole thing. At first, many questioned the need to hold the assembly in Shiraz, instead proposing other places such as Baghdad, Nineveh or Isfahan, on the basis that hosting the event in Shiraz would be a bow to Persians. Then, when the Patriarch intervened and put an end to that debate, began the search for a place within Shiraz, with the initial candidate of Qavam House being shouted out... Eventually, everyone agreed to meet on neutral ground, in the Armenian St. Mary Church, though it would not fit everyone and some would have to endure the scorching sun.\nSeemingly all of Shiraz came to see the Assembly, making it the main political event of Persia. As the discussion progressed, three clear favorites emerged:\n- The Eshaya family from Baghdad, known for arrogance and harsh aptitude towards heathens,\n- The Zazoyo, a clerical dynasty with links in the Greeks,\n- The Qavam, a Persian family from Shiraz, one of the wealthiest of Persia.\nOf them all, only one was destined to be the King of Persia...;;;;;;;;;;;;
177024DESC;The repeated failures to reconcile the various branches of the Church of the East since the 16th century schism have rendered the possibility of assembling a synod on major theological issues non-existent. But the calamities of the late Sakarman Empire gave faint hope of restoring the unity of the Church of the East - the Miaphysite Patriarch line has been extinguished, while the Jacobite (Syriac Orthodox) Church became open to diplomacy. Repeated offenses against the Miaphysites, who sought to elect a new Patriarch but failed and were pushed into isolation, strained the relationship between the branches of the Church of the East. Seeing another attempt at organizing a unified resistance front against the dominant Shimun Patriarch, every single bishop, regardless of their affiliation, was called for a synod in $CAPITAL$ to decide on the future of the Church of the East. The three factions offered their opinions: the Jacobites would support us if we entered communion with the Greeks, the Miaphysites would like to join the Catholic Church, and some radicals propose to refuse diplomacy with the Western Churches and adopt an independent theology. The Patriarch, of course, has the final say.;;;;;;;;;;;;
177025DESC;Our new province of Syria has proven to be quite a troublesome one. A burden on the Imperial administration, it consumes many resources to be kept quiet. And, in the opinion of the many, complete integration is still quite far. Knowing this, our friends in $FROM$ have formally asked us to give Syria to them, since they would be able to integrate it effortlessly due to cultural and linguistic ties. Though a bold proposal at first, it is actually quite obvious why they would think we'd accept it: for us, Syria is more trouble than it's worth, and, if we were to transfer it to $FROM$, we'd definitely gain their gratitude. So, the question goes, in essence, like this: would we like to continue the integration of Syria, no matter how long it takes, or instead transfer it to $FROM$ and solidify our alliance?;;;;;;;;;;;;
177028DESC;The University of $CAPITAL$ would unite the entire $COUNTRY_ADJ$ scientific community, helping our state to navigate the vast world of modern science. Though all sciences will be taught at the University, we can give some extra funding to whatever faculty we think is going to help us most. Which one shall we fund?;;;;;;;;;;;;
177029DESC;The new education system developed at the University of $CAPITAL$ turned out to be even more discriminating than expected. Instead of teaching two languages at the same time, - Aramaic and the native language of the stundent, - an effective program of completelely switching the education to Aramaic was designed, and parents were horrified to find their children return from school speaking Aramaic. Together with the popular anger, the anger of the intellectual elite grew: response of the (not very numerous) learned men was in the form of a quick codification of the small languages and dialects, and the propagation of nationalist ideas among the commoners. What our education reform has practially done is wake the national spirits of the people who hadn't developed one yet, creating a strong opposition to our rule and education efforts. But despite that, the education program will not stop - our efforts will continue no matter what.;;;;;;;;;;;;
177030DESC;'Every true Turki knows - the young Turki Nation shall resist the $COUNTRY_ADJ$ enroachment on our land!'\n- Propagandist leaflet found in $PROVINCENAME$\nDespite the efforts of the police, the Turki Nationalists have been successful in spreading their propaganda among the people of $PROVINCENAME$. This comes as a result of our discriminatory education policies, which put the existence of the Turki nation at risk. Now, however, the people of $STATE$ are inspired to boycott the public schools, instead organizing classes on their own.;;;;;;;;;;;;
177031DESC;The tribal structure of the Bedouin tribes and their disconnectedness from the Arabic-speaking population in the cities made impossible the feeling of national unity forming at the same time as in Europe. However, spreading literacy and enroachment on their customs (language and religion) quickly alienated the Arab population against us. Educated in Western universities, Arab nationalist thinkers sow unrest in our lands both from abroad and from within, and we cannot deny the effectiveness of their propaganda. It can be said with certainty that Arab nationalism has taken hold in our lands.;;;;;;;;;;;;
177032DESC;The Church of the East historically had a strong missionary tradition. The Church was always separated from the main concentrations of Christians, being situated in Persia and India, which made it quite adapted to surviving and spreading the faith in hostile lands. Most famously, Assyrian missionaries reached Central Asia, where they converted the local nomads, which eventually even influenced the Mongol court. Though nowadays these early conquests are gone, the efforts of the Church to maintain the faith in Persia allowed it to have a following in all of the country's corners. The Church of the East was, of course, forbidden from openly doing missionary work under the Sakarman Empire, but it nevertheless managed to maintain the tradition in the learning centers, practicing it in the remote parts of the Empire, such as Merv. With the $COUNTRY_ADJ$ conquests of the former Sakarman lands, this missionary tradition is experiencing a new golden age: living under Christian rule, the people are inclined to convert to Christianity not only for various material boons, but also because of spiritual reasons, such as the afromentioned fact of the political victories of our faith.;;;;;;;;;;;;
169039DESC;The mod doesn't have a singular point of divergence, but the general premise is: the Fourth Crusade is miraculously routed by Alexios II Komnenos, Eleanor of Aquitaine marries a prince of Toulouse instead of Normandy, causing the creation of Occitania later down the line, the Almohads win in Iberia due to the Christians having a harder time with the Cathars, Denmark invades and annexes England in the 12th century, and Bohemia stagnates as a senior partner of a PU with Poland, while contesting the Emperorship with Brabant. In the meanwhile, Russia and Lithuania deathwar endlessly.\nIn Asia, the Turks fleeing the resurgent Byzantium conquer and turkify Iran, along with destabilising the entire region, leading to a lot more chaos than usual. The Mughals die, replaced by the Afghan Sur Empire, which is killed by the Sakarmans, this universe's Ottomans (operating from Iran). The Marathas take their place. The Manchus fail miserably, allowing Shun to survive, but they collapse internally.\nThe lore is generally told through events and decisions, but if you want to learn the lore of certain regions in a more coherent way, you can do so using the options below.;;;;;;;;;;;;
169040DESC;In 1204, a miraculous victory by Alexios II Komnenos against the Latin armies in the Sea of Marmara routed the Fourth Crusade and secured the Komnenos' dynasty popularity for the time being. Alexios, being a capable ruler himself, soon was able to reconquer vast swathes of Anatolia from the Rum Sultanate, while his successors annexed the Second Bulgarian Empire in the following decades. A key consequence of the Byzantine pushback was a massive flight of Rumi Turkomans east, as they were presented with an ultimatum: adopt the Orthodox faith or leave. Dissatisfied Rumi Turkomans flooded the Kurdish and Persian lands, determined to seek fortune elsewhere. Some of them, under the influence of the first Yazidi sheikhs, converted to Yazidism - this greatly bolstered the Kurdish state, and, when the Mongol hordes came from the east, Sharfadin, the leader of the Yazidis, managed to secure some safety for the Yazidis thanks to the remoteness of his lands. Later, when the Ilkhanate was established, his son Zeynedin spread the Yazidi faith among the Turkomans of Eastern Anatolia and Zagros - the latter distabilized the Ilkhanate greatly, and after a disastrous war against the Byzantines and a succession crisis in the 1290s, the Ilkhanate was sent to the dustbin of history.;;;;;;;;;;;;
169041DESC;Shekh Mend, the son of Zeynedin, thus established the Sharfadin Shekhdom, or the Yazidi Empire, and thanks to Ayyubid patronage and political marriages with the eastern Turkomans and Mongols, the Kurds soon swept through Eastern Anatolia, reaching as far as Cappadocia, until being stopped by the Byzantines. By 1370, the Yazidis controlled most of Iraq, Eastern Anatolia, western foothills of Persia and were enroaching into Persia proper. By this time, the population of Western Persia was almost emtirely displaced by the Turkomans, who found the lands to be quite suitable for them. Their ancestors are what we call today Turki. Many Turkomans fled even further east, where they joined the ranks of Tamerlane, who invaded and devastated the Kurdish lands, ending the Yazidi Empire. Continuing west, Timur confined the Byzantine holdings in Anatolia to the Aegean, but his death in 1405 spilled the end of his Empire, as it was divided between his heirs and soon plunged into civil war. The Byzantines quickly reconquered the lost lands, gradually finising the process of Christianizing the Rumi Turkomans in the following centuries. Meanwhile, the Timurid remnants in Western Persia were overthrown by a certain Hasan Beg Sakaroglu, a member of the Baharlu tribe.;;;;;;;;;;;;
169042DESC;He won the power struggle between the Sunni and the Shia Turkomans by swaying the mainly Sunni tribes of the Zagros to his side in his fight against the Qizilbash. His state, initially centered in Tabriz, soon expanded outwards and picked up the remnants of the Timurids. Yet, after his victory against the Qizilbash, he did not seek to destroy them completely - instead, he reconciled with them and effectively brought an end to the religious conflicts that Iran had faced for centuries. The Sakarman Empire became the dominant force in Western Asia for centuries onwards, as Muslim scholars all across the Islamic world gathered at the Sakarman capital of Shiraz, where the court moved in the 16th century.;;;;;;;;;;;;
169043DESC;Timurid expansion in the Middle East brought an end to the Mamluk Sultanate of Egypt. Greatly devastated by the invasion, Egypt was left in a weak state following the end of the Timurid rule, which was quickly exploited by Ethiopia. A line of great Warrior Kings (Dawit II, Antsnaph Sagad I, Admas Sagad I and Malak Sagad I) destroyed the Muslim Adal Sultanate, reestablished Christian rule in Nubia and swept into Egypt in the middle of the 16th century. By the 1590s, Ethiopian armies began clashing with the Sakarmans, and their conflict in Western Mesopotamia would last for one and a half centuries, ending with Ethiopia's defeat in the 5th Ethiopian-Sakarman War in 1740. Overstreched, Ethiopian forces retreated south in an attempt to salvage something. The country fell into civil war shortly afterwards, and so, Assyria, Sham and Egypt fell to the Sakarmans, while Nubia declared neutrality. What almost brought an end to Ethiopia altogether was an invasion by the Somalis: all the way back in 1721, the Geledi clan couped the Silcis Sultanate, a client state of Ethiopia, and in 1762 they supported a massive uprising in Northern Somalia. A united Somali tribal confederation was barely stopped at the foothills of Ethiopia in a rare sight of cooperation during the Zemene Mesafint.;;;;;;;;;;;;
169044DESC;The Sakarman Empire owed its long existence to the fact that it managed to evade the Turkoman tradition of civil wars and partition upon succession. But internal strife was still what brought the Empire down. Destruction of the Sur Empire in India in 1639 gave the Sakarmans control over the rich Punjab, which they had to control using the already established Suri administration consisting of Pashtuns. While the Empire's attention was diverted towards wars in the west, the Pashtuns grew in power. Many former Suri statesmen were included in the administration, and the Pashtuns dominated the court. The Pashtuns proved to be loyal as long as their privileged position was respected, and irregular Pashtun regiments brought great success to the Sakarmans in the wars against the Greeks and Russians. But a decision by Suleiman IV in 1783 to attempt to dismantle the Pashtun autonomy proved to be mortal. Upon his death in 1799, a Pashtun-Qizilbash plot to overthrow the Sakarman Dynasty was launched in Shiraz - and it failed miserably.;;;;;;;;;;;;
169045DESC;The entirety of the Pashtun administration then revolted as the Pathani Confederation. It was immediately put on the backfoot, but the rugged terrain of Afghanistan slowed the Sakarman army's advance and gave time for revolts on the Sakarman periphery to rise, the first of which turned out to be the Assyrians. The Empire did not survive this crisis: the Pashtun Uprising, though itself succumbing to internal strife and soon fragmenting, brought the Sakarmans down with it. The new Sultan Murad III was overthrown by the Grand Vizier Benderli Ali Pasha, who established the Benderlid Dynasty. Ruling as Ali I, he faced an invasion by the Manghit Dynasty of Bukhara, of Uzbek-Mongol origin, who were the governors of the city during the Sakarman days. His son Ali II, ascending the throne in 1829, now deals with an invasion he is unlikely to repel, while Sakarman loyalists rise up in Fars.;;;;;;;;;;;;
169046DESC;In the early 13th century, the Greeks started pushing the Turks back, which led to a migration of them east. When the Mongols came in the 1250s, they were met with stiff resistance from the young Yazidi faith and its leader Sharfadin, because Yazidi numbers were greatly bolstered by the dissatisfied Turks. Despite that, the Yazidi movement was still small, but through wit and his uncle's marriage to a Mongol Sharfadin managed to secure some safety for the Yazidis. The increasing number of fleeing Turks caused a great deal of instability in the Ilkhanate, and after a failed military campaign against the Byzantines and a succession crisis, the Ilkhanate fell apart in the 1290s. The Yazidi faith then spread among the Turks thanks to the efforts of Zeynedin, the son of Sharfadin, who was on friendly terms with Islam. He passed the rulership to Shekh Mend, who expanded the domain under Ayyubid patronage, uniting a large number of Kurds and Turks. This is considered the founding point of the Sharfadin Shekhdom, also known as the Yazidi Empire.;;;;;;;;;;;;
169047DESC;The Empire operated as a group of families, divided in three lineages: Shemsani, Adani and the Qatani, each of whom were in one way or another relatives and the members of whom were Yazidi saints or holy beings. Through marrying their children into the eastern neigboring Turks and Mongols, the Kurds secured their own safety and swept into Eastern Anatolia, using the converted Turks. They soon united the Kurds and reached as far as Cappadocia, where they were stopped by the Byzantines.\nLarge religious conversion efforts were made, with the Yazidi faith spreading far and wide. By 1370, the Yazidis controlled most of Iraq, Eastern Anatolia, pieces of Persia and were enroaching into Persia proper. Their expansion was stopped by Timur, who invaded and devastated their lands, forcing the Empire's remnants to flee to Anatolia, where they successfully defended themselves against the Byzantines, though eventually succumbing to their neighbours in the 1430s.;;;;;;;;;;;;
182000DESC;The Caucasus is a diverse land, and though the political unification of it is a great feat already, the fact that the region is split between Christians and Muslims is going to make integration difficult.;;;;;;;;;;;;
132016TITLE;Štiavnica Mines Dry Up;;;;;;;;;;;;
132016DESC;The abundant silver deposits located in the Štiavnica Mountains, formed in a caldera of an ancient volcano, from Antiquity have provided large quantities of ore. Unfortunately, the mines losing their significance since the Late Middle Ages, and nowadays the silver mining in Štiavnica can finally be considered to be completely phased out by endeavours more profitable.;;;;;;;;;;;;
177033DESC;text;;;;;;;;;;;;
177034DESC;The flight of the Turks east in the 13th century following Greek victories was a God's blessing to the young Yazidi faith, as many Turks joined the ranks of the Yazidis and later allowed for Shekh Sharfadin to successfully resist the Mongols, striking a deal for autonomy with them. The Mongol yoke subsided in 1290, which propelled Yazidism to be one of Western Iran's principal religions. Through the efforts of Shekhs Zeynedin and Mend, the domain expanded under Ayyubid patronage, thus creating the Sharfadin Shekhdom, also known as the Yazidi Empire. In the 14th century Yazidi forces swept into Eastern Anatolia, reaching as far as Cappadocia, where they were stopped by the Greeks. By 1370, the Yazidis controlled most of Iraq, Eastern Anatolia, Western Iran and were enroaching into Iran proper.\nBut these are but glories of ages past, of no practical importance today. And yet, the memory of the Empire lives on in the hearts and minds of the people - they know that one day, we will reclaim what was lost.;;;;;;;;;;;;
178056DESC;King Mahmoud I Muhsinid passed away of a sudden illness last night. He was a pretty uncontroversial figure, ascending the throne in 1832 after the death of his father Muhsin I and leading Egypt through a time of troubles after a period of stabilization during his father's last years. He will be remembered for starting a modernization program, through which he reformed Egypt's out-of-date institutions and laid the foundation for a modern Egyptian state.\nHe will be succeeded by his brother Muhsin II. While he was never a figure public enough for his beliefs to be well-known, it is expected that he will be notably more conservative than his late brother.;;;;;;;;;;;;
178057DESC;Muhsin II has been declared dead in a hospital in Cairo today at 8.35 AM. The last King and the first Sultan of Egypt, he became the leader of the conservative movement in the country, solidifying the status of the Egyptian monarchy.\nHis son Yunis will be the next Sultan, and he is in some ways very much unlike his father. He was educated by Occitan Arabist Jausèp Van Coppenòlle, who, coincidentally, was a strong believer in the nationalist theory. Young Yunis thus grew up to be a conservative, yet a Pan-Arabist. The rule of Yunis I is sure to bring changes to Egypt.;;;;;;;;;;;;
178059DESC;Sultan Yunis I has a grand vision: one of Arab unity. Egypt currently controls some very important Arab lands, but it lacks Iraq. Without it, no Arab union could be legitimate. Should we declare our intent to liberate Iraq?;;;;;;;;;;;;
